[2026-08-09 16:01:51.5612732] Console created
[2026-08-09 16:01:51.5665411] UE4SS - v3.0.1 Beta #0 - Git SHA #c838a8ac
[2026-08-09 16:01:51.5665852] Timezone: Asia/Shanghai
[2026-08-09 16:01:51.5666056] UE4SS Build Configuration: Game__Shipping__Win64 (MSVC)
[2026-08-09 16:01:51.5686141] Setting up mods...
[2026-08-09 16:01:51.5686657] Loading mods from: E:\steam\steamapps\common\Palworld\Mods\NativeMods\UE4SS\Mods
[2026-08-09 16:01:51.5794210] Starting mods (from mods.txt (E:\steam\steamapps\common\Palworld\Mods\NativeMods\UE4SS\Mods\mods.txt) load order)...
[2026-08-09 16:01:51.5798392] Mod 'PalSchema' disabled in mods.txt.
[2026-08-09 16:01:51.5798776] Mod 'StutterFixPack' disabled in mods.txt.
[2026-08-09 16:01:51.5798989] Starting C++ mod 'InventoryMenuOptimizer'
[2026-08-09 16:01:51.5801889] Starting mods (from enabled.txt (E:\steam\steamapps\common\Palworld\Mods\NativeMods\UE4SS\Mods), no defined load order)...
[2026-08-09 16:01:51.5805797] No specific game configuration found, using default configuration file
[2026-08-09 16:01:51.5806066] Config: E:\steam\steamapps\common\Palworld\Mods\NativeMods\UE4SS\UE4SS-settings.ini

[2026-08-09 16:01:51.5806228] root directory: E:\steam\steamapps\common\Palworld\Mods\NativeMods\UE4SS
[2026-08-09 16:01:51.5806381] working directory: E:\steam\steamapps\common\Palworld\Mods\NativeMods\UE4SS
[2026-08-09 16:01:51.5806531] game executable directory: E:\steam\steamapps\common\Palworld\Pal\Binaries\Win64
[2026-08-09 16:01:51.5806762] game executable: E:\steam\steamapps\common\Palworld\Pal\Binaries\Win64\Palworld-Win64-Shipping.exe (161359872 bytes)


[2026-08-09 16:01:51.5806909] mods directories: 
[2026-08-09 16:01:51.5807060] [0] E:\steam\steamapps\common\Palworld\Mods\NativeMods\UE4SS\Mods
[2026-08-09 16:01:51.5807206] 
[2026-08-09 16:01:51.5807354] log directory: E:\steam\steamapps\common\Palworld\Mods\NativeMods\UE4SS
[2026-08-09 16:01:51.5807504] object dumper directory: E:\steam\steamapps\common\Palworld\Mods\NativeMods\UE4SS


[2026-08-09 16:01:51.5894686] MemberVariableLayout.ini loaded
[2026-08-09 16:01:51.5895398] 
##### MEMBER OFFSETS START (MemberVariableLayout) #####

[2026-08-09 16:01:51.5895603] UObjectBase::CustomTimeDilation = 0x64
[2026-08-09 16:01:51.5895802] UObjectBase::NamePrivate = 0x18
[2026-08-09 16:01:51.5895954] UObjectBase::ObjectFlags = 0x8
[2026-08-09 16:01:51.5896107] UObjectBase::World = 0x78
[2026-08-09 16:01:51.5896254] UObjectBase::ActiveSplitscreenType = 0x70
[2026-08-09 16:01:51.5896401] UObjectBase::ViewportConsole = 0x40
[2026-08-09 16:01:51.5896546] UObjectBase::bUseSoftwareCursorWidgets = 0x250
[2026-08-09 16:01:51.5896689] UObjectBase::ClassPrivate = 0x10
[2026-08-09 16:01:51.5896832] UObjectBase::bNetLoadOnClient = 0x59
[2026-08-09 16:01:51.5896977] UObjectBase::InternalIndex_Private = 0xC
[2026-08-09 16:01:51.5897124] UObjectBase::bDisableSplitScreenOverride = 0x398
[2026-08-09 16:01:51.5897269] UObjectBase::Window = 0x100
[2026-08-09 16:01:51.5897411] UObjectBase::OuterPrivate = 0x20
[2026-08-09 16:01:51.5897555] UObjectBase::bAlwaysRelevant = 0x58
[2026-08-09 16:01:51.5897698] UObjectBase::HardwareCursorCache = 0x160
[2026-08-09 16:01:51.5897842] UObjectBase::DebugProperties = 0x48
[2026-08-09 16:01:51.5897984] UObjectBase::bHidden = 0x58
[2026-08-09 16:01:51.5898127] UObjectBase::CurrentBufferVisualizationMode = 0x130
[2026-08-09 16:01:51.5898274] UObjectBase::UEP_TotalSize = 0x28
[2026-08-09 16:01:51.5898425] UObjectBase::RemoteRole = 0x68
[2026-08-09 16:01:51.5898570] UObjectBase::SplitscreenInfo = 0x58
[2026-08-09 16:01:51.5898716] UObjectBase::OnEndPlay = 0x1DF
[2026-08-09 16:01:51.5898863] UObjectBase::bHasAudioFocus = 0xFC
[2026-08-09 16:01:51.5899014] UObjectBase::ViewportOverlayWidget = 0x110
[2026-08-09 16:01:51.5899160] UObjectBase::MaxSplitscreenPlayers = 0x68
[2026-08-09 16:01:51.5899311] UObjectBase::ActorHasBegunPlay = 0x5D
[2026-08-09 16:01:51.5899456] UObjectBase::bNetTemporary = 0x58
[2026-08-09 16:01:51.5899602] UObjectBase::bShowTitleSafeZone = 0x6C
[2026-08-09 16:01:51.5899746] UObjectBase::bIsPlayInEditorViewport = 0x6C
[2026-08-09 16:01:51.5900471] UObjectBase::bDisableWorldRendering = 0x6C
[2026-08-09 16:01:51.5900660] UObjectBase::bTearOff = 0x59
[2026-08-09 16:01:51.5900807] UObjectBase::CurrentLumenVisualizationMode = 0x140
[2026-08-09 16:01:51.5900954] UObjectBase::bSuppressTransitionMessage = 0x88
[2026-08-09 16:01:51.5901099] UObjectBase::bReplicateMovement = 0x58
[2026-08-09 16:01:51.5901245] UObjectBase::ViewModeIndex = 0xB0
[2026-08-09 16:01:51.5901395] UObjectBase::bNetUseOwnerRelevancy = 0x59
[2026-08-09 16:01:51.5901540] UObjectBase::AutoReceiveInput = 0x153
[2026-08-09 16:01:51.5901681] UObjectBase::EngineShowFlags = 0xB8
[2026-08-09 16:01:51.5901822] UObjectBase::Viewport = 0xE8
[2026-08-09 16:01:51.5901963] UObjectBase::MouseLockMode = 0x39C
[2026-08-09 16:01:51.5902109] UObjectBase::ViewportFrame = 0xF0
[2026-08-09 16:01:51.5902251] UObjectBase::bReplicates = 0x5B
[2026-08-09 16:01:51.5902453] UObjectBase::GameLayerManagerPtr = 0x120
[2026-08-09 16:01:51.5902610] UObjectBase::HighResScreenshotDialog = 0x150
[2026-08-09 16:01:51.5902757] UObjectBase::CursorWidgets = 0x200
[2026-08-09 16:01:51.5902898] UObjectBase::StatUnitData = 0x388
[2026-08-09 16:01:51.5903039] UObjectBase::OnBeginCursorOver = 0x1D5
[2026-08-09 16:01:51.5903182] UObjectBase::StatHitchesData = 0x390
[2026-08-09 16:01:51.5903326] UObjectBase::bIgnoreInput = 0x399
[2026-08-09 16:01:51.5903470] UObjectBase::bRunningUserConstructionScript = 0x5C
[2026-08-09 16:01:51.5903617] UObjectBase::MouseCaptureMode = 0x39A
[2026-08-09 16:01:51.5903762] UObjectBase::bHideCursorDuringCapture = 0x39B
[2026-08-09 16:01:51.5903903] UObjectBase::AudioDeviceHandle = 0xF8
[2026-08-09 16:01:51.5904046] UObjectBase::HardwareCursors = 0x1B0
[2026-08-09 16:01:51.5904189] UObjectBase::bIsMouseOverClient = 0x39D
[2026-08-09 16:01:51.5904333] UObjectBase::bActorEnableCollision = 0x5C
[2026-08-09 16:01:51.5904479] UObjectBase::CurrentNaniteVisualizationMode = 0x138
[2026-08-09 16:01:51.5904624] UObjectBase::CurrentVirtualShadowMapVisualizationMode = 0x148
[2026-08-09 16:01:51.5904768] UObjectBase::PrimaryActorTick = 0x28
[2026-08-09 16:01:51.5904911] UObjectBase::bActorIsBeingConstructed = 0x5D
[2026-08-09 16:01:51.5905052] UObjectBase::bNetStartup = 0x58
[2026-08-09 16:01:51.5905193] UObjectBase::bOnlyRelevantToOwner = 0x58
[2026-08-09 16:01:51.5905333] UObjectBase::bExchangedRoles = 0x59
[2026-08-09 16:01:51.5905475] UObjectBase::bBlockInput = 0x5A
[2026-08-09 16:01:51.5905616] UObjectBase::bHasFinishedSpawning = 0x5C
[2026-08-09 16:01:51.5905756] UObjectBase::Owner = 0x140
[2026-08-09 16:01:51.5905898] UObjectBase::ReplicatedMovement = 0xD0
[2026-08-09 16:01:51.5906040] UObjectBase::bHasDeferredComponentRegistration = 0x5C
[2026-08-09 16:01:51.5906183] UObjectBase::AttachmentReplication = 0x70
[2026-08-09 16:01:51.5906327] UObjectBase::Role = 0x150
[2026-08-09 16:01:51.5906469] UObjectBase::NetDriverName = 0x148
[2026-08-09 16:01:51.5906609] UObjectBase::NetDormancy = 0x151
[2026-08-09 16:01:51.5906751] UObjectBase::bForceNetAddressable = 0x59
[2026-08-09 16:01:51.5906892] UObjectBase::InputPriority = 0x154
[2026-08-09 16:01:51.5907033] UObjectBase::InputComponent = 0x160
[2026-08-09 16:01:51.5907175] UObjectBase::NetCullDistanceSquared = 0x168
[2026-08-09 16:01:51.5907316] UObjectBase::NetTag = 0x16C
[2026-08-09 16:01:51.5907457] UObjectBase::NetUpdateFrequency = 0x170
[2026-08-09 16:01:51.5907598] UObjectBase::NetPriority = 0x178
[2026-08-09 16:01:51.5907739] UObjectBase::bAutoDestroyWhenFinished = 0x5A
[2026-08-09 16:01:51.5907881] UObjectBase::bCanBeDamaged = 0x5A
[2026-08-09 16:01:51.5908021] UObjectBase::bActorIsBeingDestroyed = 0x5D
[2026-08-09 16:01:51.5908163] UObjectBase::bCollideWhenPlacing = 0x5A
[2026-08-09 16:01:51.5908306] UObjectBase::bFindCameraComponentWhenViewTarget = 0x5A
[2026-08-09 16:01:51.5908449] UObjectBase::bRelevantForNetworkReplays = 0x59
[2026-08-09 16:01:51.5908650] UObjectBase::SpawnCollisionHandlingMethod = 0x152
[2026-08-09 16:01:51.5908793] UObjectBase::CreationTime = 0x158
[2026-08-09 16:01:51.5908935] UObjectBase::Children = 0x188
[2026-08-09 16:01:51.5909076] UObjectBase::RootComponent = 0x198
[2026-08-09 16:01:51.5909233] UObjectBase::InitialLifeSpan = 0x60
[2026-08-09 16:01:51.5909381] UObjectBase::TimerHandle_LifeSpanExpired = 0x1A0
[2026-08-09 16:01:51.5909526] UObjectBase::bAllowReceiveTickEventOnDedicatedServer = 0x5B
[2026-08-09 16:01:51.5909667] UObjectBase::Layers = 0x1A8
[2026-08-09 16:01:51.5909808] UObjectBase::bActorInitialized = 0x5C
[2026-08-09 16:01:51.5909949] UObjectBase::bActorSeamlessTraveled = 0x5B
[2026-08-09 16:01:51.5910090] UObjectBase::bIgnoresOriginShifting = 0x5A
[2026-08-09 16:01:51.5910231] UObjectBase::bHasRegisteredAllComponents = 0x5C
[2026-08-09 16:01:51.5910374] UObjectBase::bEnableAutoLODGeneration = 0x5B
[2026-08-09 16:01:51.5910514] UObjectBase::Tags = 0x1C0
[2026-08-09 16:01:51.5910655] UObjectBase::OnTakeAnyDamage = 0x1D0
[2026-08-09 16:01:51.5910796] UObjectBase::OnTakePointDamage = 0x1D1
[2026-08-09 16:01:51.5910936] UObjectBase::OnActorBeginOverlap = 0x1D3
[2026-08-09 16:01:51.5911077] UObjectBase::OnActorEndOverlap = 0x1D4
[2026-08-09 16:01:51.5911217] UObjectBase::OnEndCursorOver = 0x1D6
[2026-08-09 16:01:51.5911358] UObjectBase::OnClicked = 0x1D7
[2026-08-09 16:01:51.5911499] UObjectBase::OnReleased = 0x1D8
[2026-08-09 16:01:51.5911640] UObjectBase::OnInputTouchBegin = 0x1D9
[2026-08-09 16:01:51.5911781] UObjectBase::OnInputTouchEnd = 0x1DA
[2026-08-09 16:01:51.5911923] UObjectBase::OnInputTouchEnter = 0x1DB
[2026-08-09 16:01:51.5912064] UObjectBase::OnInputTouchLeave = 0x1DC
[2026-08-09 16:01:51.5912204] UObjectBase::OnActorHit = 0x1DD
[2026-08-09 16:01:51.5912345] UObjectBase::OnDestroyed = 0x1DE
[2026-08-09 16:01:51.5912486] UObjectBase::DetachFence = 0x280
[2026-08-09 16:01:51.5912627] UObjectBase::bAllowTickBeforeBeginPlay = 0x5A
[2026-08-09 16:01:51.5912768] UObjectBase::bTickFunctionsRegistered = 0x5C
[2026-08-09 16:01:51.5912910] UObjectBase::bNetCheckedInitialPhysicsState = 0x5B
[2026-08-09 16:01:51.5913053] UObjectBase::ParentComponent = 0x1B8
[2026-08-09 16:01:51.5913194] UObjectBase::MinNetUpdateFrequency = 0x174
[2026-08-09 16:01:51.5913335] UObjectBase::bGenerateOverlapEventsDuringLevelStreaming = 0x5A
[2026-08-09 16:01:51.5913477] UObjectBase::bCanBeInCluster = 0x5B
[2026-08-09 16:01:51.5913618] UObjectBase::bReplayRewindable = 0x59
[2026-08-09 16:01:51.5913760] UObjectBase::bIsEditorOnlyActor = 0x5B
[2026-08-09 16:01:51.5913902] UObjectBase::bActorWantsDestroyDuringBeginPlay = 0x5D
[2026-08-09 16:01:51.5914043] UObjectBase::OnTakeRadialDamage = 0x1D2
[2026-08-09 16:01:51.5914184] UObjectBase::bRelevantForLevelBounds = 0x59
[2026-08-09 16:01:51.5914326] UObjectBase::LastRenderTime = 0x17C
[2026-08-09 16:01:51.5914469] UObjectBase::bActorBeginningPlayFromLevelStreaming = 0x5C
[2026-08-09 16:01:51.5914611] UObjectBase::UpdateOverlapsMethodDuringLevelStreaming = 0x5E
[2026-08-09 16:01:51.5914754] UObjectBase::DefaultUpdateOverlapsMethodDuringLevelStreaming = 0x5F
[2026-08-09 16:01:51.5914897] UObjectBase::bCallPreReplication = 0x58
[2026-08-09 16:01:51.5915038] UObjectBase::bCallPreReplicationForReplay = 0x58
[2026-08-09 16:01:51.5915181] UObjectBase::RayTracingGroupId = 0x6C
[2026-08-09 16:01:51.5915322] UObjectBase::bReplicateUsingRegisteredSubObjectList = 0x5B
[2026-08-09 16:01:51.5915465] UObjectBase::bAsyncPhysicsTickEnabled = 0x5D
[2026-08-09 16:01:51.5915606] UObjectBase::ReplicatedSubObjects = 0x1E0
[2026-08-09 16:01:51.5915748] UObjectBase::ReplicatedComponentsInfo = 0x1F0
[2026-08-09 16:01:51.5915893] UScriptStruct::ICppStructOps::Size = 0x8
[2026-08-09 16:01:51.5916034] UScriptStruct::ICppStructOps::Alignment = 0xC
[2026-08-09 16:01:51.5916176] UScriptStruct::ICppStructOps::UEP_TotalSize = 0x10
[2026-08-09 16:01:51.5916321] UStruct::SuperStruct = 0x40
[2026-08-09 16:01:51.5916462] UStruct::DestructorLink = 0x80
[2026-08-09 16:01:51.5916604] UStruct::Children = 0x48
[2026-08-09 16:01:51.5916746] UStruct::PropertiesSize = 0x58
[2026-08-09 16:01:51.5916888] UStruct::UnresolvedScriptProperties = 0xA0
[2026-08-09 16:01:51.5917028] UStruct::MinAlignment = 0x5C
[2026-08-09 16:01:51.5917170] UStruct::PropertyLink = 0x70
[2026-08-09 16:01:51.5917361] UStruct::Script = 0x60
[2026-08-09 16:01:51.5917514] UStruct::RefLink = 0x78
[2026-08-09 16:01:51.5917657] UStruct::PostConstructLink = 0x88
[2026-08-09 16:01:51.5917798] UStruct::ChildProperties = 0x50
[2026-08-09 16:01:51.5917940] UStruct::ScriptAndPropertyObjectReferences = 0x90
[2026-08-09 16:01:51.5918082] UStruct::UEP_TotalSize = 0xB0
[2026-08-09 16:01:51.5918224] UScriptStruct::UEP_TotalSize = 0xC0
[2026-08-09 16:01:51.5918365] UScriptStruct::CppStructOps = 0xB8
[2026-08-09 16:01:51.5918506] UScriptStruct::StructFlags = 0xB0
[2026-08-09 16:01:51.5918647] UScriptStruct::bPrepareCppStructOpsCompleted = 0xB4
[2026-08-09 16:01:51.5918824] UClass::ClassConstructor = 0xB0
[2026-08-09 16:01:51.5918966] UClass::ClassVTableHelperCtorCaller = 0xB8
[2026-08-09 16:01:51.5919107] UClass::ClassUnique = 0xC8
[2026-08-09 16:01:51.5919249] UClass::ClassFlags = 0xD4
[2026-08-09 16:01:51.5919390] UClass::ClassCastFlags = 0xD8
[2026-08-09 16:01:51.5919531] UClass::ClassConfigName = 0xE8
[2026-08-09 16:01:51.5919672] UClass::bCooked = 0xD0
[2026-08-09 16:01:51.5919813] UClass::bLayoutChanging = 0xD1
[2026-08-09 16:01:51.5919953] UClass::ClassWithin = 0xE0
[2026-08-09 16:01:51.5920095] UClass::NetFields = 0x100
[2026-08-09 16:01:51.5920235] UClass::ClassDefaultObject = 0x110
[2026-08-09 16:01:51.5920378] UClass::FuncMap = 0x128
[2026-08-09 16:01:51.5920518] UClass::Interfaces = 0x1D0
[2026-08-09 16:01:51.5920659] UClass::FirstOwnedClassRep = 0xCC
[2026-08-09 16:01:51.5920800] UClass::ReferenceTokenStream = 0x1E0
[2026-08-09 16:01:51.5920941] UClass::NativeFunctionLookupTable = 0x220
[2026-08-09 16:01:51.5921082] UClass::SuperFuncMap = 0x178
[2026-08-09 16:01:51.5921223] UClass::SparseClassData = 0x118
[2026-08-09 16:01:51.5921364] UClass::SparseClassDataStruct = 0x120
[2026-08-09 16:01:51.5921505] UClass::UEP_TotalSize = 0x230
[2026-08-09 16:01:51.5921648] UEnum::CppType = 0x30
[2026-08-09 16:01:51.5921789] UEnum::EnumFlags_Internal = 0x5C
[2026-08-09 16:01:51.5921930] UEnum::Names = 0x48
[2026-08-09 16:01:51.5922070] UEnum::CppForm = 0x58
[2026-08-09 16:01:51.5922210] UEnum::EnumDisplayNameFn = 0x60
[2026-08-09 16:01:51.5922351] UEnum::EnumPackage = 0x68
[2026-08-09 16:01:51.5922491] UEnum::UEP_TotalSize = 0x70
[2026-08-09 16:01:51.5922633] UFunction::FunctionFlags = 0xB0
[2026-08-09 16:01:51.5922774] UFunction::NumParms = 0xB4
[2026-08-09 16:01:51.5922914] UFunction::ParmsSize = 0xB6
[2026-08-09 16:01:51.5923057] UFunction::FirstPropertyToInit = 0xC0
[2026-08-09 16:01:51.5923198] UFunction::RPCId = 0xBA
[2026-08-09 16:01:51.5923338] UFunction::ReturnValueOffset = 0xB8
[2026-08-09 16:01:51.5923480] UFunction::RPCResponseId = 0xBC
[2026-08-09 16:01:51.5923621] UFunction::EventGraphFunction = 0xC8
[2026-08-09 16:01:51.5923763] UFunction::EventGraphCallOffset = 0xD0
[2026-08-09 16:01:51.5923905] UFunction::Func = 0xD8
[2026-08-09 16:01:51.5924046] UFunction::UEP_TotalSize = 0xE0
[2026-08-09 16:01:51.5924193] UField::Next = 0x28
[2026-08-09 16:01:51.5924334] UField::UEP_TotalSize = 0x30
[2026-08-09 16:01:51.5924476] FField::ClassPrivate = 0x8
[2026-08-09 16:01:51.5924617] FField::Owner = 0x10
[2026-08-09 16:01:51.5924758] FField::Next = 0x20
[2026-08-09 16:01:51.5924897] FField::FlagsPrivate = 0x30
[2026-08-09 16:01:51.5925038] FField::NamePrivate = 0x28
[2026-08-09 16:01:51.5925179] FField::UEP_TotalSize = 0x38
[2026-08-09 16:01:51.5925320] FProperty::RepIndex = 0x48
[2026-08-09 16:01:51.5925489] FProperty::ArrayDim = 0x38
[2026-08-09 16:01:51.5925629] FProperty::ElementSize = 0x3C
[2026-08-09 16:01:51.5925771] FProperty::PropertyLinkNext = 0x58
[2026-08-09 16:01:51.5925912] FProperty::PropertyFlags = 0x40
[2026-08-09 16:01:51.5926053] FProperty::RepNotifyFunc = 0x50
[2026-08-09 16:01:51.5926195] FProperty::Offset_Internal = 0x4C
[2026-08-09 16:01:51.5926335] FProperty::NextRef = 0x60
[2026-08-09 16:01:51.5926476] FProperty::DestructorLinkNext = 0x68
[2026-08-09 16:01:51.5926618] FProperty::PostConstructLinkNext = 0x70
[2026-08-09 16:01:51.5926759] FProperty::UEP_TotalSize = 0x78
[2026-08-09 16:01:51.5927138] FNumericProperty::RepIndex = 0x48
[2026-08-09 16:01:51.5927295] FNumericProperty::ArrayDim = 0x38
[2026-08-09 16:01:51.5927436] FNumericProperty::ElementSize = 0x3C
[2026-08-09 16:01:51.5927578] FNumericProperty::PropertyLinkNext = 0x58
[2026-08-09 16:01:51.5927719] FNumericProperty::PropertyFlags = 0x40
[2026-08-09 16:01:51.5927860] FNumericProperty::RepNotifyFunc = 0x50
[2026-08-09 16:01:51.5928000] FNumericProperty::Offset_Internal = 0x4C
[2026-08-09 16:01:51.5928141] FNumericProperty::NextRef = 0x60
[2026-08-09 16:01:51.5928281] FNumericProperty::DestructorLinkNext = 0x68
[2026-08-09 16:01:51.5928422] FNumericProperty::PostConstructLinkNext = 0x70
[2026-08-09 16:01:51.5928605] FNumericProperty::UEP_TotalSize = 0x78
[2026-08-09 16:01:51.5928748] FObjectPropertyBase::PropertyClass = 0x78
[2026-08-09 16:01:51.5928890] FObjectPropertyBase::UEP_TotalSize = 0x80
[2026-08-09 16:01:51.5929032] FStructProperty::Struct = 0x78
[2026-08-09 16:01:51.5929173] FStructProperty::UEP_TotalSize = 0x80
[2026-08-09 16:01:51.5929318] FArrayProperty::ArrayFlags = 0x80
[2026-08-09 16:01:51.5929458] FArrayProperty::Inner = 0x78
[2026-08-09 16:01:51.5929599] FArrayProperty::UEP_TotalSize = 0x88
[2026-08-09 16:01:51.5929740] FMapProperty::KeyProp = 0x78
[2026-08-09 16:01:51.5929881] FMapProperty::MapLayout = 0x88
[2026-08-09 16:01:51.5930021] FMapProperty::ValueProp = 0x80
[2026-08-09 16:01:51.5930162] FMapProperty::MapFlags = 0xA0
[2026-08-09 16:01:51.5930303] FMapProperty::UEP_TotalSize = 0xA8
[2026-08-09 16:01:51.5930445] FSetProperty::ElementProp = 0x78
[2026-08-09 16:01:51.5930586] FSetProperty::UEP_TotalSize = 0x98
[2026-08-09 16:01:51.5930726] FSetProperty::SetLayout = 0x80
[2026-08-09 16:01:51.5930868] FBoolProperty::ByteOffset = 0x79
[2026-08-09 16:01:51.5931009] FBoolProperty::FieldSize = 0x78
[2026-08-09 16:01:51.5931150] FBoolProperty::FieldMask = 0x7B
[2026-08-09 16:01:51.5931292] FBoolProperty::ByteMask = 0x7A
[2026-08-09 16:01:51.5931432] FBoolProperty::UEP_TotalSize = 0x80
[2026-08-09 16:01:51.5931575] FByteProperty::Enum = 0x78
[2026-08-09 16:01:51.5931756] FByteProperty::UEP_TotalSize = 0x80
[2026-08-09 16:01:51.5931898] FEnumProperty::UEP_TotalSize = 0x88
[2026-08-09 16:01:51.5932042] FEnumProperty::UnderlyingProp = 0x78
[2026-08-09 16:01:51.5932185] FEnumProperty::Enum = 0x80
[2026-08-09 16:01:51.5932327] FClassProperty::MetaClass = 0x80
[2026-08-09 16:01:51.5932469] FClassProperty::UEP_TotalSize = 0x88
[2026-08-09 16:01:51.5932612] FSoftClassProperty::MetaClass = 0x80
[2026-08-09 16:01:51.5932755] FSoftClassProperty::UEP_TotalSize = 0x88
[2026-08-09 16:01:51.5932897] FDelegateProperty::SignatureFunction = 0x78
[2026-08-09 16:01:51.5933038] FDelegateProperty::UEP_TotalSize = 0x80
[2026-08-09 16:01:51.5933200] FMulticastDelegateProperty::SignatureFunction = 0x78
[2026-08-09 16:01:51.5933375] FMulticastDelegateProperty::UEP_TotalSize = 0x80
[2026-08-09 16:01:51.5933517] FInterfaceProperty::InterfaceClass = 0x78
[2026-08-09 16:01:51.5933658] FInterfaceProperty::UEP_TotalSize = 0x80
[2026-08-09 16:01:51.5933801] FFieldPathProperty::PropertyClass = 0x78
[2026-08-09 16:01:51.5933943] FFieldPathProperty::UEP_TotalSize = 0x80
[2026-08-09 16:01:51.5934085] FWorldContext::ThisCurrentWorld = 0x2C0
[2026-08-09 16:01:51.5934227] FWorldContext::ExternalReferences = 0x2B0
[2026-08-09 16:01:51.5934369] FWorldContext::LastRemoteURL = 0x128
[2026-08-09 16:01:51.5934511] FWorldContext::ContextHandle = 0xA0
[2026-08-09 16:01:51.5934653] FWorldContext::PendingMapChangeFailureDescription = 0x1C8
[2026-08-09 16:01:51.5934796] FWorldContext::TravelURL = 0xA8
[2026-08-09 16:01:51.5934938] FWorldContext::TravelType = 0xB8
[2026-08-09 16:01:51.5935081] FWorldContext::LastURL = 0xC0
[2026-08-09 16:01:51.5935229] FWorldContext::LevelsToLoadForPendingMapChange = 0x1A8
[2026-08-09 16:01:51.5935372] FWorldContext::GarbageObjectsToVerify = 0x260
[2026-08-09 16:01:51.5935515] FWorldContext::bShouldCommitPendingMapChange = 0x1D8
[2026-08-09 16:01:51.5935658] FWorldContext::GameViewport = 0x200
[2026-08-09 16:01:51.5935799] FWorldContext::PIEInstance = 0x220
[2026-08-09 16:01:51.5935951] FWorldContext::PIEFixedTickSeconds = 0x258
[2026-08-09 16:01:51.5936096] FWorldContext::PIEPrefix = 0x228
[2026-08-09 16:01:51.5936238] FWorldContext::RunAsDedicated = 0x23C
[2026-08-09 16:01:51.5936381] FWorldContext::bWaitingOnOnlineSubsystem = 0x23D
[2026-08-09 16:01:51.5936523] FWorldContext::CustomDescription = 0x248
[2026-08-09 16:01:51.5936665] FWorldContext::AudioDeviceID = 0x240
[2026-08-09 16:01:51.5936806] FWorldContext::PIEAccumulatedTickSeconds = 0x25C
[2026-08-09 16:01:51.5936947] FWorldContext::bIsPrimaryPIEInstance = 0x23E
[2026-08-09 16:01:51.5937094] FWorldContext::UEP_TotalSize = 0x2C8
[2026-08-09 16:01:51.5937236] FOutputDevice::bSuppressEventTag = 0x8
[2026-08-09 16:01:51.5937378] FOutputDevice::bAutoEmitLineTerminator = 0x9
[2026-08-09 16:01:51.5937520] FOutputDevice::UEP_TotalSize = 0x10
[2026-08-09 16:01:51.5937664] FArchiveState::ArIsTextFormat = 0x28
[2026-08-09 16:01:51.5937805] FArchiveState::ArIsLoading = 0x28
[2026-08-09 16:01:51.5937947] FArchiveState::ArPortFlags = 0x30
[2026-08-09 16:01:51.5938088] FArchiveState::ArIsTransacting = 0x28
[2026-08-09 16:01:51.5938229] FArchiveState::ArIsSaving = 0x28
[2026-08-09 16:01:51.5938370] FArchiveState::ArForceUnicode = 0x28
[2026-08-09 16:01:51.5938513] FArchiveState::ArIsModifyingWeakAndStrongReferences = 0x2B
[2026-08-09 16:01:51.5938655] FArchiveState::ArUseUnversionedPropertySerialization = 0x28
[2026-08-09 16:01:51.5938798] FArchiveState::ArWantBinaryPropertySerialization = 0x28
[2026-08-09 16:01:51.5938940] FArchiveState::ArIsObjectReferenceCollector = 0x2A
[2026-08-09 16:01:51.5939081] FArchiveState::ArIsPersistent = 0x29
[2026-08-09 16:01:51.5939221] FArchiveState::ArForceByteSwapping = 0x29
[2026-08-09 16:01:51.5939363] FArchiveState::ArIsError = 0x29
[2026-08-09 16:01:51.5939506] FArchiveState::ArUEVer = 0x40
[2026-08-09 16:01:51.5939648] FArchiveState::ArIsCriticalError = 0x29
[2026-08-09 16:01:51.5939790] FArchiveState::ArCustomPropertyList = 0x68
[2026-08-09 16:01:51.5939931] FArchiveState::ArContainsCode = 0x29
[2026-08-09 16:01:51.5940072] FArchiveState::ArIsNetArchive = 0x2B
[2026-08-09 16:01:51.5940214] FArchiveState::ArContainsMap = 0x29
[2026-08-09 16:01:51.5940355] FArchiveState::ArRequiresLocalizationGather = 0x29
[2026-08-09 16:01:51.5940499] FArchiveState::ArIgnoreArchetypeRef = 0x2A
[2026-08-09 16:01:51.5940640] FArchiveState::ArNoDelta = 0x2A
[2026-08-09 16:01:51.5940781] FArchiveState::ArNoIntraPropertyDelta = 0x2A
[2026-08-09 16:01:51.5940923] FArchiveState::ArIgnoreOuterRef = 0x2A
[2026-08-09 16:01:51.5941064] FArchiveState::ArIgnoreClassGeneratedByRef = 0x2A
[2026-08-09 16:01:51.5941206] FArchiveState::ArLicenseeUEVer = 0x48
[2026-08-09 16:01:51.5941348] FArchiveState::ArIgnoreClassRef = 0x2A
[2026-08-09 16:01:51.5941489] FArchiveState::ArAllowLazyLoading = 0x2A
[2026-08-09 16:01:51.5941630] FArchiveState::NextProxy = 0x90
[2026-08-09 16:01:51.5941772] FArchiveState::ArIsCountingMemory = 0x2B
[2026-08-09 16:01:51.5941913] FArchiveState::bCustomVersionsAreReset = 0x88
[2026-08-09 16:01:51.5942055] FArchiveState::ArEngineNetVer = 0x58
[2026-08-09 16:01:51.5942197] FArchiveState::ArShouldSkipBulkData = 0x2B
[2026-08-09 16:01:51.5942338] FArchiveState::ArIsFilterEditorOnly = 0x2B
[2026-08-09 16:01:51.5942479] FArchiveState::ArIsSaveGame = 0x2B
[2026-08-09 16:01:51.5942620] FArchiveState::ArUseCustomPropertyList = 0x2B
[2026-08-09 16:01:51.5942761] FArchiveState::UEP_TotalSize = 0x98
[2026-08-09 16:01:51.5942902] FArchiveState::ArSerializingDefaults = 0x2C
[2026-08-09 16:01:51.5943045] FArchiveState::ArShouldSkipCompilingAssets = 0x29
[2026-08-09 16:01:51.5943188] FArchiveState::ArMaxSerializeSize = 0x38
[2026-08-09 16:01:51.5943331] FArchiveState::ArEngineVer = 0x4C
[2026-08-09 16:01:51.5943473] FArchiveState::ArGameNetVer = 0x5C
[2026-08-09 16:01:51.5943614] FArchiveState::CustomVersionContainer = 0x60
[2026-08-09 16:01:51.5943754] FArchiveState::SerializedProperty = 0x78
[2026-08-09 16:01:51.5943896] FArchiveState::ArIsLoadingFromCookedPackage = 0x28
[2026-08-09 16:01:51.5944039] AActor::CustomTimeDilation = 0x64
[2026-08-09 16:01:51.5944190] AActor::NamePrivate = 0x18
[2026-08-09 16:01:51.5944336] AActor::ObjectFlags = 0x8
[2026-08-09 16:01:51.5944478] AActor::World = 0x78
[2026-08-09 16:01:51.5944619] AActor::ActiveSplitscreenType = 0x70
[2026-08-09 16:01:51.5944761] AActor::ViewportConsole = 0x40
[2026-08-09 16:01:51.5944904] AActor::bUseSoftwareCursorWidgets = 0x250
[2026-08-09 16:01:51.5945044] AActor::ClassPrivate = 0x10
[2026-08-09 16:01:51.5945186] AActor::bNetLoadOnClient = 0x59
[2026-08-09 16:01:51.5945328] AActor::InternalIndex_Private = 0xC
[2026-08-09 16:01:51.5945468] AActor::bDisableSplitScreenOverride = 0x398
[2026-08-09 16:01:51.5945609] AActor::Window = 0x100
[2026-08-09 16:01:51.5945751] AActor::OuterPrivate = 0x20
[2026-08-09 16:01:51.5945892] AActor::bAlwaysRelevant = 0x58
[2026-08-09 16:01:51.5946035] AActor::HardwareCursorCache = 0x160
[2026-08-09 16:01:51.5946176] AActor::DebugProperties = 0x48
[2026-08-09 16:01:51.5946317] AActor::bHidden = 0x58
[2026-08-09 16:01:51.5946458] AActor::CurrentBufferVisualizationMode = 0x130
[2026-08-09 16:01:51.5946600] AActor::UEP_TotalSize = 0x28
[2026-08-09 16:01:51.5946741] AActor::RemoteRole = 0x68
[2026-08-09 16:01:51.5946883] AActor::SplitscreenInfo = 0x58
[2026-08-09 16:01:51.5947024] AActor::OnEndPlay = 0x1DF
[2026-08-09 16:01:51.5947165] AActor::bHasAudioFocus = 0xFC
[2026-08-09 16:01:51.5947307] AActor::ViewportOverlayWidget = 0x110
[2026-08-09 16:01:51.5947449] AActor::MaxSplitscreenPlayers = 0x68
[2026-08-09 16:01:51.5947591] AActor::ActorHasBegunPlay = 0x5D
[2026-08-09 16:01:51.5947732] AActor::bNetTemporary = 0x58
[2026-08-09 16:01:51.5947874] AActor::bShowTitleSafeZone = 0x6C
[2026-08-09 16:01:51.5948015] AActor::bIsPlayInEditorViewport = 0x6C
[2026-08-09 16:01:51.5948156] AActor::bDisableWorldRendering = 0x6C
[2026-08-09 16:01:51.5948298] AActor::bTearOff = 0x59
[2026-08-09 16:01:51.5948440] AActor::CurrentLumenVisualizationMode = 0x140
[2026-08-09 16:01:51.5948615] AActor::bSuppressTransitionMessage = 0x88
[2026-08-09 16:01:51.5948757] AActor::bReplicateMovement = 0x58
[2026-08-09 16:01:51.5948899] AActor::ViewModeIndex = 0xB0
[2026-08-09 16:01:51.5949041] AActor::bNetUseOwnerRelevancy = 0x59
[2026-08-09 16:01:51.5949182] AActor::AutoReceiveInput = 0x153
[2026-08-09 16:01:51.5949324] AActor::EngineShowFlags = 0xB8
[2026-08-09 16:01:51.5949466] AActor::Viewport = 0xE8
[2026-08-09 16:01:51.5949607] AActor::MouseLockMode = 0x39C
[2026-08-09 16:01:51.5949748] AActor::ViewportFrame = 0xF0
[2026-08-09 16:01:51.5949889] AActor::bReplicates = 0x5B
[2026-08-09 16:01:51.5950030] AActor::GameLayerManagerPtr = 0x120
[2026-08-09 16:01:51.5950171] AActor::HighResScreenshotDialog = 0x150
[2026-08-09 16:01:51.5950313] AActor::CursorWidgets = 0x200
[2026-08-09 16:01:51.5950454] AActor::StatUnitData = 0x388
[2026-08-09 16:01:51.5950597] AActor::OnBeginCursorOver = 0x1D5
[2026-08-09 16:01:51.5950738] AActor::StatHitchesData = 0x390
[2026-08-09 16:01:51.5950880] AActor::bIgnoreInput = 0x399
[2026-08-09 16:01:51.5951022] AActor::bRunningUserConstructionScript = 0x5C
[2026-08-09 16:01:51.5951164] AActor::MouseCaptureMode = 0x39A
[2026-08-09 16:01:51.5951306] AActor::bHideCursorDuringCapture = 0x39B
[2026-08-09 16:01:51.5951447] AActor::AudioDeviceHandle = 0xF8
[2026-08-09 16:01:51.5951589] AActor::HardwareCursors = 0x1B0
[2026-08-09 16:01:51.5951730] AActor::bIsMouseOverClient = 0x39D
[2026-08-09 16:01:51.5951871] AActor::bActorEnableCollision = 0x5C
[2026-08-09 16:01:51.5952014] AActor::CurrentNaniteVisualizationMode = 0x138
[2026-08-09 16:01:51.5952156] AActor::CurrentVirtualShadowMapVisualizationMode = 0x148
[2026-08-09 16:01:51.5952297] AActor::PrimaryActorTick = 0x28
[2026-08-09 16:01:51.5952442] AActor::bActorIsBeingConstructed = 0x5D
[2026-08-09 16:01:51.5952589] AActor::bNetStartup = 0x58
[2026-08-09 16:01:51.5952730] AActor::bOnlyRelevantToOwner = 0x58
[2026-08-09 16:01:51.5952873] AActor::bExchangedRoles = 0x59
[2026-08-09 16:01:51.5953013] AActor::bBlockInput = 0x5A
[2026-08-09 16:01:51.5953154] AActor::bHasFinishedSpawning = 0x5C
[2026-08-09 16:01:51.5953310] AActor::Owner = 0x140
[2026-08-09 16:01:51.5953455] AActor::ReplicatedMovement = 0xD0
[2026-08-09 16:01:51.5953597] AActor::bHasDeferredComponentRegistration = 0x5C
[2026-08-09 16:01:51.5953738] AActor::AttachmentReplication = 0x70
[2026-08-09 16:01:51.5953879] AActor::Role = 0x150
[2026-08-09 16:01:51.5954020] AActor::NetDriverName = 0x148
[2026-08-09 16:01:51.5954161] AActor::NetDormancy = 0x151
[2026-08-09 16:01:51.5954303] AActor::bForceNetAddressable = 0x59
[2026-08-09 16:01:51.5954443] AActor::InputPriority = 0x154
[2026-08-09 16:01:51.5954585] AActor::InputComponent = 0x160
[2026-08-09 16:01:51.5954726] AActor::NetCullDistanceSquared = 0x168
[2026-08-09 16:01:51.5954868] AActor::NetTag = 0x16C
[2026-08-09 16:01:51.5955009] AActor::NetUpdateFrequency = 0x170
[2026-08-09 16:01:51.5955151] AActor::NetPriority = 0x178
[2026-08-09 16:01:51.5955292] AActor::bAutoDestroyWhenFinished = 0x5A
[2026-08-09 16:01:51.5955432] AActor::bCanBeDamaged = 0x5A
[2026-08-09 16:01:51.5955574] AActor::bActorIsBeingDestroyed = 0x5D
[2026-08-09 16:01:51.5955715] AActor::bCollideWhenPlacing = 0x5A
[2026-08-09 16:01:51.5955857] AActor::bFindCameraComponentWhenViewTarget = 0x5A
[2026-08-09 16:01:51.5955999] AActor::bRelevantForNetworkReplays = 0x59
[2026-08-09 16:01:51.5956141] AActor::SpawnCollisionHandlingMethod = 0x152
[2026-08-09 16:01:51.5956283] AActor::CreationTime = 0x158
[2026-08-09 16:01:51.5956425] AActor::Children = 0x188
[2026-08-09 16:01:51.5956566] AActor::RootComponent = 0x198
[2026-08-09 16:01:51.5956707] AActor::InitialLifeSpan = 0x60
[2026-08-09 16:01:51.5956849] AActor::TimerHandle_LifeSpanExpired = 0x1A0
[2026-08-09 16:01:51.5956990] AActor::bAllowReceiveTickEventOnDedicatedServer = 0x5B
[2026-08-09 16:01:51.5957132] AActor::Layers = 0x1A8
[2026-08-09 16:01:51.5957273] AActor::bActorInitialized = 0x5C
[2026-08-09 16:01:51.5957414] AActor::bActorSeamlessTraveled = 0x5B
[2026-08-09 16:01:51.5957555] AActor::bIgnoresOriginShifting = 0x5A
[2026-08-09 16:01:51.5957698] AActor::bHasRegisteredAllComponents = 0x5C
[2026-08-09 16:01:51.5957840] AActor::bEnableAutoLODGeneration = 0x5B
[2026-08-09 16:01:51.5957982] AActor::Tags = 0x1C0
[2026-08-09 16:01:51.5958124] AActor::OnTakeAnyDamage = 0x1D0
[2026-08-09 16:01:51.5958269] AActor::OnTakePointDamage = 0x1D1
[2026-08-09 16:01:51.5958415] AActor::OnActorBeginOverlap = 0x1D3
[2026-08-09 16:01:51.5958555] AActor::OnActorEndOverlap = 0x1D4
[2026-08-09 16:01:51.5958697] AActor::OnEndCursorOver = 0x1D6
[2026-08-09 16:01:51.5958838] AActor::OnClicked = 0x1D7
[2026-08-09 16:01:51.5958979] AActor::OnReleased = 0x1D8
[2026-08-09 16:01:51.5959121] AActor::OnInputTouchBegin = 0x1D9
[2026-08-09 16:01:51.5959263] AActor::OnInputTouchEnd = 0x1DA
[2026-08-09 16:01:51.5959404] AActor::OnInputTouchEnter = 0x1DB
[2026-08-09 16:01:51.5959545] AActor::OnInputTouchLeave = 0x1DC
[2026-08-09 16:01:51.5959686] AActor::OnActorHit = 0x1DD
[2026-08-09 16:01:51.5959827] AActor::OnDestroyed = 0x1DE
[2026-08-09 16:01:51.5959968] AActor::DetachFence = 0x280
[2026-08-09 16:01:51.5960111] AActor::bAllowTickBeforeBeginPlay = 0x5A
[2026-08-09 16:01:51.5960253] AActor::bTickFunctionsRegistered = 0x5C
[2026-08-09 16:01:51.5960395] AActor::bNetCheckedInitialPhysicsState = 0x5B
[2026-08-09 16:01:51.5960536] AActor::ParentComponent = 0x1B8
[2026-08-09 16:01:51.5960677] AActor::MinNetUpdateFrequency = 0x174
[2026-08-09 16:01:51.5960819] AActor::bGenerateOverlapEventsDuringLevelStreaming = 0x5A
[2026-08-09 16:01:51.5960962] AActor::bCanBeInCluster = 0x5B
[2026-08-09 16:01:51.5961103] AActor::bReplayRewindable = 0x59
[2026-08-09 16:01:51.5961245] AActor::bIsEditorOnlyActor = 0x5B
[2026-08-09 16:01:51.5961386] AActor::bActorWantsDestroyDuringBeginPlay = 0x5D
[2026-08-09 16:01:51.5961528] AActor::OnTakeRadialDamage = 0x1D2
[2026-08-09 16:01:51.5961669] AActor::bRelevantForLevelBounds = 0x59
[2026-08-09 16:01:51.5961811] AActor::LastRenderTime = 0x17C
[2026-08-09 16:01:51.5961953] AActor::bActorBeginningPlayFromLevelStreaming = 0x5C
[2026-08-09 16:01:51.5962095] AActor::UpdateOverlapsMethodDuringLevelStreaming = 0x5E
[2026-08-09 16:01:51.5962436] AActor::DefaultUpdateOverlapsMethodDuringLevelStreaming = 0x5F
[2026-08-09 16:01:51.5962593] AActor::bCallPreReplication = 0x58
[2026-08-09 16:01:51.5962737] AActor::bCallPreReplicationForReplay = 0x58
[2026-08-09 16:01:51.5962878] AActor::RayTracingGroupId = 0x6C
[2026-08-09 16:01:51.5963020] AActor::bReplicateUsingRegisteredSubObjectList = 0x5B
[2026-08-09 16:01:51.5963162] AActor::bAsyncPhysicsTickEnabled = 0x5D
[2026-08-09 16:01:51.5963304] AActor::ReplicatedSubObjects = 0x1E0
[2026-08-09 16:01:51.5963446] AActor::ReplicatedComponentsInfo = 0x1F0
[2026-08-09 16:01:51.5963589] AGameModeBase::OptionsString = 0x290
[2026-08-09 16:01:51.5963732] AGameModeBase::GameSessionClass = 0x2A0
[2026-08-09 16:01:51.5963874] AGameModeBase::bUseSeamlessTravel = 0x318
[2026-08-09 16:01:51.5964015] AGameModeBase::PlayerStateClass = 0x2B8
[2026-08-09 16:01:51.5964159] AGameModeBase::DefaultPlayerName = 0x300
[2026-08-09 16:01:51.5964300] AGameModeBase::HUDClass = 0x2C0
[2026-08-09 16:01:51.5964442] AGameModeBase::SpectatorClass = 0x2D0
[2026-08-09 16:01:51.5964583] AGameModeBase::GameSession = 0x2E8
[2026-08-09 16:01:51.5964725] AGameModeBase::bStartPlayersAsSpectators = 0x318
[2026-08-09 16:01:51.5964866] AGameModeBase::bPauseable = 0x318
[2026-08-09 16:01:51.5965009] AGameModeBase::ServerStatReplicatorClass = 0x2E0
[2026-08-09 16:01:51.5965150] AGameModeBase::ServerStatReplicator = 0x2F8
[2026-08-09 16:01:51.5965291] AGameModeBase::UEP_TotalSize = 0x330
[2026-08-09 16:01:51.5965433] AGameMode::NumBots = 0x344
[2026-08-09 16:01:51.5965575] AGameMode::MatchState = 0x330
[2026-08-09 16:01:51.5965716] AGameMode::NumSpectators = 0x33C
[2026-08-09 16:01:51.5965857] AGameMode::NumPlayers = 0x340
[2026-08-09 16:01:51.5966000] AGameMode::bDelayedStart = 0x338
[2026-08-09 16:01:51.5966141] AGameMode::MinRespawnDelay = 0x348
[2026-08-09 16:01:51.5966283] AGameMode::EngineMessageClass = 0x350
[2026-08-09 16:01:51.5966426] AGameMode::NumTravellingPlayers = 0x34C
[2026-08-09 16:01:51.5966567] AGameMode::InactivePlayerArray = 0x358
[2026-08-09 16:01:51.5966709] AGameMode::InactivePlayerStateLifeSpan = 0x368
[2026-08-09 16:01:51.5966851] AGameMode::bHandleDedicatedServerReplays = 0x370
[2026-08-09 16:01:51.5966992] AGameMode::MaxInactivePlayers = 0x36C
[2026-08-09 16:01:51.5967133] AGameMode::UEP_TotalSize = 0x378
[2026-08-09 16:01:51.5967274] UEngine::CustomTimeDilation = 0x64
[2026-08-09 16:01:51.5967417] UEngine::NamePrivate = 0x18
[2026-08-09 16:01:51.5967557] UEngine::ObjectFlags = 0x8
[2026-08-09 16:01:51.5967699] UEngine::World = 0x78
[2026-08-09 16:01:51.5967843] UEngine::ActiveSplitscreenType = 0x70
[2026-08-09 16:01:51.5967984] UEngine::ViewportConsole = 0x40
[2026-08-09 16:01:51.5968125] UEngine::bUseSoftwareCursorWidgets = 0x250
[2026-08-09 16:01:51.5968266] UEngine::ClassPrivate = 0x10
[2026-08-09 16:01:51.5968406] UEngine::bNetLoadOnClient = 0x59
[2026-08-09 16:01:51.5968548] UEngine::InternalIndex_Private = 0xC
[2026-08-09 16:01:51.5968726] UEngine::bDisableSplitScreenOverride = 0x398
[2026-08-09 16:01:51.5968868] UEngine::Window = 0x100
[2026-08-09 16:01:51.5969010] UEngine::OuterPrivate = 0x20
[2026-08-09 16:01:51.5969151] UEngine::bAlwaysRelevant = 0x58
[2026-08-09 16:01:51.5969293] UEngine::HardwareCursorCache = 0x160
[2026-08-09 16:01:51.5969434] UEngine::DebugProperties = 0x48
[2026-08-09 16:01:51.5969574] UEngine::bHidden = 0x58
[2026-08-09 16:01:51.5969716] UEngine::CurrentBufferVisualizationMode = 0x130
[2026-08-09 16:01:51.5969857] UEngine::UEP_TotalSize = 0x28
[2026-08-09 16:01:51.5969998] UEngine::RemoteRole = 0x68
[2026-08-09 16:01:51.5970140] UEngine::SplitscreenInfo = 0x58
[2026-08-09 16:01:51.5970282] UEngine::OnEndPlay = 0x1DF
[2026-08-09 16:01:51.5970423] UEngine::bHasAudioFocus = 0xFC
[2026-08-09 16:01:51.5970564] UEngine::ViewportOverlayWidget = 0x110
[2026-08-09 16:01:51.5970705] UEngine::MaxSplitscreenPlayers = 0x68
[2026-08-09 16:01:51.5970845] UEngine::ActorHasBegunPlay = 0x5D
[2026-08-09 16:01:51.5970986] UEngine::bNetTemporary = 0x58
[2026-08-09 16:01:51.5971126] UEngine::bShowTitleSafeZone = 0x6C
[2026-08-09 16:01:51.5971278] UEngine::bIsPlayInEditorViewport = 0x6C
[2026-08-09 16:01:51.5971422] UEngine::bDisableWorldRendering = 0x6C
[2026-08-09 16:01:51.5971564] UEngine::bTearOff = 0x59
[2026-08-09 16:01:51.5971705] UEngine::CurrentLumenVisualizationMode = 0x140
[2026-08-09 16:01:51.5971846] UEngine::bSuppressTransitionMessage = 0x88
[2026-08-09 16:01:51.5971988] UEngine::bReplicateMovement = 0x58
[2026-08-09 16:01:51.5972131] UEngine::ViewModeIndex = 0xB0
[2026-08-09 16:01:51.5972271] UEngine::bNetUseOwnerRelevancy = 0x59
[2026-08-09 16:01:51.5972413] UEngine::AutoReceiveInput = 0x153
[2026-08-09 16:01:51.5972554] UEngine::EngineShowFlags = 0xB8
[2026-08-09 16:01:51.5972695] UEngine::Viewport = 0xE8
[2026-08-09 16:01:51.5972836] UEngine::MouseLockMode = 0x39C
[2026-08-09 16:01:51.5972978] UEngine::ViewportFrame = 0xF0
[2026-08-09 16:01:51.5973120] UEngine::bReplicates = 0x5B
[2026-08-09 16:01:51.5973261] UEngine::GameLayerManagerPtr = 0x120
[2026-08-09 16:01:51.5973402] UEngine::HighResScreenshotDialog = 0x150
[2026-08-09 16:01:51.5973544] UEngine::CursorWidgets = 0x200
[2026-08-09 16:01:51.5973687] UEngine::StatUnitData = 0x388
[2026-08-09 16:01:51.5973828] UEngine::OnBeginCursorOver = 0x1D5
[2026-08-09 16:01:51.5973970] UEngine::StatHitchesData = 0x390
[2026-08-09 16:01:51.5974112] UEngine::bIgnoreInput = 0x399
[2026-08-09 16:01:51.5974253] UEngine::bRunningUserConstructionScript = 0x5C
[2026-08-09 16:01:51.5974395] UEngine::MouseCaptureMode = 0x39A
[2026-08-09 16:01:51.5974537] UEngine::bHideCursorDuringCapture = 0x39B
[2026-08-09 16:01:51.5974678] UEngine::AudioDeviceHandle = 0xF8
[2026-08-09 16:01:51.5974819] UEngine::HardwareCursors = 0x1B0
[2026-08-09 16:01:51.5974960] UEngine::bIsMouseOverClient = 0x39D
[2026-08-09 16:01:51.5975101] UEngine::bActorEnableCollision = 0x5C
[2026-08-09 16:01:51.5975243] UEngine::CurrentNaniteVisualizationMode = 0x138
[2026-08-09 16:01:51.5975384] UEngine::CurrentVirtualShadowMapVisualizationMode = 0x148
[2026-08-09 16:01:51.5975526] UEngine::PrimaryActorTick = 0x28
[2026-08-09 16:01:51.5975668] UEngine::bActorIsBeingConstructed = 0x5D
[2026-08-09 16:01:51.5975808] UEngine::bNetStartup = 0x58
[2026-08-09 16:01:51.5975949] UEngine::bOnlyRelevantToOwner = 0x58
[2026-08-09 16:01:51.5976090] UEngine::bExchangedRoles = 0x59
[2026-08-09 16:01:51.5976231] UEngine::bBlockInput = 0x5A
[2026-08-09 16:01:51.5976373] UEngine::bHasFinishedSpawning = 0x5C
[2026-08-09 16:01:51.5976514] UEngine::Owner = 0x140
[2026-08-09 16:01:51.5976655] UEngine::ReplicatedMovement = 0xD0
[2026-08-09 16:01:51.5976796] UEngine::bHasDeferredComponentRegistration = 0x5C
[2026-08-09 16:01:51.5976938] UEngine::AttachmentReplication = 0x70
[2026-08-09 16:01:51.5977079] UEngine::Role = 0x150
[2026-08-09 16:01:51.5977222] UEngine::NetDriverName = 0x148
[2026-08-09 16:01:51.5977363] UEngine::NetDormancy = 0x151
[2026-08-09 16:01:51.5977504] UEngine::bForceNetAddressable = 0x59
[2026-08-09 16:01:51.5977646] UEngine::InputPriority = 0x154
[2026-08-09 16:01:51.5977788] UEngine::InputComponent = 0x160
[2026-08-09 16:01:51.5977929] UEngine::NetCullDistanceSquared = 0x168
[2026-08-09 16:01:51.5978070] UEngine::NetTag = 0x16C
[2026-08-09 16:01:51.5978212] UEngine::NetUpdateFrequency = 0x170
[2026-08-09 16:01:51.5978353] UEngine::NetPriority = 0x178
[2026-08-09 16:01:51.5978494] UEngine::bAutoDestroyWhenFinished = 0x5A
[2026-08-09 16:01:51.5978635] UEngine::bCanBeDamaged = 0x5A
[2026-08-09 16:01:51.5978777] UEngine::bActorIsBeingDestroyed = 0x5D
[2026-08-09 16:01:51.5978918] UEngine::bCollideWhenPlacing = 0x5A
[2026-08-09 16:01:51.5979059] UEngine::bFindCameraComponentWhenViewTarget = 0x5A
[2026-08-09 16:01:51.5979201] UEngine::bRelevantForNetworkReplays = 0x59
[2026-08-09 16:01:51.5979343] UEngine::SpawnCollisionHandlingMethod = 0x152
[2026-08-09 16:01:51.5979484] UEngine::CreationTime = 0x158
[2026-08-09 16:01:51.5979626] UEngine::Children = 0x188
[2026-08-09 16:01:51.5979767] UEngine::RootComponent = 0x198
[2026-08-09 16:01:51.5979908] UEngine::InitialLifeSpan = 0x60
[2026-08-09 16:01:51.5980099] UEngine::TimerHandle_LifeSpanExpired = 0x1A0
[2026-08-09 16:01:51.5980242] UEngine::bAllowReceiveTickEventOnDedicatedServer = 0x5B
[2026-08-09 16:01:51.5980383] UEngine::Layers = 0x1A8
[2026-08-09 16:01:51.5980522] UEngine::bActorInitialized = 0x5C
[2026-08-09 16:01:51.5980661] UEngine::bActorSeamlessTraveled = 0x5B
[2026-08-09 16:01:51.5980801] UEngine::bIgnoresOriginShifting = 0x5A
[2026-08-09 16:01:51.5980940] UEngine::bHasRegisteredAllComponents = 0x5C
[2026-08-09 16:01:51.5981079] UEngine::bEnableAutoLODGeneration = 0x5B
[2026-08-09 16:01:51.5981218] UEngine::Tags = 0x1C0
[2026-08-09 16:01:51.5981357] UEngine::OnTakeAnyDamage = 0x1D0
[2026-08-09 16:01:51.5981497] UEngine::OnTakePointDamage = 0x1D1
[2026-08-09 16:01:51.5981635] UEngine::OnActorBeginOverlap = 0x1D3
[2026-08-09 16:01:51.5981775] UEngine::OnActorEndOverlap = 0x1D4
[2026-08-09 16:01:51.5981913] UEngine::OnEndCursorOver = 0x1D6
[2026-08-09 16:01:51.5982052] UEngine::OnClicked = 0x1D7
[2026-08-09 16:01:51.5982192] UEngine::OnReleased = 0x1D8
[2026-08-09 16:01:51.5982331] UEngine::OnInputTouchBegin = 0x1D9
[2026-08-09 16:01:51.5982470] UEngine::OnInputTouchEnd = 0x1DA
[2026-08-09 16:01:51.5982609] UEngine::OnInputTouchEnter = 0x1DB
[2026-08-09 16:01:51.5982750] UEngine::OnInputTouchLeave = 0x1DC
[2026-08-09 16:01:51.5982889] UEngine::OnActorHit = 0x1DD
[2026-08-09 16:01:51.5983028] UEngine::OnDestroyed = 0x1DE
[2026-08-09 16:01:51.5983167] UEngine::DetachFence = 0x280
[2026-08-09 16:01:51.5983306] UEngine::bAllowTickBeforeBeginPlay = 0x5A
[2026-08-09 16:01:51.5983445] UEngine::bTickFunctionsRegistered = 0x5C
[2026-08-09 16:01:51.5983584] UEngine::bNetCheckedInitialPhysicsState = 0x5B
[2026-08-09 16:01:51.5983724] UEngine::ParentComponent = 0x1B8
[2026-08-09 16:01:51.5983863] UEngine::MinNetUpdateFrequency = 0x174
[2026-08-09 16:01:51.5984002] UEngine::bGenerateOverlapEventsDuringLevelStreaming = 0x5A
[2026-08-09 16:01:51.5984189] UEngine::bCanBeInCluster = 0x5B
[2026-08-09 16:01:51.5984691] UEngine::bReplayRewindable = 0x59
[2026-08-09 16:01:51.5984859] UEngine::bIsEditorOnlyActor = 0x5B
[2026-08-09 16:01:51.5985059] UEngine::bActorWantsDestroyDuringBeginPlay = 0x5D
[2026-08-09 16:01:51.5985376] UEngine::OnTakeRadialDamage = 0x1D2
[2026-08-09 16:01:51.5985638] UEngine::bRelevantForLevelBounds = 0x59
[2026-08-09 16:01:51.5985788] UEngine::LastRenderTime = 0x17C
[2026-08-09 16:01:51.5985974] UEngine::bActorBeginningPlayFromLevelStreaming = 0x5C
[2026-08-09 16:01:51.5986168] UEngine::UpdateOverlapsMethodDuringLevelStreaming = 0x5E
[2026-08-09 16:01:51.5986312] UEngine::DefaultUpdateOverlapsMethodDuringLevelStreaming = 0x5F
[2026-08-09 16:01:51.5986457] UEngine::bCallPreReplication = 0x58
[2026-08-09 16:01:51.5986601] UEngine::bCallPreReplicationForReplay = 0x58
[2026-08-09 16:01:51.5986745] UEngine::RayTracingGroupId = 0x6C
[2026-08-09 16:01:51.5986893] UEngine::bReplicateUsingRegisteredSubObjectList = 0x5B
[2026-08-09 16:01:51.5987037] UEngine::bAsyncPhysicsTickEnabled = 0x5D
[2026-08-09 16:01:51.5987182] UEngine::ReplicatedSubObjects = 0x1E0
[2026-08-09 16:01:51.5987326] UEngine::ReplicatedComponentsInfo = 0x1F0
[2026-08-09 16:01:51.5987472] UGameViewportClient::CustomTimeDilation = 0x64
[2026-08-09 16:01:51.5987614] UGameViewportClient::NamePrivate = 0x18
[2026-08-09 16:01:51.5987756] UGameViewportClient::ObjectFlags = 0x8
[2026-08-09 16:01:51.5987898] UGameViewportClient::World = 0x78
[2026-08-09 16:01:51.5988043] UGameViewportClient::ActiveSplitscreenType = 0x70
[2026-08-09 16:01:51.5988184] UGameViewportClient::ViewportConsole = 0x40
[2026-08-09 16:01:51.5988331] UGameViewportClient::bUseSoftwareCursorWidgets = 0x250
[2026-08-09 16:01:51.5988475] UGameViewportClient::ClassPrivate = 0x10
[2026-08-09 16:01:51.5988618] UGameViewportClient::bNetLoadOnClient = 0x59
[2026-08-09 16:01:51.5988763] UGameViewportClient::InternalIndex_Private = 0xC
[2026-08-09 16:01:51.5988912] UGameViewportClient::bDisableSplitScreenOverride = 0x398
[2026-08-09 16:01:51.5989057] UGameViewportClient::Window = 0x100
[2026-08-09 16:01:51.5989201] UGameViewportClient::OuterPrivate = 0x20
[2026-08-09 16:01:51.5989373] UGameViewportClient::bAlwaysRelevant = 0x58
[2026-08-09 16:01:51.5989530] UGameViewportClient::HardwareCursorCache = 0x160
[2026-08-09 16:01:51.5989673] UGameViewportClient::DebugProperties = 0x48
[2026-08-09 16:01:51.5989818] UGameViewportClient::bHidden = 0x58
[2026-08-09 16:01:51.5989962] UGameViewportClient::CurrentBufferVisualizationMode = 0x130
[2026-08-09 16:01:51.5990109] UGameViewportClient::UEP_TotalSize = 0x28
[2026-08-09 16:01:51.5990263] UGameViewportClient::RemoteRole = 0x68
[2026-08-09 16:01:51.5990441] UGameViewportClient::SplitscreenInfo = 0x58
[2026-08-09 16:01:51.5990584] UGameViewportClient::OnEndPlay = 0x1DF
[2026-08-09 16:01:51.5990725] UGameViewportClient::bHasAudioFocus = 0xFC
[2026-08-09 16:01:51.5990866] UGameViewportClient::ViewportOverlayWidget = 0x110
[2026-08-09 16:01:51.5991009] UGameViewportClient::MaxSplitscreenPlayers = 0x68
[2026-08-09 16:01:51.5991149] UGameViewportClient::ActorHasBegunPlay = 0x5D
[2026-08-09 16:01:51.5991294] UGameViewportClient::bNetTemporary = 0x58
[2026-08-09 16:01:51.5991436] UGameViewportClient::bShowTitleSafeZone = 0x6C
[2026-08-09 16:01:51.5991619] UGameViewportClient::bIsPlayInEditorViewport = 0x6C
[2026-08-09 16:01:51.5991761] UGameViewportClient::bDisableWorldRendering = 0x6C
[2026-08-09 16:01:51.5991905] UGameViewportClient::bTearOff = 0x59
[2026-08-09 16:01:51.5992047] UGameViewportClient::CurrentLumenVisualizationMode = 0x140
[2026-08-09 16:01:51.5992191] UGameViewportClient::bSuppressTransitionMessage = 0x88
[2026-08-09 16:01:51.5992335] UGameViewportClient::bReplicateMovement = 0x58
[2026-08-09 16:01:51.5992479] UGameViewportClient::ViewModeIndex = 0xB0
[2026-08-09 16:01:51.5992625] UGameViewportClient::bNetUseOwnerRelevancy = 0x59
[2026-08-09 16:01:51.5992772] UGameViewportClient::AutoReceiveInput = 0x153
[2026-08-09 16:01:51.5992922] UGameViewportClient::EngineShowFlags = 0xB8
[2026-08-09 16:01:51.5993068] UGameViewportClient::Viewport = 0xE8
[2026-08-09 16:01:51.5993213] UGameViewportClient::MouseLockMode = 0x39C
[2026-08-09 16:01:51.5993357] UGameViewportClient::ViewportFrame = 0xF0
[2026-08-09 16:01:51.5993501] UGameViewportClient::bReplicates = 0x5B
[2026-08-09 16:01:51.5993649] UGameViewportClient::GameLayerManagerPtr = 0x120
[2026-08-09 16:01:51.5993794] UGameViewportClient::HighResScreenshotDialog = 0x150
[2026-08-09 16:01:51.5993940] UGameViewportClient::CursorWidgets = 0x200
[2026-08-09 16:01:51.5994086] UGameViewportClient::StatUnitData = 0x388
[2026-08-09 16:01:51.5994233] UGameViewportClient::OnBeginCursorOver = 0x1D5
[2026-08-09 16:01:51.5994382] UGameViewportClient::StatHitchesData = 0x390
[2026-08-09 16:01:51.5994534] UGameViewportClient::bIgnoreInput = 0x399
[2026-08-09 16:01:51.5994684] UGameViewportClient::bRunningUserConstructionScript = 0x5C
[2026-08-09 16:01:51.5994840] UGameViewportClient::MouseCaptureMode = 0x39A
[2026-08-09 16:01:51.5994986] UGameViewportClient::bHideCursorDuringCapture = 0x39B
[2026-08-09 16:01:51.5995130] UGameViewportClient::AudioDeviceHandle = 0xF8
[2026-08-09 16:01:51.5995279] UGameViewportClient::HardwareCursors = 0x1B0
[2026-08-09 16:01:51.5995429] UGameViewportClient::bIsMouseOverClient = 0x39D
[2026-08-09 16:01:51.5995573] UGameViewportClient::bActorEnableCollision = 0x5C
[2026-08-09 16:01:51.5995719] UGameViewportClient::CurrentNaniteVisualizationMode = 0x138
[2026-08-09 16:01:51.5995862] UGameViewportClient::CurrentVirtualShadowMapVisualizationMode = 0x148
[2026-08-09 16:01:51.5996009] UGameViewportClient::PrimaryActorTick = 0x28
[2026-08-09 16:01:51.5996152] UGameViewportClient::bActorIsBeingConstructed = 0x5D
[2026-08-09 16:01:51.5996296] UGameViewportClient::bNetStartup = 0x58
[2026-08-09 16:01:51.5996441] UGameViewportClient::bOnlyRelevantToOwner = 0x58
[2026-08-09 16:01:51.5996585] UGameViewportClient::bExchangedRoles = 0x59
[2026-08-09 16:01:51.5996727] UGameViewportClient::bBlockInput = 0x5A
[2026-08-09 16:01:51.5996870] UGameViewportClient::bHasFinishedSpawning = 0x5C
[2026-08-09 16:01:51.5997012] UGameViewportClient::Owner = 0x140
[2026-08-09 16:01:51.5997171] UGameViewportClient::ReplicatedMovement = 0xD0
[2026-08-09 16:01:51.5997327] UGameViewportClient::bHasDeferredComponentRegistration = 0x5C
[2026-08-09 16:01:51.5997471] UGameViewportClient::AttachmentReplication = 0x70
[2026-08-09 16:01:51.5997615] UGameViewportClient::Role = 0x150
[2026-08-09 16:01:51.5997757] UGameViewportClient::NetDriverName = 0x148
[2026-08-09 16:01:51.5997900] UGameViewportClient::NetDormancy = 0x151
[2026-08-09 16:01:51.5998043] UGameViewportClient::bForceNetAddressable = 0x59
[2026-08-09 16:01:51.5998185] UGameViewportClient::InputPriority = 0x154
[2026-08-09 16:01:51.5998328] UGameViewportClient::InputComponent = 0x160
[2026-08-09 16:01:51.5998471] UGameViewportClient::NetCullDistanceSquared = 0x168
[2026-08-09 16:01:51.5998615] UGameViewportClient::NetTag = 0x16C
[2026-08-09 16:01:51.5998758] UGameViewportClient::NetUpdateFrequency = 0x170
[2026-08-09 16:01:51.5998901] UGameViewportClient::NetPriority = 0x178
[2026-08-09 16:01:51.5999045] UGameViewportClient::bAutoDestroyWhenFinished = 0x5A
[2026-08-09 16:01:51.5999195] UGameViewportClient::bCanBeDamaged = 0x5A
[2026-08-09 16:01:51.5999343] UGameViewportClient::bActorIsBeingDestroyed = 0x5D
[2026-08-09 16:01:51.5999513] UGameViewportClient::bCollideWhenPlacing = 0x5A
[2026-08-09 16:01:51.5999664] UGameViewportClient::bFindCameraComponentWhenViewTarget = 0x5A
[2026-08-09 16:01:51.5999807] UGameViewportClient::bRelevantForNetworkReplays = 0x59
[2026-08-09 16:01:51.5999951] UGameViewportClient::SpawnCollisionHandlingMethod = 0x152
[2026-08-09 16:01:51.6000096] UGameViewportClient::CreationTime = 0x158
[2026-08-09 16:01:51.6000245] UGameViewportClient::Children = 0x188
[2026-08-09 16:01:51.6000392] UGameViewportClient::RootComponent = 0x198
[2026-08-09 16:01:51.6000545] UGameViewportClient::InitialLifeSpan = 0x60
[2026-08-09 16:01:51.6000707] UGameViewportClient::TimerHandle_LifeSpanExpired = 0x1A0
[2026-08-09 16:01:51.6000869] UGameViewportClient::bAllowReceiveTickEventOnDedicatedServer = 0x5B
[2026-08-09 16:01:51.6001049] UGameViewportClient::Layers = 0x1A8
[2026-08-09 16:01:51.6001213] UGameViewportClient::bActorInitialized = 0x5C
[2026-08-09 16:01:51.6001370] UGameViewportClient::bActorSeamlessTraveled = 0x5B
[2026-08-09 16:01:51.6001526] UGameViewportClient::bIgnoresOriginShifting = 0x5A
[2026-08-09 16:01:51.6001681] UGameViewportClient::bHasRegisteredAllComponents = 0x5C
[2026-08-09 16:01:51.6001841] UGameViewportClient::bEnableAutoLODGeneration = 0x5B
[2026-08-09 16:01:51.6002007] UGameViewportClient::Tags = 0x1C0
[2026-08-09 16:01:51.6002163] UGameViewportClient::OnTakeAnyDamage = 0x1D0
[2026-08-09 16:01:51.6002312] UGameViewportClient::OnTakePointDamage = 0x1D1
[2026-08-09 16:01:51.6002456] UGameViewportClient::OnActorBeginOverlap = 0x1D3
[2026-08-09 16:01:51.6002601] UGameViewportClient::OnActorEndOverlap = 0x1D4
[2026-08-09 16:01:51.6002745] UGameViewportClient::OnEndCursorOver = 0x1D6
[2026-08-09 16:01:51.6002891] UGameViewportClient::OnClicked = 0x1D7
[2026-08-09 16:01:51.6003036] UGameViewportClient::OnReleased = 0x1D8
[2026-08-09 16:01:51.6003182] UGameViewportClient::OnInputTouchBegin = 0x1D9
[2026-08-09 16:01:51.6003331] UGameViewportClient::OnInputTouchEnd = 0x1DA
[2026-08-09 16:01:51.6003475] UGameViewportClient::OnInputTouchEnter = 0x1DB
[2026-08-09 16:01:51.6003622] UGameViewportClient::OnInputTouchLeave = 0x1DC
[2026-08-09 16:01:51.6003772] UGameViewportClient::OnActorHit = 0x1DD
[2026-08-09 16:01:51.6003963] UGameViewportClient::OnDestroyed = 0x1DE
[2026-08-09 16:01:51.6004106] UGameViewportClient::DetachFence = 0x280
[2026-08-09 16:01:51.6004249] UGameViewportClient::bAllowTickBeforeBeginPlay = 0x5A
[2026-08-09 16:01:51.6004390] UGameViewportClient::bTickFunctionsRegistered = 0x5C
[2026-08-09 16:01:51.6004532] UGameViewportClient::bNetCheckedInitialPhysicsState = 0x5B
[2026-08-09 16:01:51.6004672] UGameViewportClient::ParentComponent = 0x1B8
[2026-08-09 16:01:51.6004815] UGameViewportClient::MinNetUpdateFrequency = 0x174
[2026-08-09 16:01:51.6004960] UGameViewportClient::bGenerateOverlapEventsDuringLevelStreaming = 0x5A
[2026-08-09 16:01:51.6005121] UGameViewportClient::bCanBeInCluster = 0x5B
[2026-08-09 16:01:51.6005270] UGameViewportClient::bReplayRewindable = 0x59
[2026-08-09 16:01:51.6005412] UGameViewportClient::bIsEditorOnlyActor = 0x5B
[2026-08-09 16:01:51.6005553] UGameViewportClient::bActorWantsDestroyDuringBeginPlay = 0x5D
[2026-08-09 16:01:51.6005693] UGameViewportClient::OnTakeRadialDamage = 0x1D2
[2026-08-09 16:01:51.6005832] UGameViewportClient::bRelevantForLevelBounds = 0x59
[2026-08-09 16:01:51.6005970] UGameViewportClient::LastRenderTime = 0x17C
[2026-08-09 16:01:51.6006156] UGameViewportClient::bActorBeginningPlayFromLevelStreaming = 0x5C
[2026-08-09 16:01:51.6006300] UGameViewportClient::UpdateOverlapsMethodDuringLevelStreaming = 0x5E
[2026-08-09 16:01:51.6006442] UGameViewportClient::DefaultUpdateOverlapsMethodDuringLevelStreaming = 0x5F
[2026-08-09 16:01:51.6006582] UGameViewportClient::bCallPreReplication = 0x58
[2026-08-09 16:01:51.6006721] UGameViewportClient::bCallPreReplicationForReplay = 0x58
[2026-08-09 16:01:51.6006860] UGameViewportClient::RayTracingGroupId = 0x6C
[2026-08-09 16:01:51.6007000] UGameViewportClient::bReplicateUsingRegisteredSubObjectList = 0x5B
[2026-08-09 16:01:51.6007140] UGameViewportClient::bAsyncPhysicsTickEnabled = 0x5D
[2026-08-09 16:01:51.6007280] UGameViewportClient::ReplicatedSubObjects = 0x1E0
[2026-08-09 16:01:51.6007418] UGameViewportClient::ReplicatedComponentsInfo = 0x1F0
[2026-08-09 16:01:51.6007560] UPlayer::CurrentNetSpeed = 0x38
[2026-08-09 16:01:51.6007700] UPlayer::UEP_TotalSize = 0x48
[2026-08-09 16:01:51.6007840] UPlayer::ConfiguredLanSpeed = 0x40
[2026-08-09 16:01:51.6007979] UPlayer::ConfiguredInternetSpeed = 0x3C
[2026-08-09 16:01:51.6008120] ULocalPlayer::ViewportClient = 0x78
[2026-08-09 16:01:51.6008261] ULocalPlayer::AspectRatioAxisConstraint = 0xB8
[2026-08-09 16:01:51.6008402] ULocalPlayer::bSentSplitJoin = 0xC8
[2026-08-09 16:01:51.6008545] ULocalPlayer::ControllerId = 0xE0
[2026-08-09 16:01:51.6008684] ULocalPlayer::UEP_TotalSize = 0x298
[2026-08-09 16:01:51.6008826] UWorld::bRequiresHitProxies = 0x13E
[2026-08-09 16:01:51.6008966] UWorld::PerModuleDataObjects = 0x78
[2026-08-09 16:01:51.6009106] UWorld::ExtraReferencedObjects = 0x68
[2026-08-09 16:01:51.6009246] UWorld::bPlayersOnlyPending = 0x13D
[2026-08-09 16:01:51.6009386] UWorld::bWorldWasLoadedThisTick = 0x13B
[2026-08-09 16:01:51.6009526] UWorld::bAggressiveLOD = 0x13C
[2026-08-09 16:01:51.6009666] UWorld::StreamingLevelsPrefix = 0xC8
[2026-08-09 16:01:51.6009806] UWorld::bIsLevelStreamingFrozen = 0x13B
[2026-08-09 16:01:51.6009947] UWorld::StreamingVolumeUpdateDelay = 0x61C
[2026-08-09 16:01:51.6010087] UWorld::bTriggerPostLoadMap = 0x13B
[2026-08-09 16:01:51.6010226] UWorld::bStreamingDataDirty = 0x13E
[2026-08-09 16:01:51.6010365] UWorld::DeltaRealTimeSeconds = 0x680
[2026-08-09 16:01:51.6010505] UWorld::AuthorityGameMode = 0x150
[2026-08-09 16:01:51.6010653] UWorld::bTickNewlySpawned = 0x13B
[2026-08-09 16:01:51.6010804] UWorld::BuildStreamingDataTimer = 0x448
[2026-08-09 16:01:51.6010947] UWorld::URL = 0x540
[2026-08-09 16:01:51.6011099] UWorld::CleanupWorldTag = 0x70C
[2026-08-09 16:01:51.6011244] UWorld::LWILastAssignedUID = 0x258
[2026-08-09 16:01:51.6011385] UWorld::bInTick = 0x13B
[2026-08-09 16:01:51.6011535] UWorld::TimeSeconds = 0x660
[2026-08-09 16:01:51.6011679] UWorld::bIsBuilt = 0x13B
[2026-08-09 16:01:51.6011822] UWorld::bPostTickComponentUpdate = 0x13B
[2026-08-09 16:01:51.6011967] UWorld::bIsDefaultLevel = 0x13C
[2026-08-09 16:01:51.6012116] UWorld::PlayerNum = 0x618
[2026-08-09 16:01:51.6012264] UWorld::bShouldSimulatePhysics = 0x13C
[2026-08-09 16:01:51.6012408] UWorld::bIsWorldInitialized = 0x13B
[2026-08-09 16:01:51.6012554] UWorld::bShouldForceUnloadStreamingLevels = 0x13E
[2026-08-09 16:01:51.6012703] UWorld::bSupportsMakingVisibleTransactionRequests = 0xD8
[2026-08-09 16:01:51.6012844] UWorld::bShouldForceVisibleStreamingLevels = 0x13E
[2026-08-09 16:01:51.6012985] UWorld::bDoDelayedUpdateCullDistanceVolumes = 0x13C
[2026-08-09 16:01:51.6013132] UWorld::LastRenderTime = 0x130
[2026-08-09 16:01:51.6013287] UWorld::bAllowDeferredPhysicsStateCreation = 0x108
[2026-08-09 16:01:51.6013435] UWorld::bIsRunningConstructionScript = 0x13C
[2026-08-09 16:01:51.6013576] UWorld::LastTimeUnbuiltLightingWasEncountered = 0x658
[2026-08-09 16:01:51.6013718] UWorld::bMaterialParameterCollectionInstanceNeedsDeferredUpdate = 0x13F
[2026-08-09 16:01:51.6013864] UWorld::NextURL = 0x6E0
[2026-08-09 16:01:51.6014005] UWorld::RealTimeSeconds = 0x670
[2026-08-09 16:01:51.6014145] UWorld::CommittedPersistentLevelName = 0x700
[2026-08-09 16:01:51.6014287] UWorld::AudioTimeSeconds = 0x678
[2026-08-09 16:01:51.6014427] UWorld::DeltaTimeSeconds = 0x684
[2026-08-09 16:01:51.6014567] UWorld::bPlayersOnly = 0x13D
[2026-08-09 16:01:51.6014708] UWorld::bSupportsMakingInvisibleTransactionRequests = 0xDA
[2026-08-09 16:01:51.6014847] UWorld::PauseDelay = 0x688
[2026-08-09 16:01:51.6014987] UWorld::NextSwitchCountdown = 0x6C0
[2026-08-09 16:01:51.6015126] UWorld::IsInBlockTillLevelStreamingCompleted = 0x140
[2026-08-09 16:01:51.6015265] UWorld::PreparingLevelNames = 0x6F0
[2026-08-09 16:01:51.6015405] UWorld::bRequestedBlockOnAsyncLoading = 0x13C
[2026-08-09 16:01:51.6015579] UWorld::bDropDetail = 0x13C
[2026-08-09 16:01:51.6015725] UWorld::bActorsInitialized = 0x13C
[2026-08-09 16:01:51.6015866] UWorld::bBegunPlay = 0x13D
[2026-08-09 16:01:51.6016006] UWorld::bIsCameraMoveableWhenPaused = 0x13E
[2026-08-09 16:01:51.6016145] UWorld::bMatchStarted = 0x13D
[2026-08-09 16:01:51.6016285] UWorld::bStartup = 0x13D
[2026-08-09 16:01:51.6016426] UWorld::bAreConstraintsDirty = 0x13E
[2026-08-09 16:01:51.6016567] UWorld::bIsTearingDown = 0x13D
[2026-08-09 16:01:51.6016707] UWorld::bKismetScriptError = 0x13D
[2026-08-09 16:01:51.6016848] UWorld::bDebugPauseExecution = 0x13D
[2026-08-09 16:01:51.6016987] UWorld::ActiveLevelCollectionIndex = 0x190
[2026-08-09 16:01:51.6017129] UWorld::bAllowAudioPlayback = 0x13E
[2026-08-09 16:01:51.6017269] UWorld::bShouldTick = 0x13E
[2026-08-09 16:01:51.6017411] UWorld::UnpausedTimeSeconds = 0x668
[2026-08-09 16:01:51.6017553] UWorld::bMarkedObjectsPendingKill = 0x708
[2026-08-09 16:01:51.6017693] UWorld::NumStreamingLevelsBeingLoaded = 0x6DA
[2026-08-09 16:01:51.6017833] UWorld::BlockTillLevelStreamingCompletedEpoch = 0x144
[2026-08-09 16:01:51.6017978] UWorld::bHasEverBeenInitialized = 0x13F
[2026-08-09 16:01:51.6018118] UWorld::UEP_TotalSize = 0x898
[2026-08-09 16:01:51.6018263] UDataTable::RowStruct = 0x28
[2026-08-09 16:01:51.6018408] UDataTable::RowMap = 0x30
[2026-08-09 16:01:51.6018553] UDataTable::bStripFromClientBuilds = 0x80
[2026-08-09 16:01:51.6018710] UDataTable::bIgnoreExtraFields = 0x80
[2026-08-09 16:01:51.6018862] UDataTable::bIgnoreMissingFields = 0x80
[2026-08-09 16:01:51.6019005] UDataTable::UEP_TotalSize = 0xB0
[2026-08-09 16:01:51.6019146] UDataTable::ImportKeyField = 0x88
[2026-08-09 16:01:51.6019290] FUObjectItem::Object = 0x0
[2026-08-09 16:01:51.6019430] FUObjectItem::SerialNumber = 0x10
[2026-08-09 16:01:51.6019574] FUObjectItem::Flags = 0x8
[2026-08-09 16:01:51.6019727] FUObjectItem::ClusterRootIndex = 0xC
[2026-08-09 16:01:51.6019886] FUObjectItem::UEP_TotalSize = 0x18
[2026-08-09 16:01:51.6020057] FUObjectArray::ObjFirstGCIndex = 0x0
[2026-08-09 16:01:51.6020216] FUObjectArray::ObjLastNonGCIndex = 0x4
[2026-08-09 16:01:51.6020364] FUObjectArray::ObjObjects = 0x10
[2026-08-09 16:01:51.6020512] FUObjectArray::UObjectCreateListeners = 0x68
[2026-08-09 16:01:51.6020668] FUObjectArray::OpenForDisregardForGC = 0xC
[2026-08-09 16:01:51.6020823] FUObjectArray::UObjectDeleteListeners = 0x78
[2026-08-09 16:01:51.6020983] FUObjectArray::ObjAvailableList = 0x58
[2026-08-09 16:01:51.6021132] FUObjectArray::MaxObjectsNotConsideredByGC = 0x8
[2026-08-09 16:01:51.6021280] FUObjectArray::PrimarySerialNumber = 0xB0
[2026-08-09 16:01:51.6021427] FUObjectArray::UEP_TotalSize = 0xB8
[2026-08-09 16:01:51.6021572] TUObjectArray::NumChunks = 0x1C
[2026-08-09 16:01:51.6021715] TUObjectArray::Objects = 0x0
[2026-08-09 16:01:51.6021856] TUObjectArray::UEP_TotalSize = 0x20
[2026-08-09 16:01:51.6022014] TUObjectArray::PreAllocatedObjects = 0x8
[2026-08-09 16:01:51.6022164] TUObjectArray::MaxElements = 0x10
[2026-08-09 16:01:51.6022307] TUObjectArray::NumElements = 0x14
[2026-08-09 16:01:51.6022448] TUObjectArray::MaxChunks = 0x18
[2026-08-09 16:01:51.6022589] 
##### MEMBER OFFSETS END (MemberVariableLayout) #####

[2026-08-09 16:01:51.6024292] DebugGame Setting Enabled? false
[2026-08-09 16:01:51.6046213] PS Scan attempt 1 (Phase 2)
[2026-08-09 16:01:51.6046567] [PS] Reading image
[2026-08-09 16:01:51.6047429] [PS] Starting scan
[2026-08-09 16:01:51.9332003] [PS] Scan finished in 328.4052ms
[2026-08-09 16:01:51.9332864] [PS] Found EngineVersion: 5.1
[2026-08-09 16:01:51.9333208] [PS] Found GUObjectArray: 0x7ff7e4db0580
[2026-08-09 16:01:51.9333496] [PS] Found GMalloc: 0x7ff7e4cd7f18
[2026-08-09 16:01:51.9333867] [PS] Found FName::ToString: 0x7ff7ded949f0
[2026-08-09 16:01:51.9334176] [PS] Found FName::FName(wchar_t*): 0x7ff7ded83820
[2026-08-09 16:01:51.9334434] [PS] Found StaticConstructObject_Internal: 0x7ff7def29190
[2026-08-09 16:01:51.9334714] [PS] Found FUObjectHashTables::Get(): 0x7ff7def32ea0
[2026-08-09 16:01:51.9334968] [PS] Found GNatives: 0x7ff7e4daf030
[2026-08-09 16:01:51.9335284] [PS] Failed to find ConsoleManagerSingleton: ConsoleManagerSingleton: found 2 unique values [7FF7DEC80730, 7FF7DFE72BB0]
[2026-08-09 16:01:51.9335547] [PS] You can supply your own AOB in 'UE4SS_Signatures/ConsoleManager.lua'
[2026-08-09 16:01:51.9335810] [PS] Found GameEngineTick: 0x7ff7e0b13c80
[2026-08-09 16:01:51.9336118] PS scan successful
[2026-08-09 16:01:51.9342033] Running second pass of Lua override scans
[2026-08-09 16:01:51.9342416] Lua Scan attempt 1 (Phase 2)
[2026-08-09 16:01:51.9342828] Verifying FName constructor...
[2026-08-09 16:01:51.9370558] [UE4SS.FNameConstructor.FNameConstructorVerificationHook] Added posthook with Id '0X8000200000000001'!
[2026-08-09 16:01:51.9396790] [UE4SS.EngineTick.FNameConstructorUnhooker] Added prehook with Id '0X6020000000000001'!
[2026-08-09 16:01:51.9397701] FName constructor verified at 0x00007FF7DED83820
[2026-08-09 16:01:51.9398123] Using engine version: 5.1
[2026-08-09 16:01:51.9398316] Waiting for object construction...
[2026-08-09 16:01:52.8950869] Locating KismetSystemLibrary...
[2026-08-09 16:01:52.9162920] Locating KismetSystemLibrary:Conv_NameToString...
[2026-08-09 16:01:59.6758904] Locating KismetSystemLibrary CDO...
[2026-08-09 16:01:59.7162101] Already constructed: ["/Script/CoreUObject", "Class"]
[2026-08-09 16:01:59.7163011] Already constructed: ["/Script/CoreUObject"]
[2026-08-09 16:01:59.7163567] Already constructed: ["/Script/CoreUObject", "Struct"]
[2026-08-09 16:01:59.7163880] Already constructed: ["/Script/Engine", "Pawn"]
[2026-08-09 16:01:59.7164173] Already constructed: ["/Script/Engine", "Character"]
[2026-08-09 16:01:59.7164406] Already constructed: ["/Script/Engine", "Actor"]
[2026-08-09 16:01:59.7166292] Already constructed: ["/Script/CoreUObject", "Vector"]
[2026-08-09 16:01:59.7172828] Already constructed: ["/Script/Engine", "Default__DefaultPawn"]
[2026-08-09 16:01:59.7174350] Already constructed: ["/Script/Engine", "HitResult"]
[2026-08-09 16:01:59.7180058] Already constructed: ["/Script/Engine", "Default__MaterialExpression"]
[2026-08-09 16:01:59.7180374] Already constructed: ["/Script/Engine", "ActorComponent"]
[2026-08-09 16:01:59.7181862] Already constructed: ["/Script/CoreUObject", "OrientedBox"]
[2026-08-09 16:01:59.7182549] Already constructed: ["/Script/Engine", "MovementComponent"]
[2026-08-09 16:01:59.7183249] Already constructed: ["/Script/Engine", "HUD"]
[2026-08-09 16:01:59.7183606] Already constructed: ["/Script/Engine", "PlayerController"]
[2026-08-09 16:01:59.7184441] Already constructed: ["/Script/Engine", "PlayerCameraManager"]
[2026-08-09 16:01:59.7185831] Already constructed: ["/Script/CoreUObject", "EInterpCurveMode"]
[2026-08-09 16:01:59.7187381] Already constructed: ["/Script/Engine", "ENetRole"]
[2026-08-09 16:01:59.7191161] Already constructed: ["/Script/MovieScene", "MovieSceneEditorData"]
[2026-08-09 16:01:59.7191640] Already constructed: ["/Script/UMG", "Widget"]
[2026-08-09 16:01:59.7193253] Already constructed: ["/Script/UMG", "ComboBoxString"]
[2026-08-09 16:01:59.7193579] Already constructed: ["/Script/CoreUObject", "Interface"]
[2026-08-09 16:01:59.7194149] Already constructed: ["/Script/CoreUObject", "DynamicClass"]
[2026-08-09 16:01:59.8720020] GameEngine::LoadMap address 0x7ff7e10ce4c0
[2026-08-09 16:01:59.8720656] GameEngine::Tick address (vtable: 0x7ff760ba0000; scan: 0x7ff7e0b13c80)
[2026-08-09 16:01:59.8720844] WARNING: VTable and scan addresses differ for UGameEngine::Tick. Potentially customized vtables.
[2026-08-09 16:01:59.8721023] GameEngine: 0x22929243250 GameEngine /Script/Engine.Default__GameEngine
[2026-08-09 16:01:59.8721182] VTable entries:
[2026-08-09 16:01:59.8721403] -8: 0x7ff7e10e2510
[2026-08-09 16:01:59.8721573] -7: 0x7ff7e10e2520
[2026-08-09 16:01:59.8721741] -6: 0x7ff7dec319f0
[2026-08-09 16:01:59.8721900] -5: 0x7ff7e10c1720
[2026-08-09 16:01:59.8722057] -4: 0x7ff7e0b0c9e0
[2026-08-09 16:01:59.8722212] -3: 0x7ff7e0b13090
[2026-08-09 16:01:59.8722386] -2: 0x7ff7e0b0eda0
[2026-08-09 16:01:59.8722564] -1: 0x7ff7e10d3ee0
[2026-08-09 16:01:59.8722724] S0: 0x7ff760ba0000
[2026-08-09 16:01:59.8722887] +1: 0x7ff7e10e1920
[2026-08-09 16:01:59.8723051] +2: 0x7ff7e10b5770
[2026-08-09 16:01:59.8723214] +3: 0x7ff7e0b08530
[2026-08-09 16:01:59.8723369] +4: 0x7ff7e10c2a50
[2026-08-09 16:01:59.8723527] +5: 0x7ff7e10dafe0
[2026-08-09 16:01:59.8723685] +6: 0x7ff7e10e17c0
[2026-08-09 16:01:59.8723840] +7: 0x7ff7e10cd4d0
[2026-08-09 16:01:59.8723996] +8: 0x7ff7e10d13d0
[2026-08-09 16:01:59.8724147] Using scan address for GameEngine::Tick
[2026-08-09 16:01:59.8724414] [UE4SS.EngineTick.GameThreadInitializer] Added prehook with Id '0X6020000000000002'!
[2026-08-09 16:01:59.8724590] GameModeBase::InitGameState address 0x7ff7e0b2e8d0
[2026-08-09 16:01:59.8724753] AActor::BeginPlay address 0x7ff7e079fc90
[2026-08-09 16:01:59.8724913] AActor::EndPlay address 0x7ff7e07a5c80
[2026-08-09 16:01:59.8725073] AActor::Tick address 0x7ff7e07b86e0
[2026-08-09 16:01:59.8725239] GameViewportClient::Tick address 0x7ff7e0b7d0e0
[2026-08-09 16:01:59.8725401] ProcessEvent address 0x7ff7def076c0
[2026-08-09 16:01:59.8725603] ProcessConsoleExec address 0x7ff7dc4b6530
[2026-08-09 16:01:59.8725798] UStruct::Link address 0x7ff7dee37020
[2026-08-09 16:01:59.8726023] Constructed 0 of 0 objects
[2026-08-09 16:02:00.0473212] FText size detected as 0x18 bytes.
[2026-08-09 16:02:00.0478419] ProcessInternal address: 0x7ff7def07b00
[2026-08-09 16:02:00.0478972] ProcessLocalScriptFunction address: 0x7ff7def07bb0
[2026-08-09 16:02:00.0479279] UnrealConfig.FExecVTableOffsetInLocalPlayer: 28
[2026-08-09 16:02:00.0479543] Post-initialization: GMalloc: 0x7ff7e4cd7f18 -> 0x22917147e50
[2026-08-09 16:02:00.0479879] Starting callback garbage collector![2026-08-09 16:02:00.0512396] [UE4SS.StaticConstructObject.ObjectSearcherPoolHook] Added posthook with Id '0X9000000000000001'!
[2026-08-09 16:02:00.0512857] 
##### MEMBER OFFSETS START (Coalesced) #####

[2026-08-09 16:02:00.0513039] UObjectBase::CustomTimeDilation = 0x64
[2026-08-09 16:02:00.0513196] UObjectBase::NamePrivate = 0x18
[2026-08-09 16:02:00.0513347] UObjectBase::ObjectFlags = 0x8
[2026-08-09 16:02:00.0513503] UObjectBase::World = 0x78
[2026-08-09 16:02:00.0513717] UObjectBase::ActiveSplitscreenType = 0x70
[2026-08-09 16:02:00.0513929] UObjectBase::ViewportConsole = 0x40
[2026-08-09 16:02:00.0514145] UObjectBase::bUseSoftwareCursorWidgets = 0x250
[2026-08-09 16:02:00.0514356] UObjectBase::ClassPrivate = 0x10
[2026-08-09 16:02:00.0514563] UObjectBase::bNetLoadOnClient = 0x59
[2026-08-09 16:02:00.0514770] UObjectBase::InternalIndex_Private = 0xC
[2026-08-09 16:02:00.0514984] UObjectBase::bDisableSplitScreenOverride = 0x398
[2026-08-09 16:02:00.0515184] UObjectBase::Window = 0x100
[2026-08-09 16:02:00.0515387] UObjectBase::OuterPrivate = 0x20
[2026-08-09 16:02:00.0515593] UObjectBase::bAlwaysRelevant = 0x58
[2026-08-09 16:02:00.0515802] UObjectBase::HardwareCursorCache = 0x160
[2026-08-09 16:02:00.0516010] UObjectBase::DebugProperties = 0x48
[2026-08-09 16:02:00.0516381] UObjectBase::bHidden = 0x58
[2026-08-09 16:02:00.0516633] UObjectBase::CurrentBufferVisualizationMode = 0x130
[2026-08-09 16:02:00.0516844] UObjectBase::UEP_TotalSize = 0x28
[2026-08-09 16:02:00.0517052] UObjectBase::RemoteRole = 0x68
[2026-08-09 16:02:00.0517262] UObjectBase::SplitscreenInfo = 0x58
[2026-08-09 16:02:00.0517468] UObjectBase::OnEndPlay = 0x1DF
[2026-08-09 16:02:00.0517672] UObjectBase::bHasAudioFocus = 0xFC
[2026-08-09 16:02:00.0517884] UObjectBase::ViewportOverlayWidget = 0x110
[2026-08-09 16:02:00.0518090] UObjectBase::MaxSplitscreenPlayers = 0x68
[2026-08-09 16:02:00.0518300] UObjectBase::ActorHasBegunPlay = 0x5D
[2026-08-09 16:02:00.0518509] UObjectBase::bNetTemporary = 0x58
[2026-08-09 16:02:00.0518717] UObjectBase::bShowTitleSafeZone = 0x6C
[2026-08-09 16:02:00.0518922] UObjectBase::bIsPlayInEditorViewport = 0x6C
[2026-08-09 16:02:00.0519131] UObjectBase::bDisableWorldRendering = 0x6C
[2026-08-09 16:02:00.0519338] UObjectBase::bTearOff = 0x59
[2026-08-09 16:02:00.0519548] UObjectBase::CurrentLumenVisualizationMode = 0x140
[2026-08-09 16:02:00.0519751] UObjectBase::bSuppressTransitionMessage = 0x88
[2026-08-09 16:02:00.0519958] UObjectBase::bReplicateMovement = 0x58
[2026-08-09 16:02:00.0520162] UObjectBase::ViewModeIndex = 0xB0
[2026-08-09 16:02:00.0520373] UObjectBase::bNetUseOwnerRelevancy = 0x59
[2026-08-09 16:02:00.0520579] UObjectBase::AutoReceiveInput = 0x153
[2026-08-09 16:02:00.0520787] UObjectBase::EngineShowFlags = 0xB8
[2026-08-09 16:02:00.0520995] UObjectBase::Viewport = 0xE8
[2026-08-09 16:02:00.0521240] UObjectBase::MouseLockMode = 0x39C
[2026-08-09 16:02:00.0521513] UObjectBase::ViewportFrame = 0xF0
[2026-08-09 16:02:00.0521715] UObjectBase::bReplicates = 0x5B
[2026-08-09 16:02:00.0521915] UObjectBase::GameLayerManagerPtr = 0x120
[2026-08-09 16:02:00.0522114] UObjectBase::HighResScreenshotDialog = 0x150
[2026-08-09 16:02:00.0522315] UObjectBase::CursorWidgets = 0x200
[2026-08-09 16:02:00.0522517] UObjectBase::StatUnitData = 0x388
[2026-08-09 16:02:00.0522719] UObjectBase::OnBeginCursorOver = 0x1D5
[2026-08-09 16:02:00.0522920] UObjectBase::StatHitchesData = 0x390
[2026-08-09 16:02:00.0523125] UObjectBase::bIgnoreInput = 0x399
[2026-08-09 16:02:00.0523330] UObjectBase::bRunningUserConstructionScript = 0x5C
[2026-08-09 16:02:00.0523536] UObjectBase::MouseCaptureMode = 0x39A
[2026-08-09 16:02:00.0523737] UObjectBase::bHideCursorDuringCapture = 0x39B
[2026-08-09 16:02:00.0523923] UObjectBase::AudioDeviceHandle = 0xF8
[2026-08-09 16:02:00.0524114] UObjectBase::HardwareCursors = 0x1B0
[2026-08-09 16:02:00.0524314] UObjectBase::bIsMouseOverClient = 0x39D
[2026-08-09 16:02:00.0524520] UObjectBase::bActorEnableCollision = 0x5C
[2026-08-09 16:02:00.0524722] UObjectBase::CurrentNaniteVisualizationMode = 0x138
[2026-08-09 16:02:00.0524926] UObjectBase::CurrentVirtualShadowMapVisualizationMode = 0x148
[2026-08-09 16:02:00.0525131] UObjectBase::PrimaryActorTick = 0x28
[2026-08-09 16:02:00.0525335] UObjectBase::bActorIsBeingConstructed = 0x5D
[2026-08-09 16:02:00.0525538] UObjectBase::bNetStartup = 0x58
[2026-08-09 16:02:00.0525742] UObjectBase::bOnlyRelevantToOwner = 0x58
[2026-08-09 16:02:00.0525945] UObjectBase::bExchangedRoles = 0x59
[2026-08-09 16:02:00.0526150] UObjectBase::bBlockInput = 0x5A
[2026-08-09 16:02:00.0526408] UObjectBase::bHasFinishedSpawning = 0x5C
[2026-08-09 16:02:00.0526612] UObjectBase::Owner = 0x140
[2026-08-09 16:02:00.0526814] UObjectBase::ReplicatedMovement = 0xD0
[2026-08-09 16:02:00.0527023] UObjectBase::bHasDeferredComponentRegistration = 0x5C
[2026-08-09 16:02:00.0527226] UObjectBase::AttachmentReplication = 0x70
[2026-08-09 16:02:00.0527427] UObjectBase::Role = 0x150
[2026-08-09 16:02:00.0527626] UObjectBase::NetDriverName = 0x148
[2026-08-09 16:02:00.0527829] UObjectBase::NetDormancy = 0x151
[2026-08-09 16:02:00.0528034] UObjectBase::bForceNetAddressable = 0x59
[2026-08-09 16:02:00.0528235] UObjectBase::InputPriority = 0x154
[2026-08-09 16:02:00.0528439] UObjectBase::InputComponent = 0x160
[2026-08-09 16:02:00.0528671] UObjectBase::NetCullDistanceSquared = 0x168
[2026-08-09 16:02:00.0528891] UObjectBase::NetTag = 0x16C
[2026-08-09 16:02:00.0529097] UObjectBase::NetUpdateFrequency = 0x170
[2026-08-09 16:02:00.0529301] UObjectBase::NetPriority = 0x178
[2026-08-09 16:02:00.0529505] UObjectBase::bAutoDestroyWhenFinished = 0x5A
[2026-08-09 16:02:00.0529712] UObjectBase::bCanBeDamaged = 0x5A
[2026-08-09 16:02:00.0529916] UObjectBase::bActorIsBeingDestroyed = 0x5D
[2026-08-09 16:02:00.0530119] UObjectBase::bCollideWhenPlacing = 0x5A
[2026-08-09 16:02:00.0530320] UObjectBase::bFindCameraComponentWhenViewTarget = 0x5A
[2026-08-09 16:02:00.0530525] UObjectBase::bRelevantForNetworkReplays = 0x59
[2026-08-09 16:02:00.0530734] UObjectBase::SpawnCollisionHandlingMethod = 0x152
[2026-08-09 16:02:00.0530939] UObjectBase::CreationTime = 0x158
[2026-08-09 16:02:00.0531147] UObjectBase::Children = 0x188
[2026-08-09 16:02:00.0531392] UObjectBase::RootComponent = 0x198
[2026-08-09 16:02:00.0531593] UObjectBase::InitialLifeSpan = 0x60
[2026-08-09 16:02:00.0531795] UObjectBase::TimerHandle_LifeSpanExpired = 0x1A0
[2026-08-09 16:02:00.0531999] UObjectBase::bAllowReceiveTickEventOnDedicatedServer = 0x5B
[2026-08-09 16:02:00.0532202] UObjectBase::Layers = 0x1A8
[2026-08-09 16:02:00.0532405] UObjectBase::bActorInitialized = 0x5C
[2026-08-09 16:02:00.0532606] UObjectBase::bActorSeamlessTraveled = 0x5B
[2026-08-09 16:02:00.0532809] UObjectBase::bIgnoresOriginShifting = 0x5A
[2026-08-09 16:02:00.0533025] UObjectBase::bHasRegisteredAllComponents = 0x5C
[2026-08-09 16:02:00.0533232] UObjectBase::bEnableAutoLODGeneration = 0x5B
[2026-08-09 16:02:00.0533472] UObjectBase::Tags = 0x1C0
[2026-08-09 16:02:00.0533671] UObjectBase::OnTakeAnyDamage = 0x1D0
[2026-08-09 16:02:00.0533868] UObjectBase::OnTakePointDamage = 0x1D1
[2026-08-09 16:02:00.0534069] UObjectBase::OnActorBeginOverlap = 0x1D3
[2026-08-09 16:02:00.0534273] UObjectBase::OnActorEndOverlap = 0x1D4
[2026-08-09 16:02:00.0534477] UObjectBase::OnEndCursorOver = 0x1D6
[2026-08-09 16:02:00.0534678] UObjectBase::OnClicked = 0x1D7
[2026-08-09 16:02:00.0534879] UObjectBase::OnReleased = 0x1D8
[2026-08-09 16:02:00.0535083] UObjectBase::OnInputTouchBegin = 0x1D9
[2026-08-09 16:02:00.0535281] UObjectBase::OnInputTouchEnd = 0x1DA
[2026-08-09 16:02:00.0535484] UObjectBase::OnInputTouchEnter = 0x1DB
[2026-08-09 16:02:00.0535686] UObjectBase::OnInputTouchLeave = 0x1DC
[2026-08-09 16:02:00.0535887] UObjectBase::OnActorHit = 0x1DD
[2026-08-09 16:02:00.0536088] UObjectBase::OnDestroyed = 0x1DE
[2026-08-09 16:02:00.0536460] UObjectBase::DetachFence = 0x280
[2026-08-09 16:02:00.0536690] UObjectBase::bAllowTickBeforeBeginPlay = 0x5A
[2026-08-09 16:02:00.0536895] UObjectBase::bTickFunctionsRegistered = 0x5C
[2026-08-09 16:02:00.0537102] UObjectBase::bNetCheckedInitialPhysicsState = 0x5B
[2026-08-09 16:02:00.0537302] UObjectBase::ParentComponent = 0x1B8
[2026-08-09 16:02:00.0537501] UObjectBase::MinNetUpdateFrequency = 0x174
[2026-08-09 16:02:00.0537706] UObjectBase::bGenerateOverlapEventsDuringLevelStreaming = 0x5A
[2026-08-09 16:02:00.0537906] UObjectBase::bCanBeInCluster = 0x5B
[2026-08-09 16:02:00.0538106] UObjectBase::bReplayRewindable = 0x59
[2026-08-09 16:02:00.0538309] UObjectBase::bIsEditorOnlyActor = 0x5B
[2026-08-09 16:02:00.0538510] UObjectBase::bActorWantsDestroyDuringBeginPlay = 0x5D
[2026-08-09 16:02:00.0538716] UObjectBase::OnTakeRadialDamage = 0x1D2
[2026-08-09 16:02:00.0538921] UObjectBase::bRelevantForLevelBounds = 0x59
[2026-08-09 16:02:00.0539116] UObjectBase::LastRenderTime = 0x17C
[2026-08-09 16:02:00.0539322] UObjectBase::bActorBeginningPlayFromLevelStreaming = 0x5C
[2026-08-09 16:02:00.0539521] UObjectBase::UpdateOverlapsMethodDuringLevelStreaming = 0x5E
[2026-08-09 16:02:00.0539724] UObjectBase::DefaultUpdateOverlapsMethodDuringLevelStreaming = 0x5F
[2026-08-09 16:02:00.0539930] UObjectBase::bCallPreReplication = 0x58
[2026-08-09 16:02:00.0540133] UObjectBase::bCallPreReplicationForReplay = 0x58
[2026-08-09 16:02:00.0540331] UObjectBase::RayTracingGroupId = 0x6C
[2026-08-09 16:02:00.0540533] UObjectBase::bReplicateUsingRegisteredSubObjectList = 0x5B
[2026-08-09 16:02:00.0540765] UObjectBase::bAsyncPhysicsTickEnabled = 0x5D
[2026-08-09 16:02:00.0540983] UObjectBase::ReplicatedSubObjects = 0x1E0
[2026-08-09 16:02:00.0541187] UObjectBase::ReplicatedComponentsInfo = 0x1F0
[2026-08-09 16:02:00.0541457] UScriptStruct::ICppStructOps::Size = 0x8
[2026-08-09 16:02:00.0541660] UScriptStruct::ICppStructOps::Alignment = 0xC
[2026-08-09 16:02:00.0541861] UScriptStruct::ICppStructOps::UEP_TotalSize = 0x10
[2026-08-09 16:02:00.0542068] UStruct::SuperStruct = 0x40
[2026-08-09 16:02:00.0542269] UStruct::DestructorLink = 0x80
[2026-08-09 16:02:00.0542470] UStruct::Children = 0x48
[2026-08-09 16:02:00.0542673] UStruct::PropertiesSize = 0x58
[2026-08-09 16:02:00.0542877] UStruct::UnresolvedScriptProperties = 0xA0
[2026-08-09 16:02:00.0543078] UStruct::MinAlignment = 0x5C
[2026-08-09 16:02:00.0543278] UStruct::PropertyLink = 0x70
[2026-08-09 16:02:00.0543480] UStruct::Script = 0x60
[2026-08-09 16:02:00.0543681] UStruct::RefLink = 0x78
[2026-08-09 16:02:00.0543884] UStruct::PostConstructLink = 0x88
[2026-08-09 16:02:00.0544083] UStruct::ChildProperties = 0x50
[2026-08-09 16:02:00.0544285] UStruct::ScriptAndPropertyObjectReferences = 0x90
[2026-08-09 16:02:00.0544490] UStruct::UEP_TotalSize = 0xB0
[2026-08-09 16:02:00.0544695] UScriptStruct::UEP_TotalSize = 0xC0
[2026-08-09 16:02:00.0544897] UScriptStruct::CppStructOps = 0xB8
[2026-08-09 16:02:00.0545140] UScriptStruct::StructFlags = 0xB0
[2026-08-09 16:02:00.0545353] UScriptStruct::bPrepareCppStructOpsCompleted = 0xB4
[2026-08-09 16:02:00.0545550] UClass::ClassConstructor = 0xB0
[2026-08-09 16:02:00.0545739] UClass::ClassVTableHelperCtorCaller = 0xB8
[2026-08-09 16:02:00.0545927] UClass::ClassUnique = 0xC8
[2026-08-09 16:02:00.0546117] UClass::ClassFlags = 0xD4
[2026-08-09 16:02:00.0546946] UClass::ClassCastFlags = 0xD8
[2026-08-09 16:02:00.0547221] UClass::ClassConfigName = 0xE8
[2026-08-09 16:02:00.0547445] UClass::bCooked = 0xD0
[2026-08-09 16:02:00.0547659] UClass::bLayoutChanging = 0xD1
[2026-08-09 16:02:00.0547870] UClass::ClassWithin = 0xE0
[2026-08-09 16:02:00.0548076] UClass::NetFields = 0x100
[2026-08-09 16:02:00.0548288] UClass::ClassDefaultObject = 0x110
[2026-08-09 16:02:00.0548495] UClass::FuncMap = 0x128
[2026-08-09 16:02:00.0548711] UClass::Interfaces = 0x1D0
[2026-08-09 16:02:00.0548922] UClass::FirstOwnedClassRep = 0xCC
[2026-08-09 16:02:00.0549132] UClass::ReferenceTokenStream = 0x1E0
[2026-08-09 16:02:00.0549344] UClass::NativeFunctionLookupTable = 0x220
[2026-08-09 16:02:00.0549553] UClass::SuperFuncMap = 0x178
[2026-08-09 16:02:00.0549765] UClass::SparseClassData = 0x118
[2026-08-09 16:02:00.0549973] UClass::SparseClassDataStruct = 0x120
[2026-08-09 16:02:00.0550185] UClass::UEP_TotalSize = 0x230
[2026-08-09 16:02:00.0550396] UEnum::CppType = 0x30
[2026-08-09 16:02:00.0550607] UEnum::EnumFlags_Internal = 0x5C
[2026-08-09 16:02:00.0550817] UEnum::Names = 0x48
[2026-08-09 16:02:00.0551028] UEnum::CppForm = 0x58
[2026-08-09 16:02:00.0551247] UEnum::EnumDisplayNameFn = 0x60
[2026-08-09 16:02:00.0551867] UEnum::EnumPackage = 0x68
[2026-08-09 16:02:00.0552082] UEnum::UEP_TotalSize = 0x70
[2026-08-09 16:02:00.0552295] UFunction::FunctionFlags = 0xB0
[2026-08-09 16:02:00.0552504] UFunction::NumParms = 0xB4
[2026-08-09 16:02:00.0552709] UFunction::ParmsSize = 0xB6
[2026-08-09 16:02:00.0552922] UFunction::FirstPropertyToInit = 0xC0
[2026-08-09 16:02:00.0553130] UFunction::RPCId = 0xBA
[2026-08-09 16:02:00.0553341] UFunction::ReturnValueOffset = 0xB8
[2026-08-09 16:02:00.0553551] UFunction::RPCResponseId = 0xBC
[2026-08-09 16:02:00.0553755] UFunction::EventGraphFunction = 0xC8
[2026-08-09 16:02:00.0553963] UFunction::EventGraphCallOffset = 0xD0
[2026-08-09 16:02:00.0554172] UFunction::Func = 0xD8
[2026-08-09 16:02:00.0554381] UFunction::UEP_TotalSize = 0xE0
[2026-08-09 16:02:00.0554593] UField::Next = 0x28
[2026-08-09 16:02:00.0554804] UField::UEP_TotalSize = 0x30
[2026-08-09 16:02:00.0555017] FField::ClassPrivate = 0x8
[2026-08-09 16:02:00.0555228] FField::Owner = 0x10
[2026-08-09 16:02:00.0555461] FField::Next = 0x20
[2026-08-09 16:02:00.0555689] FField::FlagsPrivate = 0x30
[2026-08-09 16:02:00.0555900] FField::NamePrivate = 0x28
[2026-08-09 16:02:00.0556111] FField::UEP_TotalSize = 0x38
[2026-08-09 16:02:00.0556376] FProperty::RepIndex = 0x48
[2026-08-09 16:02:00.0556586] FProperty::ArrayDim = 0x38
[2026-08-09 16:02:00.0556796] FProperty::ElementSize = 0x3C
[2026-08-09 16:02:00.0557008] FProperty::PropertyLinkNext = 0x58
[2026-08-09 16:02:00.0557256] FProperty::PropertyFlags = 0x40
[2026-08-09 16:02:00.0557469] FProperty::RepNotifyFunc = 0x50
[2026-08-09 16:02:00.0557681] FProperty::Offset_Internal = 0x4C
[2026-08-09 16:02:00.0557894] FProperty::NextRef = 0x60
[2026-08-09 16:02:00.0558112] FProperty::DestructorLinkNext = 0x68
[2026-08-09 16:02:00.0558326] FProperty::PostConstructLinkNext = 0x70
[2026-08-09 16:02:00.0558541] FProperty::UEP_TotalSize = 0x78
[2026-08-09 16:02:00.0558752] FNumericProperty::RepIndex = 0x48
[2026-08-09 16:02:00.0558964] FNumericProperty::ArrayDim = 0x38
[2026-08-09 16:02:00.0559174] FNumericProperty::ElementSize = 0x3C
[2026-08-09 16:02:00.0559388] FNumericProperty::PropertyLinkNext = 0x58
[2026-08-09 16:02:00.0559606] FNumericProperty::PropertyFlags = 0x40
[2026-08-09 16:02:00.0559820] FNumericProperty::RepNotifyFunc = 0x50
[2026-08-09 16:02:00.0560036] FNumericProperty::Offset_Internal = 0x4C
[2026-08-09 16:02:00.0560250] FNumericProperty::NextRef = 0x60
[2026-08-09 16:02:00.0560467] FNumericProperty::DestructorLinkNext = 0x68
[2026-08-09 16:02:00.0560677] FNumericProperty::PostConstructLinkNext = 0x70
[2026-08-09 16:02:00.0560891] FNumericProperty::UEP_TotalSize = 0x78
[2026-08-09 16:02:00.0561113] FObjectPropertyBase::PropertyClass = 0x78
[2026-08-09 16:02:00.0561455] FObjectPropertyBase::UEP_TotalSize = 0x80
[2026-08-09 16:02:00.0561678] FStructProperty::Struct = 0x78
[2026-08-09 16:02:00.0561894] FStructProperty::UEP_TotalSize = 0x80
[2026-08-09 16:02:00.0562109] FArrayProperty::ArrayFlags = 0x80
[2026-08-09 16:02:00.0562324] FArrayProperty::Inner = 0x78
[2026-08-09 16:02:00.0562532] FArrayProperty::UEP_TotalSize = 0x88
[2026-08-09 16:02:00.0562745] FMapProperty::KeyProp = 0x78
[2026-08-09 16:02:00.0562961] FMapProperty::MapLayout = 0x88
[2026-08-09 16:02:00.0563173] FMapProperty::ValueProp = 0x80
[2026-08-09 16:02:00.0563383] FMapProperty::MapFlags = 0xA0
[2026-08-09 16:02:00.0563594] FMapProperty::UEP_TotalSize = 0xA8
[2026-08-09 16:02:00.0563812] FSetProperty::ElementProp = 0x78
[2026-08-09 16:02:00.0564031] FSetProperty::UEP_TotalSize = 0x98
[2026-08-09 16:02:00.0564245] FSetProperty::SetLayout = 0x80
[2026-08-09 16:02:00.0564460] FBoolProperty::ByteOffset = 0x79
[2026-08-09 16:02:00.0564668] FBoolProperty::FieldSize = 0x78
[2026-08-09 16:02:00.0564881] FBoolProperty::FieldMask = 0x7B
[2026-08-09 16:02:00.0565098] FBoolProperty::ByteMask = 0x7A
[2026-08-09 16:02:00.0565308] FBoolProperty::UEP_TotalSize = 0x80
[2026-08-09 16:02:00.0565518] FByteProperty::Enum = 0x78
[2026-08-09 16:02:00.0565728] FByteProperty::UEP_TotalSize = 0x80
[2026-08-09 16:02:00.0565943] FEnumProperty::UEP_TotalSize = 0x88
[2026-08-09 16:02:00.0566149] FEnumProperty::UnderlyingProp = 0x78
[2026-08-09 16:02:00.0566419] FEnumProperty::Enum = 0x80
[2026-08-09 16:02:00.0566639] FClassProperty::MetaClass = 0x80
[2026-08-09 16:02:00.0566851] FClassProperty::UEP_TotalSize = 0x88
[2026-08-09 16:02:00.0567067] FSoftClassProperty::MetaClass = 0x80
[2026-08-09 16:02:00.0567284] FSoftClassProperty::UEP_TotalSize = 0x88
[2026-08-09 16:02:00.0567502] FDelegateProperty::SignatureFunction = 0x78
[2026-08-09 16:02:00.0567716] FDelegateProperty::UEP_TotalSize = 0x80
[2026-08-09 16:02:00.0567934] FMulticastDelegateProperty::SignatureFunction = 0x78
[2026-08-09 16:02:00.0568152] FMulticastDelegateProperty::UEP_TotalSize = 0x80
[2026-08-09 16:02:00.0568369] FInterfaceProperty::InterfaceClass = 0x78
[2026-08-09 16:02:00.0568582] FInterfaceProperty::UEP_TotalSize = 0x80
[2026-08-09 16:02:00.0568800] FFieldPathProperty::PropertyClass = 0x78
[2026-08-09 16:02:00.0569010] FFieldPathProperty::UEP_TotalSize = 0x80
[2026-08-09 16:02:00.0569299] FWorldContext::ThisCurrentWorld = 0x2C0
[2026-08-09 16:02:00.0569532] FWorldContext::ExternalReferences = 0x2B0
[2026-08-09 16:02:00.0569754] FWorldContext::LastRemoteURL = 0x128
[2026-08-09 16:02:00.0569976] FWorldContext::ContextHandle = 0xA0
[2026-08-09 16:02:00.0570193] FWorldContext::PendingMapChangeFailureDescription = 0x1C8
[2026-08-09 16:02:00.0570414] FWorldContext::TravelURL = 0xA8
[2026-08-09 16:02:00.0570633] FWorldContext::TravelType = 0xB8
[2026-08-09 16:02:00.0570851] FWorldContext::LastURL = 0xC0
[2026-08-09 16:02:00.0571076] FWorldContext::LevelsToLoadForPendingMapChange = 0x1A8
[2026-08-09 16:02:00.0571400] FWorldContext::GarbageObjectsToVerify = 0x260
[2026-08-09 16:02:00.0571629] FWorldContext::bShouldCommitPendingMapChange = 0x1D8
[2026-08-09 16:02:00.0571848] FWorldContext::GameViewport = 0x200
[2026-08-09 16:02:00.0572065] FWorldContext::PIEInstance = 0x220
[2026-08-09 16:02:00.0572282] FWorldContext::PIEFixedTickSeconds = 0x258
[2026-08-09 16:02:00.0572500] FWorldContext::PIEPrefix = 0x228
[2026-08-09 16:02:00.0572715] FWorldContext::RunAsDedicated = 0x23C
[2026-08-09 16:02:00.0572926] FWorldContext::bWaitingOnOnlineSubsystem = 0x23D
[2026-08-09 16:02:00.0573140] FWorldContext::CustomDescription = 0x248
[2026-08-09 16:02:00.0573357] FWorldContext::AudioDeviceID = 0x240
[2026-08-09 16:02:00.0573577] FWorldContext::PIEAccumulatedTickSeconds = 0x25C
[2026-08-09 16:02:00.0573793] FWorldContext::bIsPrimaryPIEInstance = 0x23E
[2026-08-09 16:02:00.0574013] FWorldContext::UEP_TotalSize = 0x2C8
[2026-08-09 16:02:00.0574235] FOutputDevice::bSuppressEventTag = 0x8
[2026-08-09 16:02:00.0574451] FOutputDevice::bAutoEmitLineTerminator = 0x9
[2026-08-09 16:02:00.0574660] FOutputDevice::UEP_TotalSize = 0x10
[2026-08-09 16:02:00.0574870] FArchiveState::ArIsTextFormat = 0x28
[2026-08-09 16:02:00.0575086] FArchiveState::ArIsLoading = 0x28
[2026-08-09 16:02:00.0575352] FArchiveState::ArPortFlags = 0x30
[2026-08-09 16:02:00.0575606] FArchiveState::ArIsTransacting = 0x28
[2026-08-09 16:02:00.0575822] FArchiveState::ArIsSaving = 0x28
[2026-08-09 16:02:00.0576031] FArchiveState::ArForceUnicode = 0x28
[2026-08-09 16:02:00.0576244] FArchiveState::ArIsModifyingWeakAndStrongReferences = 0x2B
[2026-08-09 16:02:00.0576530] FArchiveState::ArUseUnversionedPropertySerialization = 0x28
[2026-08-09 16:02:00.0576753] FArchiveState::ArWantBinaryPropertySerialization = 0x28
[2026-08-09 16:02:00.0576968] FArchiveState::ArIsObjectReferenceCollector = 0x2A
[2026-08-09 16:02:00.0577176] FArchiveState::ArIsPersistent = 0x29
[2026-08-09 16:02:00.0577389] FArchiveState::ArForceByteSwapping = 0x29
[2026-08-09 16:02:00.0577603] FArchiveState::ArIsError = 0x29
[2026-08-09 16:02:00.0577811] FArchiveState::ArUEVer = 0x40
[2026-08-09 16:02:00.0578029] FArchiveState::ArIsCriticalError = 0x29
[2026-08-09 16:02:00.0578250] FArchiveState::ArCustomPropertyList = 0x68
[2026-08-09 16:02:00.0578470] FArchiveState::ArContainsCode = 0x29
[2026-08-09 16:02:00.0578688] FArchiveState::ArIsNetArchive = 0x2B
[2026-08-09 16:02:00.0578904] FArchiveState::ArContainsMap = 0x29
[2026-08-09 16:02:00.0579124] FArchiveState::ArRequiresLocalizationGather = 0x29
[2026-08-09 16:02:00.0579341] FArchiveState::ArIgnoreArchetypeRef = 0x2A
[2026-08-09 16:02:00.0579558] FArchiveState::ArNoDelta = 0x2A
[2026-08-09 16:02:00.0579776] FArchiveState::ArNoIntraPropertyDelta = 0x2A
[2026-08-09 16:02:00.0579996] FArchiveState::ArIgnoreOuterRef = 0x2A
[2026-08-09 16:02:00.0580215] FArchiveState::ArIgnoreClassGeneratedByRef = 0x2A
[2026-08-09 16:02:00.0580439] FArchiveState::ArLicenseeUEVer = 0x48
[2026-08-09 16:02:00.0580659] FArchiveState::ArIgnoreClassRef = 0x2A
[2026-08-09 16:02:00.0580878] FArchiveState::ArAllowLazyLoading = 0x2A
[2026-08-09 16:02:00.0581104] FArchiveState::NextProxy = 0x90
[2026-08-09 16:02:00.0581397] FArchiveState::ArIsCountingMemory = 0x2B
[2026-08-09 16:02:00.0581619] FArchiveState::bCustomVersionsAreReset = 0x88
[2026-08-09 16:02:00.0581844] FArchiveState::ArEngineNetVer = 0x58
[2026-08-09 16:02:00.0582067] FArchiveState::ArShouldSkipBulkData = 0x2B
[2026-08-09 16:02:00.0582311] FArchiveState::ArIsFilterEditorOnly = 0x2B
[2026-08-09 16:02:00.0582549] FArchiveState::ArIsSaveGame = 0x2B
[2026-08-09 16:02:00.0582772] FArchiveState::ArUseCustomPropertyList = 0x2B
[2026-08-09 16:02:00.0582993] FArchiveState::UEP_TotalSize = 0x98
[2026-08-09 16:02:00.0583215] FArchiveState::ArSerializingDefaults = 0x2C
[2026-08-09 16:02:00.0583437] FArchiveState::ArShouldSkipCompilingAssets = 0x29
[2026-08-09 16:02:00.0583658] FArchiveState::ArMaxSerializeSize = 0x38
[2026-08-09 16:02:00.0583875] FArchiveState::ArEngineVer = 0x4C
[2026-08-09 16:02:00.0584094] FArchiveState::ArGameNetVer = 0x5C
[2026-08-09 16:02:00.0584314] FArchiveState::CustomVersionContainer = 0x60
[2026-08-09 16:02:00.0584540] FArchiveState::SerializedProperty = 0x78
[2026-08-09 16:02:00.0584764] FArchiveState::ArIsLoadingFromCookedPackage = 0x28
[2026-08-09 16:02:00.0584987] AActor::CustomTimeDilation = 0x64
[2026-08-09 16:02:00.0585210] AActor::NamePrivate = 0x18
[2026-08-09 16:02:00.0585435] AActor::ObjectFlags = 0x8
[2026-08-09 16:02:00.0585658] AActor::World = 0x78
[2026-08-09 16:02:00.0585881] AActor::ActiveSplitscreenType = 0x70
[2026-08-09 16:02:00.0586106] AActor::ViewportConsole = 0x40
[2026-08-09 16:02:00.0586362] AActor::bUseSoftwareCursorWidgets = 0x250
[2026-08-09 16:02:00.0586590] AActor::ClassPrivate = 0x10
[2026-08-09 16:02:00.0586814] AActor::bNetLoadOnClient = 0x59
[2026-08-09 16:02:00.0587040] AActor::InternalIndex_Private = 0xC
[2026-08-09 16:02:00.0587264] AActor::bDisableSplitScreenOverride = 0x398
[2026-08-09 16:02:00.0587485] AActor::Window = 0x100
[2026-08-09 16:02:00.0587711] AActor::OuterPrivate = 0x20
[2026-08-09 16:02:00.0587934] AActor::bAlwaysRelevant = 0x58
[2026-08-09 16:02:00.0588160] AActor::HardwareCursorCache = 0x160
[2026-08-09 16:02:00.0588387] AActor::DebugProperties = 0x48
[2026-08-09 16:02:00.0588611] AActor::bHidden = 0x58
[2026-08-09 16:02:00.0588837] AActor::CurrentBufferVisualizationMode = 0x130
[2026-08-09 16:02:00.0589065] AActor::UEP_TotalSize = 0x28
[2026-08-09 16:02:00.0589288] AActor::RemoteRole = 0x68
[2026-08-09 16:02:00.0589512] AActor::SplitscreenInfo = 0x58
[2026-08-09 16:02:00.0589738] AActor::OnEndPlay = 0x1DF
[2026-08-09 16:02:00.0589961] AActor::bHasAudioFocus = 0xFC
[2026-08-09 16:02:00.0590185] AActor::ViewportOverlayWidget = 0x110
[2026-08-09 16:02:00.0590409] AActor::MaxSplitscreenPlayers = 0x68
[2026-08-09 16:02:00.0590636] AActor::ActorHasBegunPlay = 0x5D
[2026-08-09 16:02:00.0590861] AActor::bNetTemporary = 0x58
[2026-08-09 16:02:00.0591088] AActor::bShowTitleSafeZone = 0x6C
[2026-08-09 16:02:00.0591346] AActor::bIsPlayInEditorViewport = 0x6C
[2026-08-09 16:02:00.0591575] AActor::bDisableWorldRendering = 0x6C
[2026-08-09 16:02:00.0591799] AActor::bTearOff = 0x59
[2026-08-09 16:02:00.0592027] AActor::CurrentLumenVisualizationMode = 0x140
[2026-08-09 16:02:00.0592240] AActor::bSuppressTransitionMessage = 0x88
[2026-08-09 16:02:00.0592453] AActor::bReplicateMovement = 0x58
[2026-08-09 16:02:00.0592680] AActor::ViewModeIndex = 0xB0
[2026-08-09 16:02:00.0592906] AActor::bNetUseOwnerRelevancy = 0x59
[2026-08-09 16:02:00.0593137] AActor::AutoReceiveInput = 0x153
[2026-08-09 16:02:00.0593363] AActor::EngineShowFlags = 0xB8
[2026-08-09 16:02:00.0593629] AActor::Viewport = 0xE8
[2026-08-09 16:02:00.0593855] AActor::MouseLockMode = 0x39C
[2026-08-09 16:02:00.0594076] AActor::ViewportFrame = 0xF0
[2026-08-09 16:02:00.0594298] AActor::bReplicates = 0x5B
[2026-08-09 16:02:00.0594525] AActor::GameLayerManagerPtr = 0x120
[2026-08-09 16:02:00.0594747] AActor::HighResScreenshotDialog = 0x150
[2026-08-09 16:02:00.0594972] AActor::CursorWidgets = 0x200
[2026-08-09 16:02:00.0595194] AActor::StatUnitData = 0x388
[2026-08-09 16:02:00.0595421] AActor::OnBeginCursorOver = 0x1D5
[2026-08-09 16:02:00.0595648] AActor::StatHitchesData = 0x390
[2026-08-09 16:02:00.0595871] AActor::bIgnoreInput = 0x399
[2026-08-09 16:02:00.0596100] AActor::bRunningUserConstructionScript = 0x5C
[2026-08-09 16:02:00.0596438] AActor::MouseCaptureMode = 0x39A
[2026-08-09 16:02:00.0596693] AActor::bHideCursorDuringCapture = 0x39B
[2026-08-09 16:02:00.0596926] AActor::AudioDeviceHandle = 0xF8
[2026-08-09 16:02:00.0597152] AActor::HardwareCursors = 0x1B0
[2026-08-09 16:02:00.0597373] AActor::bIsMouseOverClient = 0x39D
[2026-08-09 16:02:00.0597602] AActor::bActorEnableCollision = 0x5C
[2026-08-09 16:02:00.0597828] AActor::CurrentNaniteVisualizationMode = 0x138
[2026-08-09 16:02:00.0598068] AActor::CurrentVirtualShadowMapVisualizationMode = 0x148
[2026-08-09 16:02:00.0598311] AActor::PrimaryActorTick = 0x28
[2026-08-09 16:02:00.0598535] AActor::bActorIsBeingConstructed = 0x5D
[2026-08-09 16:02:00.0598762] AActor::bNetStartup = 0x58
[2026-08-09 16:02:00.0598984] AActor::bOnlyRelevantToOwner = 0x58
[2026-08-09 16:02:00.0599216] AActor::bExchangedRoles = 0x59
[2026-08-09 16:02:00.0599441] AActor::bBlockInput = 0x5A
[2026-08-09 16:02:00.0599661] AActor::bHasFinishedSpawning = 0x5C
[2026-08-09 16:02:00.0599874] AActor::Owner = 0x140
[2026-08-09 16:02:00.0600109] AActor::ReplicatedMovement = 0xD0
[2026-08-09 16:02:00.0600336] AActor::bHasDeferredComponentRegistration = 0x5C
[2026-08-09 16:02:00.0600558] AActor::AttachmentReplication = 0x70
[2026-08-09 16:02:00.0600784] AActor::Role = 0x150
[2026-08-09 16:02:00.0601015] AActor::NetDriverName = 0x148
[2026-08-09 16:02:00.0601247] AActor::NetDormancy = 0x151
[2026-08-09 16:02:00.0601534] AActor::bForceNetAddressable = 0x59
[2026-08-09 16:02:00.0601761] AActor::InputPriority = 0x154
[2026-08-09 16:02:00.0601992] AActor::InputComponent = 0x160
[2026-08-09 16:02:00.0602223] AActor::NetCullDistanceSquared = 0x168
[2026-08-09 16:02:00.0602451] AActor::NetTag = 0x16C
[2026-08-09 16:02:00.0602677] AActor::NetUpdateFrequency = 0x170
[2026-08-09 16:02:00.0602901] AActor::NetPriority = 0x178
[2026-08-09 16:02:00.0603128] AActor::bAutoDestroyWhenFinished = 0x5A
[2026-08-09 16:02:00.0603355] AActor::bCanBeDamaged = 0x5A
[2026-08-09 16:02:00.0603582] AActor::bActorIsBeingDestroyed = 0x5D
[2026-08-09 16:02:00.0603806] AActor::bCollideWhenPlacing = 0x5A
[2026-08-09 16:02:00.0604037] AActor::bFindCameraComponentWhenViewTarget = 0x5A
[2026-08-09 16:02:00.0604259] AActor::bRelevantForNetworkReplays = 0x59
[2026-08-09 16:02:00.0604476] AActor::SpawnCollisionHandlingMethod = 0x152
[2026-08-09 16:02:00.0604692] AActor::CreationTime = 0x158
[2026-08-09 16:02:00.0604897] AActor::Children = 0x188
[2026-08-09 16:02:00.0605112] AActor::RootComponent = 0x198
[2026-08-09 16:02:00.0605331] AActor::InitialLifeSpan = 0x60
[2026-08-09 16:02:00.0605586] AActor::TimerHandle_LifeSpanExpired = 0x1A0
[2026-08-09 16:02:00.0605804] AActor::bAllowReceiveTickEventOnDedicatedServer = 0x5B
[2026-08-09 16:02:00.0606015] AActor::Layers = 0x1A8
[2026-08-09 16:02:00.0606223] AActor::bActorInitialized = 0x5C
[2026-08-09 16:02:00.0606651] AActor::bActorSeamlessTraveled = 0x5B
[2026-08-09 16:02:00.0606888] AActor::bIgnoresOriginShifting = 0x5A
[2026-08-09 16:02:00.0607096] AActor::bHasRegisteredAllComponents = 0x5C
[2026-08-09 16:02:00.0607306] AActor::bEnableAutoLODGeneration = 0x5B
[2026-08-09 16:02:00.0607521] AActor::Tags = 0x1C0
[2026-08-09 16:02:00.0607733] AActor::OnTakeAnyDamage = 0x1D0
[2026-08-09 16:02:00.0607948] AActor::OnTakePointDamage = 0x1D1
[2026-08-09 16:02:00.0608163] AActor::OnActorBeginOverlap = 0x1D3
[2026-08-09 16:02:00.0608371] AActor::OnActorEndOverlap = 0x1D4
[2026-08-09 16:02:00.0608579] AActor::OnEndCursorOver = 0x1D6
[2026-08-09 16:02:00.0608788] AActor::OnClicked = 0x1D7
[2026-08-09 16:02:00.0608997] AActor::OnReleased = 0x1D8
[2026-08-09 16:02:00.0609205] AActor::OnInputTouchBegin = 0x1D9
[2026-08-09 16:02:00.0609418] AActor::OnInputTouchEnd = 0x1DA
[2026-08-09 16:02:00.0609628] AActor::OnInputTouchEnter = 0x1DB
[2026-08-09 16:02:00.0609837] AActor::OnInputTouchLeave = 0x1DC
[2026-08-09 16:02:00.0610054] AActor::OnActorHit = 0x1DD
[2026-08-09 16:02:00.0610264] AActor::OnDestroyed = 0x1DE
[2026-08-09 16:02:00.0610485] AActor::DetachFence = 0x280
[2026-08-09 16:02:00.0610697] AActor::bAllowTickBeforeBeginPlay = 0x5A
[2026-08-09 16:02:00.0610904] AActor::bTickFunctionsRegistered = 0x5C
[2026-08-09 16:02:00.0611140] AActor::bNetCheckedInitialPhysicsState = 0x5B
[2026-08-09 16:02:00.0611453] AActor::ParentComponent = 0x1B8
[2026-08-09 16:02:00.0611668] AActor::MinNetUpdateFrequency = 0x174
[2026-08-09 16:02:00.0611888] AActor::bGenerateOverlapEventsDuringLevelStreaming = 0x5A
[2026-08-09 16:02:00.0612100] AActor::bCanBeInCluster = 0x5B
[2026-08-09 16:02:00.0612313] AActor::bReplayRewindable = 0x59
[2026-08-09 16:02:00.0612528] AActor::bIsEditorOnlyActor = 0x5B
[2026-08-09 16:02:00.0612747] AActor::bActorWantsDestroyDuringBeginPlay = 0x5D
[2026-08-09 16:02:00.0612963] AActor::OnTakeRadialDamage = 0x1D2
[2026-08-09 16:02:00.0613179] AActor::bRelevantForLevelBounds = 0x59
[2026-08-09 16:02:00.0613394] AActor::LastRenderTime = 0x17C
[2026-08-09 16:02:00.0613613] AActor::bActorBeginningPlayFromLevelStreaming = 0x5C
[2026-08-09 16:02:00.0613833] AActor::UpdateOverlapsMethodDuringLevelStreaming = 0x5E
[2026-08-09 16:02:00.0614053] AActor::DefaultUpdateOverlapsMethodDuringLevelStreaming = 0x5F
[2026-08-09 16:02:00.0614273] AActor::bCallPreReplication = 0x58
[2026-08-09 16:02:00.0614492] AActor::bCallPreReplicationForReplay = 0x58
[2026-08-09 16:02:00.0614710] AActor::RayTracingGroupId = 0x6C
[2026-08-09 16:02:00.0614930] AActor::bReplicateUsingRegisteredSubObjectList = 0x5B
[2026-08-09 16:02:00.0615147] AActor::bAsyncPhysicsTickEnabled = 0x5D
[2026-08-09 16:02:00.0615368] AActor::ReplicatedSubObjects = 0x1E0
[2026-08-09 16:02:00.0615587] AActor::ReplicatedComponentsInfo = 0x1F0
[2026-08-09 16:02:00.0615810] AGameModeBase::OptionsString = 0x290
[2026-08-09 16:02:00.0616029] AGameModeBase::GameSessionClass = 0x2A0
[2026-08-09 16:02:00.0616249] AGameModeBase::bUseSeamlessTravel = 0x318
[2026-08-09 16:02:00.0616558] AGameModeBase::PlayerStateClass = 0x2B8
[2026-08-09 16:02:00.0616779] AGameModeBase::DefaultPlayerName = 0x300
[2026-08-09 16:02:00.0617001] AGameModeBase::HUDClass = 0x2C0
[2026-08-09 16:02:00.0617223] AGameModeBase::SpectatorClass = 0x2D0
[2026-08-09 16:02:00.0617445] AGameModeBase::GameSession = 0x2E8
[2026-08-09 16:02:00.0617666] AGameModeBase::bStartPlayersAsSpectators = 0x318
[2026-08-09 16:02:00.0617888] AGameModeBase::bPauseable = 0x318
[2026-08-09 16:02:00.0618109] AGameModeBase::ServerStatReplicatorClass = 0x2E0
[2026-08-09 16:02:00.0618329] AGameModeBase::ServerStatReplicator = 0x2F8
[2026-08-09 16:02:00.0618549] AGameModeBase::UEP_TotalSize = 0x330
[2026-08-09 16:02:00.0618770] AGameMode::NumBots = 0x344
[2026-08-09 16:02:00.0618994] AGameMode::MatchState = 0x330
[2026-08-09 16:02:00.0619216] AGameMode::NumSpectators = 0x33C
[2026-08-09 16:02:00.0619434] AGameMode::NumPlayers = 0x340
[2026-08-09 16:02:00.0619655] AGameMode::bDelayedStart = 0x338
[2026-08-09 16:02:00.0619880] AGameMode::MinRespawnDelay = 0x348
[2026-08-09 16:02:00.0620101] AGameMode::EngineMessageClass = 0x350
[2026-08-09 16:02:00.0620325] AGameMode::NumTravellingPlayers = 0x34C
[2026-08-09 16:02:00.0620542] AGameMode::InactivePlayerArray = 0x358
[2026-08-09 16:02:00.0620766] AGameMode::InactivePlayerStateLifeSpan = 0x368
[2026-08-09 16:02:00.0620985] AGameMode::bHandleDedicatedServerReplays = 0x370
[2026-08-09 16:02:00.0621208] AGameMode::MaxInactivePlayers = 0x36C
[2026-08-09 16:02:00.0621501] AGameMode::UEP_TotalSize = 0x378
[2026-08-09 16:02:00.0621724] UEngine::CustomTimeDilation = 0x64
[2026-08-09 16:02:00.0621947] UEngine::NamePrivate = 0x18
[2026-08-09 16:02:00.0622170] UEngine::ObjectFlags = 0x8
[2026-08-09 16:02:00.0622391] UEngine::World = 0x78
[2026-08-09 16:02:00.0622615] UEngine::ActiveSplitscreenType = 0x70
[2026-08-09 16:02:00.0622836] UEngine::ViewportConsole = 0x40
[2026-08-09 16:02:00.0623063] UEngine::bUseSoftwareCursorWidgets = 0x250
[2026-08-09 16:02:00.0623289] UEngine::ClassPrivate = 0x10
[2026-08-09 16:02:00.0623517] UEngine::bNetLoadOnClient = 0x59
[2026-08-09 16:02:00.0623749] UEngine::InternalIndex_Private = 0xC
[2026-08-09 16:02:00.0623976] UEngine::bDisableSplitScreenOverride = 0x398
[2026-08-09 16:02:00.0624203] UEngine::Window = 0x100
[2026-08-09 16:02:00.0624430] UEngine::OuterPrivate = 0x20
[2026-08-09 16:02:00.0624676] UEngine::bAlwaysRelevant = 0x58
[2026-08-09 16:02:00.0624910] UEngine::HardwareCursorCache = 0x160
[2026-08-09 16:02:00.0625138] UEngine::DebugProperties = 0x48
[2026-08-09 16:02:00.0625361] UEngine::bHidden = 0x58
[2026-08-09 16:02:00.0625583] UEngine::CurrentBufferVisualizationMode = 0x130
[2026-08-09 16:02:00.0625809] UEngine::UEP_TotalSize = 0x28
[2026-08-09 16:02:00.0626037] UEngine::RemoteRole = 0x68
[2026-08-09 16:02:00.0626342] UEngine::SplitscreenInfo = 0x58
[2026-08-09 16:02:00.0626578] UEngine::OnEndPlay = 0x1DF
[2026-08-09 16:02:00.0626806] UEngine::bHasAudioFocus = 0xFC
[2026-08-09 16:02:00.0627032] UEngine::ViewportOverlayWidget = 0x110
[2026-08-09 16:02:00.0627259] UEngine::MaxSplitscreenPlayers = 0x68
[2026-08-09 16:02:00.0627482] UEngine::ActorHasBegunPlay = 0x5D
[2026-08-09 16:02:00.0627707] UEngine::bNetTemporary = 0x58
[2026-08-09 16:02:00.0627934] UEngine::bShowTitleSafeZone = 0x6C
[2026-08-09 16:02:00.0628166] UEngine::bIsPlayInEditorViewport = 0x6C
[2026-08-09 16:02:00.0628394] UEngine::bDisableWorldRendering = 0x6C
[2026-08-09 16:02:00.0628621] UEngine::bTearOff = 0x59
[2026-08-09 16:02:00.0628847] UEngine::CurrentLumenVisualizationMode = 0x140
[2026-08-09 16:02:00.0629071] UEngine::bSuppressTransitionMessage = 0x88
[2026-08-09 16:02:00.0629297] UEngine::bReplicateMovement = 0x58
[2026-08-09 16:02:00.0629525] UEngine::ViewModeIndex = 0xB0
[2026-08-09 16:02:00.0629752] UEngine::bNetUseOwnerRelevancy = 0x59
[2026-08-09 16:02:00.0629982] UEngine::AutoReceiveInput = 0x153
[2026-08-09 16:02:00.0630209] UEngine::EngineShowFlags = 0xB8
[2026-08-09 16:02:00.0630433] UEngine::Viewport = 0xE8
[2026-08-09 16:02:00.0630663] UEngine::MouseLockMode = 0x39C
[2026-08-09 16:02:00.0630891] UEngine::ViewportFrame = 0xF0
[2026-08-09 16:02:00.0631119] UEngine::bReplicates = 0x5B
[2026-08-09 16:02:00.0631385] UEngine::GameLayerManagerPtr = 0x120
[2026-08-09 16:02:00.0631623] UEngine::HighResScreenshotDialog = 0x150
[2026-08-09 16:02:00.0631850] UEngine::CursorWidgets = 0x200
[2026-08-09 16:02:00.0632075] UEngine::StatUnitData = 0x388
[2026-08-09 16:02:00.0632302] UEngine::OnBeginCursorOver = 0x1D5
[2026-08-09 16:02:00.0632536] UEngine::StatHitchesData = 0x390
[2026-08-09 16:02:00.0632765] UEngine::bIgnoreInput = 0x399
[2026-08-09 16:02:00.0632989] UEngine::bRunningUserConstructionScript = 0x5C
[2026-08-09 16:02:00.0633221] UEngine::MouseCaptureMode = 0x39A
[2026-08-09 16:02:00.0633452] UEngine::bHideCursorDuringCapture = 0x39B
[2026-08-09 16:02:00.0633681] UEngine::AudioDeviceHandle = 0xF8
[2026-08-09 16:02:00.0633898] UEngine::HardwareCursors = 0x1B0
[2026-08-09 16:02:00.0634111] UEngine::bIsMouseOverClient = 0x39D
[2026-08-09 16:02:00.0634336] UEngine::bActorEnableCollision = 0x5C
[2026-08-09 16:02:00.0634575] UEngine::CurrentNaniteVisualizationMode = 0x138
[2026-08-09 16:02:00.0634813] UEngine::CurrentVirtualShadowMapVisualizationMode = 0x148
[2026-08-09 16:02:00.0635051] UEngine::PrimaryActorTick = 0x28
[2026-08-09 16:02:00.0635293] UEngine::bActorIsBeingConstructed = 0x5D
[2026-08-09 16:02:00.0635533] UEngine::bNetStartup = 0x58
[2026-08-09 16:02:00.0635774] UEngine::bOnlyRelevantToOwner = 0x58
[2026-08-09 16:02:00.0636013] UEngine::bExchangedRoles = 0x59
[2026-08-09 16:02:00.0636246] UEngine::bBlockInput = 0x5A
[2026-08-09 16:02:00.0636530] UEngine::bHasFinishedSpawning = 0x5C
[2026-08-09 16:02:00.0636769] UEngine::Owner = 0x140
[2026-08-09 16:02:00.0637001] UEngine::ReplicatedMovement = 0xD0
[2026-08-09 16:02:00.0637237] UEngine::bHasDeferredComponentRegistration = 0x5C
[2026-08-09 16:02:00.0637473] UEngine::AttachmentReplication = 0x70
[2026-08-09 16:02:00.0637710] UEngine::Role = 0x150
[2026-08-09 16:02:00.0637945] UEngine::NetDriverName = 0x148
[2026-08-09 16:02:00.0638189] UEngine::NetDormancy = 0x151
[2026-08-09 16:02:00.0638423] UEngine::bForceNetAddressable = 0x59
[2026-08-09 16:02:00.0638661] UEngine::InputPriority = 0x154
[2026-08-09 16:02:00.0638894] UEngine::InputComponent = 0x160
[2026-08-09 16:02:00.0639109] UEngine::NetCullDistanceSquared = 0x168
[2026-08-09 16:02:00.0639351] UEngine::NetTag = 0x16C
[2026-08-09 16:02:00.0639586] UEngine::NetUpdateFrequency = 0x170
[2026-08-09 16:02:00.0639829] UEngine::NetPriority = 0x178
[2026-08-09 16:02:00.0640067] UEngine::bAutoDestroyWhenFinished = 0x5A
[2026-08-09 16:02:00.0640306] UEngine::bCanBeDamaged = 0x5A
[2026-08-09 16:02:00.0640541] UEngine::bActorIsBeingDestroyed = 0x5D
[2026-08-09 16:02:00.0640779] UEngine::bCollideWhenPlacing = 0x5A
[2026-08-09 16:02:00.0641015] UEngine::bFindCameraComponentWhenViewTarget = 0x5A
[2026-08-09 16:02:00.0641254] UEngine::bRelevantForNetworkReplays = 0x59
[2026-08-09 16:02:00.0641635] UEngine::SpawnCollisionHandlingMethod = 0x152
[2026-08-09 16:02:00.0641867] UEngine::CreationTime = 0x158
[2026-08-09 16:02:00.0642101] UEngine::Children = 0x188
[2026-08-09 16:02:00.0642335] UEngine::RootComponent = 0x198
[2026-08-09 16:02:00.0642574] UEngine::InitialLifeSpan = 0x60
[2026-08-09 16:02:00.0642808] UEngine::TimerHandle_LifeSpanExpired = 0x1A0
[2026-08-09 16:02:00.0643041] UEngine::bAllowReceiveTickEventOnDedicatedServer = 0x5B
[2026-08-09 16:02:00.0643276] UEngine::Layers = 0x1A8
[2026-08-09 16:02:00.0643509] UEngine::bActorInitialized = 0x5C
[2026-08-09 16:02:00.0643743] UEngine::bActorSeamlessTraveled = 0x5B
[2026-08-09 16:02:00.0643978] UEngine::bIgnoresOriginShifting = 0x5A
[2026-08-09 16:02:00.0644208] UEngine::bHasRegisteredAllComponents = 0x5C
[2026-08-09 16:02:00.0644437] UEngine::bEnableAutoLODGeneration = 0x5B
[2026-08-09 16:02:00.0644668] UEngine::Tags = 0x1C0
[2026-08-09 16:02:00.0644898] UEngine::OnTakeAnyDamage = 0x1D0
[2026-08-09 16:02:00.0645127] UEngine::OnTakePointDamage = 0x1D1
[2026-08-09 16:02:00.0645351] UEngine::OnActorBeginOverlap = 0x1D3
[2026-08-09 16:02:00.0645586] UEngine::OnActorEndOverlap = 0x1D4
[2026-08-09 16:02:00.0645816] UEngine::OnEndCursorOver = 0x1D6
[2026-08-09 16:02:00.0646045] UEngine::OnClicked = 0x1D7
[2026-08-09 16:02:00.0646306] UEngine::OnReleased = 0x1D8
[2026-08-09 16:02:00.0646536] UEngine::OnInputTouchBegin = 0x1D9
[2026-08-09 16:02:00.0646768] UEngine::OnInputTouchEnd = 0x1DA
[2026-08-09 16:02:00.0646997] UEngine::OnInputTouchEnter = 0x1DB
[2026-08-09 16:02:00.0647203] UEngine::OnInputTouchLeave = 0x1DC
[2026-08-09 16:02:00.0647422] UEngine::OnActorHit = 0x1DD
[2026-08-09 16:02:00.0647636] UEngine::OnDestroyed = 0x1DE
[2026-08-09 16:02:00.0647851] UEngine::DetachFence = 0x280
[2026-08-09 16:02:00.0648087] UEngine::bAllowTickBeforeBeginPlay = 0x5A
[2026-08-09 16:02:00.0648316] UEngine::bTickFunctionsRegistered = 0x5C
[2026-08-09 16:02:00.0648541] UEngine::bNetCheckedInitialPhysicsState = 0x5B
[2026-08-09 16:02:00.0648757] UEngine::ParentComponent = 0x1B8
[2026-08-09 16:02:00.0648980] UEngine::MinNetUpdateFrequency = 0x174
[2026-08-09 16:02:00.0649200] UEngine::bGenerateOverlapEventsDuringLevelStreaming = 0x5A
[2026-08-09 16:02:00.0649416] UEngine::bCanBeInCluster = 0x5B
[2026-08-09 16:02:00.0649627] UEngine::bReplayRewindable = 0x59
[2026-08-09 16:02:00.0649835] UEngine::bIsEditorOnlyActor = 0x5B
[2026-08-09 16:02:00.0650052] UEngine::bActorWantsDestroyDuringBeginPlay = 0x5D
[2026-08-09 16:02:00.0650271] UEngine::OnTakeRadialDamage = 0x1D2
[2026-08-09 16:02:00.0650485] UEngine::bRelevantForLevelBounds = 0x59
[2026-08-09 16:02:00.0650701] UEngine::LastRenderTime = 0x17C
[2026-08-09 16:02:00.0650911] UEngine::bActorBeginningPlayFromLevelStreaming = 0x5C
[2026-08-09 16:02:00.0651123] UEngine::UpdateOverlapsMethodDuringLevelStreaming = 0x5E
[2026-08-09 16:02:00.0651416] UEngine::DefaultUpdateOverlapsMethodDuringLevelStreaming = 0x5F
[2026-08-09 16:02:00.0651641] UEngine::bCallPreReplication = 0x58
[2026-08-09 16:02:00.0651855] UEngine::bCallPreReplicationForReplay = 0x58
[2026-08-09 16:02:00.0652066] UEngine::RayTracingGroupId = 0x6C
[2026-08-09 16:02:00.0652284] UEngine::bReplicateUsingRegisteredSubObjectList = 0x5B
[2026-08-09 16:02:00.0652499] UEngine::bAsyncPhysicsTickEnabled = 0x5D
[2026-08-09 16:02:00.0652710] UEngine::ReplicatedSubObjects = 0x1E0
[2026-08-09 16:02:00.0652922] UEngine::ReplicatedComponentsInfo = 0x1F0
[2026-08-09 16:02:00.0653158] UGameViewportClient::CustomTimeDilation = 0x64
[2026-08-09 16:02:00.0653439] UGameViewportClient::NamePrivate = 0x18
[2026-08-09 16:02:00.0653668] UGameViewportClient::ObjectFlags = 0x8
[2026-08-09 16:02:00.0653886] UGameViewportClient::World = 0x78
[2026-08-09 16:02:00.0654108] UGameViewportClient::ActiveSplitscreenType = 0x70
[2026-08-09 16:02:00.0654324] UGameViewportClient::ViewportConsole = 0x40
[2026-08-09 16:02:00.0654547] UGameViewportClient::bUseSoftwareCursorWidgets = 0x250
[2026-08-09 16:02:00.0654767] UGameViewportClient::ClassPrivate = 0x10
[2026-08-09 16:02:00.0654983] UGameViewportClient::bNetLoadOnClient = 0x59
[2026-08-09 16:02:00.0655200] UGameViewportClient::InternalIndex_Private = 0xC
[2026-08-09 16:02:00.0655419] UGameViewportClient::bDisableSplitScreenOverride = 0x398
[2026-08-09 16:02:00.0655636] UGameViewportClient::Window = 0x100
[2026-08-09 16:02:00.0655857] UGameViewportClient::OuterPrivate = 0x20
[2026-08-09 16:02:00.0656081] UGameViewportClient::bAlwaysRelevant = 0x58
[2026-08-09 16:02:00.0656350] UGameViewportClient::HardwareCursorCache = 0x160
[2026-08-09 16:02:00.0656574] UGameViewportClient::DebugProperties = 0x48
[2026-08-09 16:02:00.0656794] UGameViewportClient::bHidden = 0x58
[2026-08-09 16:02:00.0657024] UGameViewportClient::CurrentBufferVisualizationMode = 0x130
[2026-08-09 16:02:00.0657245] UGameViewportClient::UEP_TotalSize = 0x28
[2026-08-09 16:02:00.0657469] UGameViewportClient::RemoteRole = 0x68
[2026-08-09 16:02:00.0657690] UGameViewportClient::SplitscreenInfo = 0x58
[2026-08-09 16:02:00.0657912] UGameViewportClient::OnEndPlay = 0x1DF
[2026-08-09 16:02:00.0658133] UGameViewportClient::bHasAudioFocus = 0xFC
[2026-08-09 16:02:00.0658361] UGameViewportClient::ViewportOverlayWidget = 0x110
[2026-08-09 16:02:00.0658584] UGameViewportClient::MaxSplitscreenPlayers = 0x68
[2026-08-09 16:02:00.0658805] UGameViewportClient::ActorHasBegunPlay = 0x5D
[2026-08-09 16:02:00.0659026] UGameViewportClient::bNetTemporary = 0x58
[2026-08-09 16:02:00.0659244] UGameViewportClient::bShowTitleSafeZone = 0x6C
[2026-08-09 16:02:00.0659462] UGameViewportClient::bIsPlayInEditorViewport = 0x6C
[2026-08-09 16:02:00.0659679] UGameViewportClient::bDisableWorldRendering = 0x6C
[2026-08-09 16:02:00.0659897] UGameViewportClient::bTearOff = 0x59
[2026-08-09 16:02:00.0660116] UGameViewportClient::CurrentLumenVisualizationMode = 0x140
[2026-08-09 16:02:00.0660336] UGameViewportClient::bSuppressTransitionMessage = 0x88
[2026-08-09 16:02:00.0660552] UGameViewportClient::bReplicateMovement = 0x58
[2026-08-09 16:02:00.0660768] UGameViewportClient::ViewModeIndex = 0xB0
[2026-08-09 16:02:00.0660988] UGameViewportClient::bNetUseOwnerRelevancy = 0x59
[2026-08-09 16:02:00.0661211] UGameViewportClient::AutoReceiveInput = 0x153
[2026-08-09 16:02:00.0661468] UGameViewportClient::EngineShowFlags = 0xB8
[2026-08-09 16:02:00.0661687] UGameViewportClient::Viewport = 0xE8
[2026-08-09 16:02:00.0661906] UGameViewportClient::MouseLockMode = 0x39C
[2026-08-09 16:02:00.0662125] UGameViewportClient::ViewportFrame = 0xF0
[2026-08-09 16:02:00.0662344] UGameViewportClient::bReplicates = 0x5B
[2026-08-09 16:02:00.0662567] UGameViewportClient::GameLayerManagerPtr = 0x120
[2026-08-09 16:02:00.0662786] UGameViewportClient::HighResScreenshotDialog = 0x150
[2026-08-09 16:02:00.0663008] UGameViewportClient::CursorWidgets = 0x200
[2026-08-09 16:02:00.0663225] UGameViewportClient::StatUnitData = 0x388
[2026-08-09 16:02:00.0663442] UGameViewportClient::OnBeginCursorOver = 0x1D5
[2026-08-09 16:02:00.0663661] UGameViewportClient::StatHitchesData = 0x390
[2026-08-09 16:02:00.0663881] UGameViewportClient::bIgnoreInput = 0x399
[2026-08-09 16:02:00.0664101] UGameViewportClient::bRunningUserConstructionScript = 0x5C
[2026-08-09 16:02:00.0664323] UGameViewportClient::MouseCaptureMode = 0x39A
[2026-08-09 16:02:00.0664545] UGameViewportClient::bHideCursorDuringCapture = 0x39B
[2026-08-09 16:02:00.0664766] UGameViewportClient::AudioDeviceHandle = 0xF8
[2026-08-09 16:02:00.0664984] UGameViewportClient::HardwareCursors = 0x1B0
[2026-08-09 16:02:00.0665203] UGameViewportClient::bIsMouseOverClient = 0x39D
[2026-08-09 16:02:00.0665442] UGameViewportClient::bActorEnableCollision = 0x5C
[2026-08-09 16:02:00.0665667] UGameViewportClient::CurrentNaniteVisualizationMode = 0x138
[2026-08-09 16:02:00.0665888] UGameViewportClient::CurrentVirtualShadowMapVisualizationMode = 0x148
[2026-08-09 16:02:00.0666108] UGameViewportClient::PrimaryActorTick = 0x28
[2026-08-09 16:02:00.0666424] UGameViewportClient::bActorIsBeingConstructed = 0x5D
[2026-08-09 16:02:00.0666648] UGameViewportClient::bNetStartup = 0x58
[2026-08-09 16:02:00.0666867] UGameViewportClient::bOnlyRelevantToOwner = 0x58
[2026-08-09 16:02:00.0667100] UGameViewportClient::bExchangedRoles = 0x59
[2026-08-09 16:02:00.0667321] UGameViewportClient::bBlockInput = 0x5A
[2026-08-09 16:02:00.0667539] UGameViewportClient::bHasFinishedSpawning = 0x5C
[2026-08-09 16:02:00.0667753] UGameViewportClient::Owner = 0x140
[2026-08-09 16:02:00.0667971] UGameViewportClient::ReplicatedMovement = 0xD0
[2026-08-09 16:02:00.0668190] UGameViewportClient::bHasDeferredComponentRegistration = 0x5C
[2026-08-09 16:02:00.0668410] UGameViewportClient::AttachmentReplication = 0x70
[2026-08-09 16:02:00.0668639] UGameViewportClient::Role = 0x150
[2026-08-09 16:02:00.0668860] UGameViewportClient::NetDriverName = 0x148
[2026-08-09 16:02:00.0669078] UGameViewportClient::NetDormancy = 0x151
[2026-08-09 16:02:00.0669294] UGameViewportClient::bForceNetAddressable = 0x59
[2026-08-09 16:02:00.0669513] UGameViewportClient::InputPriority = 0x154
[2026-08-09 16:02:00.0669729] UGameViewportClient::InputComponent = 0x160
[2026-08-09 16:02:00.0669959] UGameViewportClient::NetCullDistanceSquared = 0x168
[2026-08-09 16:02:00.0670181] UGameViewportClient::NetTag = 0x16C
[2026-08-09 16:02:00.0670400] UGameViewportClient::NetUpdateFrequency = 0x170
[2026-08-09 16:02:00.0670617] UGameViewportClient::NetPriority = 0x178
[2026-08-09 16:02:00.0670839] UGameViewportClient::bAutoDestroyWhenFinished = 0x5A
[2026-08-09 16:02:00.0671058] UGameViewportClient::bCanBeDamaged = 0x5A
[2026-08-09 16:02:00.0671321] UGameViewportClient::bActorIsBeingDestroyed = 0x5D
[2026-08-09 16:02:00.0671552] UGameViewportClient::bCollideWhenPlacing = 0x5A
[2026-08-09 16:02:00.0671750] UGameViewportClient::bFindCameraComponentWhenViewTarget = 0x5A
[2026-08-09 16:02:00.0672009] UGameViewportClient::bRelevantForNetworkReplays = 0x59
[2026-08-09 16:02:00.0672238] UGameViewportClient::SpawnCollisionHandlingMethod = 0x152
[2026-08-09 16:02:00.0672445] UGameViewportClient::CreationTime = 0x158
[2026-08-09 16:02:00.0672656] UGameViewportClient::Children = 0x188
[2026-08-09 16:02:00.0672879] UGameViewportClient::RootComponent = 0x198
[2026-08-09 16:02:00.0673096] UGameViewportClient::InitialLifeSpan = 0x60
[2026-08-09 16:02:00.0673322] UGameViewportClient::TimerHandle_LifeSpanExpired = 0x1A0
[2026-08-09 16:02:00.0673536] UGameViewportClient::bAllowReceiveTickEventOnDedicatedServer = 0x5B
[2026-08-09 16:02:00.0673753] UGameViewportClient::Layers = 0x1A8
[2026-08-09 16:02:00.0673971] UGameViewportClient::bActorInitialized = 0x5C
[2026-08-09 16:02:00.0674192] UGameViewportClient::bActorSeamlessTraveled = 0x5B
[2026-08-09 16:02:00.0674414] UGameViewportClient::bIgnoresOriginShifting = 0x5A
[2026-08-09 16:02:00.0674636] UGameViewportClient::bHasRegisteredAllComponents = 0x5C
[2026-08-09 16:02:00.0674853] UGameViewportClient::bEnableAutoLODGeneration = 0x5B
[2026-08-09 16:02:00.0675069] UGameViewportClient::Tags = 0x1C0
[2026-08-09 16:02:00.0675273] UGameViewportClient::OnTakeAnyDamage = 0x1D0
[2026-08-09 16:02:00.0675507] UGameViewportClient::OnTakePointDamage = 0x1D1
[2026-08-09 16:02:00.0675737] UGameViewportClient::OnActorBeginOverlap = 0x1D3
[2026-08-09 16:02:00.0675941] UGameViewportClient::OnActorEndOverlap = 0x1D4
[2026-08-09 16:02:00.0676140] UGameViewportClient::OnEndCursorOver = 0x1D6
[2026-08-09 16:02:00.0676450] UGameViewportClient::OnClicked = 0x1D7
[2026-08-09 16:02:00.0676664] UGameViewportClient::OnReleased = 0x1D8
[2026-08-09 16:02:00.0676861] UGameViewportClient::OnInputTouchBegin = 0x1D9
[2026-08-09 16:02:00.0677097] UGameViewportClient::OnInputTouchEnd = 0x1DA
[2026-08-09 16:02:00.0677314] UGameViewportClient::OnInputTouchEnter = 0x1DB
[2026-08-09 16:02:00.0677525] UGameViewportClient::OnInputTouchLeave = 0x1DC
[2026-08-09 16:02:00.0677749] UGameViewportClient::OnActorHit = 0x1DD
[2026-08-09 16:02:00.0677966] UGameViewportClient::OnDestroyed = 0x1DE
[2026-08-09 16:02:00.0678200] UGameViewportClient::DetachFence = 0x280
[2026-08-09 16:02:00.0678449] UGameViewportClient::bAllowTickBeforeBeginPlay = 0x5A
[2026-08-09 16:02:00.0678670] UGameViewportClient::bTickFunctionsRegistered = 0x5C
[2026-08-09 16:02:00.0678897] UGameViewportClient::bNetCheckedInitialPhysicsState = 0x5B
[2026-08-09 16:02:00.0679217] UGameViewportClient::ParentComponent = 0x1B8
[2026-08-09 16:02:00.0679475] UGameViewportClient::MinNetUpdateFrequency = 0x174
[2026-08-09 16:02:00.0680280] UGameViewportClient::bGenerateOverlapEventsDuringLevelStreaming = 0x5A
[2026-08-09 16:02:00.0680560] UGameViewportClient::bCanBeInCluster = 0x5B
[2026-08-09 16:02:00.0680780] UGameViewportClient::bReplayRewindable = 0x59
[2026-08-09 16:02:00.0681031] UGameViewportClient::bIsEditorOnlyActor = 0x5B
[2026-08-09 16:02:00.0681223] UGameViewportClient::bActorWantsDestroyDuringBeginPlay = 0x5D
[2026-08-09 16:02:00.0681393] UGameViewportClient::OnTakeRadialDamage = 0x1D2
[2026-08-09 16:02:00.0681554] UGameViewportClient::bRelevantForLevelBounds = 0x59
[2026-08-09 16:02:00.0681719] UGameViewportClient::LastRenderTime = 0x17C
[2026-08-09 16:02:00.0681877] UGameViewportClient::bActorBeginningPlayFromLevelStreaming = 0x5C
[2026-08-09 16:02:00.0682042] UGameViewportClient::UpdateOverlapsMethodDuringLevelStreaming = 0x5E
[2026-08-09 16:02:00.0682253] UGameViewportClient::DefaultUpdateOverlapsMethodDuringLevelStreaming = 0x5F
[2026-08-09 16:02:00.0682490] UGameViewportClient::bCallPreReplication = 0x58
[2026-08-09 16:02:00.0682720] UGameViewportClient::bCallPreReplicationForReplay = 0x58
[2026-08-09 16:02:00.0682946] UGameViewportClient::RayTracingGroupId = 0x6C
[2026-08-09 16:02:00.0683174] UGameViewportClient::bReplicateUsingRegisteredSubObjectList = 0x5B
[2026-08-09 16:02:00.0683402] UGameViewportClient::bAsyncPhysicsTickEnabled = 0x5D
[2026-08-09 16:02:00.0683623] UGameViewportClient::ReplicatedSubObjects = 0x1E0
[2026-08-09 16:02:00.0683962] UGameViewportClient::ReplicatedComponentsInfo = 0x1F0
[2026-08-09 16:02:00.0684222] UPlayer::CurrentNetSpeed = 0x38
[2026-08-09 16:02:00.0684469] UPlayer::UEP_TotalSize = 0x48
[2026-08-09 16:02:00.0684699] UPlayer::ConfiguredLanSpeed = 0x40
[2026-08-09 16:02:00.0684900] UPlayer::ConfiguredInternetSpeed = 0x3C
[2026-08-09 16:02:00.0685114] ULocalPlayer::ViewportClient = 0x78
[2026-08-09 16:02:00.0685338] ULocalPlayer::AspectRatioAxisConstraint = 0xB8
[2026-08-09 16:02:00.0685567] ULocalPlayer::bSentSplitJoin = 0xC8
[2026-08-09 16:02:00.0685783] ULocalPlayer::SlateOperations = 0x1E0
[2026-08-09 16:02:00.0685985] ULocalPlayer::CachedUniqueNetId = 0x48
[2026-08-09 16:02:00.0686205] ULocalPlayer::ControllerId = 0xE0
[2026-08-09 16:02:00.0686432] ULocalPlayer::UEP_TotalSize = 0x298
[2026-08-09 16:02:00.0686655] ULocalPlayer::PlatformUserId = 0x100
[2026-08-09 16:02:00.0686879] UWorld::bRequiresHitProxies = 0x13E
[2026-08-09 16:02:00.0687105] UWorld::PerModuleDataObjects = 0x78
[2026-08-09 16:02:00.0687330] UWorld::ExtraReferencedObjects = 0x68
[2026-08-09 16:02:00.0687588] UWorld::bPlayersOnlyPending = 0x13D
[2026-08-09 16:02:00.0687775] UWorld::bWorldWasLoadedThisTick = 0x13B
[2026-08-09 16:02:00.0687936] UWorld::bAggressiveLOD = 0x13C
[2026-08-09 16:02:00.0688097] UWorld::StreamingLevelsPrefix = 0xC8
[2026-08-09 16:02:00.0688255] UWorld::bIsLevelStreamingFrozen = 0x13B
[2026-08-09 16:02:00.0688418] UWorld::StreamingVolumeUpdateDelay = 0x61C
[2026-08-09 16:02:00.0688576] UWorld::bTriggerPostLoadMap = 0x13B
[2026-08-09 16:02:00.0688731] UWorld::bStreamingDataDirty = 0x13E
[2026-08-09 16:02:00.0688889] UWorld::DeltaRealTimeSeconds = 0x680
[2026-08-09 16:02:00.0689063] UWorld::AuthorityGameMode = 0x150
[2026-08-09 16:02:00.0689338] UWorld::bTickNewlySpawned = 0x13B
[2026-08-09 16:02:00.0689608] UWorld::BuildStreamingDataTimer = 0x448
[2026-08-09 16:02:00.0689866] UWorld::URL = 0x540
[2026-08-09 16:02:00.0690088] UWorld::CleanupWorldTag = 0x70C
[2026-08-09 16:02:00.0690307] UWorld::LWILastAssignedUID = 0x258
[2026-08-09 16:02:00.0690523] UWorld::bInTick = 0x13B
[2026-08-09 16:02:00.0690745] UWorld::TimeSeconds = 0x660
[2026-08-09 16:02:00.0690976] UWorld::bIsBuilt = 0x13B
[2026-08-09 16:02:00.0691194] UWorld::bPostTickComponentUpdate = 0x13B
[2026-08-09 16:02:00.0691405] UWorld::bIsDefaultLevel = 0x13C
[2026-08-09 16:02:00.0691609] UWorld::PlayerNum = 0x618
[2026-08-09 16:02:00.0691812] UWorld::bShouldSimulatePhysics = 0x13C
[2026-08-09 16:02:00.0692048] UWorld::bIsWorldInitialized = 0x13B
[2026-08-09 16:02:00.0692313] UWorld::bShouldForceUnloadStreamingLevels = 0x13E
[2026-08-09 16:02:00.0692534] UWorld::bSupportsMakingVisibleTransactionRequests = 0xD8
[2026-08-09 16:02:00.0692734] UWorld::bShouldForceVisibleStreamingLevels = 0x13E
[2026-08-09 16:02:00.0692947] UWorld::bDoDelayedUpdateCullDistanceVolumes = 0x13C
[2026-08-09 16:02:00.0693154] UWorld::LastRenderTime = 0x130
[2026-08-09 16:02:00.0693367] UWorld::bAllowDeferredPhysicsStateCreation = 0x108
[2026-08-09 16:02:00.0693585] UWorld::bIsRunningConstructionScript = 0x13C
[2026-08-09 16:02:00.0693804] UWorld::LastTimeUnbuiltLightingWasEncountered = 0x658
[2026-08-09 16:02:00.0694022] UWorld::bMaterialParameterCollectionInstanceNeedsDeferredUpdate = 0x13F
[2026-08-09 16:02:00.0694238] UWorld::NextURL = 0x6E0
[2026-08-09 16:02:00.0694462] UWorld::RealTimeSeconds = 0x670
[2026-08-09 16:02:00.0694689] UWorld::CommittedPersistentLevelName = 0x700
[2026-08-09 16:02:00.0694922] UWorld::AudioTimeSeconds = 0x678
[2026-08-09 16:02:00.0695176] UWorld::DeltaTimeSeconds = 0x684
[2026-08-09 16:02:00.0695434] UWorld::bPlayersOnly = 0x13D
[2026-08-09 16:02:00.0695673] UWorld::bSupportsMakingInvisibleTransactionRequests = 0xDA
[2026-08-09 16:02:00.0695917] UWorld::PauseDelay = 0x688
[2026-08-09 16:02:00.0696141] UWorld::NextSwitchCountdown = 0x6C0
[2026-08-09 16:02:00.0696372] UWorld::IsInBlockTillLevelStreamingCompleted = 0x140
[2026-08-09 16:02:00.0696693] UWorld::PreparingLevelNames = 0x6F0
[2026-08-09 16:02:00.0696940] UWorld::bRequestedBlockOnAsyncLoading = 0x13C
[2026-08-09 16:02:00.0697194] UWorld::bDropDetail = 0x13C
[2026-08-09 16:02:00.0697442] UWorld::bActorsInitialized = 0x13C
[2026-08-09 16:02:00.0697675] UWorld::bBegunPlay = 0x13D
[2026-08-09 16:02:00.0697903] UWorld::bIsCameraMoveableWhenPaused = 0x13E
[2026-08-09 16:02:00.0698142] UWorld::bMatchStarted = 0x13D
[2026-08-09 16:02:00.0698391] UWorld::bStartup = 0x13D
[2026-08-09 16:02:00.0698657] UWorld::bAreConstraintsDirty = 0x13E
[2026-08-09 16:02:00.0698910] UWorld::bIsTearingDown = 0x13D
[2026-08-09 16:02:00.0699153] UWorld::bKismetScriptError = 0x13D
[2026-08-09 16:02:00.0699381] UWorld::bDebugPauseExecution = 0x13D
[2026-08-09 16:02:00.0699616] UWorld::ActiveLevelCollectionIndex = 0x190
[2026-08-09 16:02:00.0699868] UWorld::bAllowAudioPlayback = 0x13E
[2026-08-09 16:02:00.0700148] UWorld::bShouldTick = 0x13E
[2026-08-09 16:02:00.0700438] UWorld::UnpausedTimeSeconds = 0x668
[2026-08-09 16:02:00.0700688] UWorld::bMarkedObjectsPendingKill = 0x708
[2026-08-09 16:02:00.0700935] UWorld::NumStreamingLevelsBeingLoaded = 0x6DA
[2026-08-09 16:02:00.0701172] UWorld::BlockTillLevelStreamingCompletedEpoch = 0x144
[2026-08-09 16:02:00.0701455] UWorld::bHasEverBeenInitialized = 0x13F
[2026-08-09 16:02:00.0701682] UWorld::UEP_TotalSize = 0x898
[2026-08-09 16:02:00.0701946] UDataTable::RowStruct = 0x28
[2026-08-09 16:02:00.0702176] UDataTable::RowMap = 0x30
[2026-08-09 16:02:00.0702390] UDataTable::bStripFromClientBuilds = 0x80
[2026-08-09 16:02:00.0702595] UDataTable::bIgnoreExtraFields = 0x80
[2026-08-09 16:02:00.0702796] UDataTable::bIgnoreMissingFields = 0x80
[2026-08-09 16:02:00.0703043] UDataTable::UEP_TotalSize = 0xB0
[2026-08-09 16:02:00.0703245] UDataTable::ImportKeyField = 0x88
[2026-08-09 16:02:00.0703491] FUObjectItem::Object = 0x0
[2026-08-09 16:02:00.0703748] FUObjectItem::SerialNumber = 0x10
[2026-08-09 16:02:00.0704048] FUObjectItem::Flags = 0x8
[2026-08-09 16:02:00.0704271] FUObjectItem::ClusterRootIndex = 0xC
[2026-08-09 16:02:00.0704463] FUObjectItem::UEP_TotalSize = 0x18
[2026-08-09 16:02:00.0704660] FUObjectArray::ObjFirstGCIndex = 0x0
[2026-08-09 16:02:00.0704857] FUObjectArray::ObjLastNonGCIndex = 0x4
[2026-08-09 16:02:00.0705055] FUObjectArray::ObjObjects = 0x10
[2026-08-09 16:02:00.0705255] FUObjectArray::UObjectCreateListeners = 0x68
[2026-08-09 16:02:00.0705453] FUObjectArray::OpenForDisregardForGC = 0xC
[2026-08-09 16:02:00.0705643] FUObjectArray::UObjectDeleteListeners = 0x78
[2026-08-09 16:02:00.0705837] FUObjectArray::ObjAvailableList = 0x58
[2026-08-09 16:02:00.0706035] FUObjectArray::MaxObjectsNotConsideredByGC = 0x8
[2026-08-09 16:02:00.0706226] FUObjectArray::PrimarySerialNumber = 0xB0
[2026-08-09 16:02:00.0706418] FUObjectArray::UEP_TotalSize = 0xB8
[2026-08-09 16:02:00.0706623] TUObjectArray::NumChunks = 0x1C
[2026-08-09 16:02:00.0706818] TUObjectArray::Objects = 0x0
[2026-08-09 16:02:00.0707092] TUObjectArray::UEP_TotalSize = 0x20
[2026-08-09 16:02:00.0707288] TUObjectArray::PreAllocatedObjects = 0x8
[2026-08-09 16:02:00.0707481] TUObjectArray::MaxElements = 0x10
[2026-08-09 16:02:00.0707678] TUObjectArray::NumElements = 0x14
[2026-08-09 16:02:00.0707871] TUObjectArray::MaxChunks = 0x18
[2026-08-09 16:02:00.0708064] 
##### MEMBER OFFSETS END (Coalesced) #####

[2026-08-09 16:02:00.0708338] Unreal Engine modules (non-modular):
[2026-08-09 16:02:00.0709798] MainExe @ 0x7ff7db8c0000 size=0x9fa5000
[2026-08-09 16:02:00.0716944] [Inventory Menu Optimizer] Waiting for the exact inventory-equipment construction event; no recurring lifecycle callback or bytecode change is active.
[2026-08-09 16:02:00.0717716] m_shared_functions: 0x22918d3dc78
[2026-08-09 16:02:00.0813074] Input source set to: Win32Async
[2026-08-09 16:02:00.0847027] [UE4SS.LoadMap.LuaModImpl] Added prehook with Id '0X2040000000000001'!
[2026-08-09 16:02:00.0847852] [UE4SS.LoadMap.LuaModImpl] Added posthook with Id '0X40000000000002'!
[2026-08-09 16:02:00.0893824] [UE4SS.InitGameState.LuaModImpl] Added prehook with Id '0X2010000000000001'!
[2026-08-09 16:02:00.0894606] [UE4SS.InitGameState.LuaModImpl] Added posthook with Id '0X10000000000002'!
[2026-08-09 16:02:00.0951595] [UE4SS.BeginPlay.LuaModImpl] Added prehook with Id '0X2008000000000001'!
[2026-08-09 16:02:00.0952295] [UE4SS.BeginPlay.LuaModImpl] Added posthook with Id '0X8000000000002'!
[2026-08-09 16:02:00.1002673] [UE4SS.EndPlay.LuaModImpl] Added prehook with Id '0X2004000000000001'!
[2026-08-09 16:02:00.1003384] [UE4SS.EndPlay.LuaModImpl] Added posthook with Id '0X4000000000002'!
[2026-08-09 16:02:00.1003699] [UnknownMod.StaticConstructObject.PostHook] Added posthook with Id '0X1000000000000002'!
[2026-08-09 16:02:00.1417997] [UnknownMod.ULocalPlayerExec.PreHook] Added prehook with Id '0X2000400000000001'!
[2026-08-09 16:02:00.1418633] [UnknownMod.ULocalPlayerExec.PostHook] Added posthook with Id '0X400000000002'!
[2026-08-09 16:02:00.1460583] [UnknownMod.CallFunctionByNameWithArguments.PreHook] Added prehook with Id '0X2000800000000001'!
[2026-08-09 16:02:00.1461102] [UnknownMod.CallFunctionByNameWithArguments.PostHook] Added posthook with Id '0X800000000002'!
[2026-08-09 16:02:00.1509673] [UnknownMod.ProcessConsoleExec.PostHook] Added posthook with Id '0X400000000000001'!
[2026-08-09 16:02:00.1510264] [UnknownMod.ProcessConsoleExec.PreHook] Added prehook with Id '0X2400000000000002'!
[2026-08-09 16:02:00.1510470] [UnknownMod.ProcessConsoleExec.PostHook] Added posthook with Id '0X400000000000003'!
[2026-08-09 16:02:00.1510711] [UnknownMod.ProcessConsoleExec.PostHook] Added posthook with Id '0X400000000000004'!
[2026-08-09 16:02:00.1510885] [UnknownMod.ProcessConsoleExec.PostHook] Added posthook with Id '0X400000000000005'!
[2026-08-09 16:02:00.1511038] Enabling custom events
[2026-08-09 16:02:00.1546323] [UE4SS.ProcessLocalScriptFunction.LuaModImplScriptHook] Added posthook with Id '0X80000000000001'!
[2026-08-09 16:02:00.1547193] Starting mods (from mods.txt (E:\steam\steamapps\common\Palworld\Mods\NativeMods\UE4SS\Mods\mods.txt) load order)...
[2026-08-09 16:02:00.1552129] Mod 'CheatManagerEnablerMod' disabled in mods.txt.
[2026-08-09 16:02:00.1552499] Mod 'ConsoleCommandsMod' disabled in mods.txt.
[2026-08-09 16:02:00.1552779] Mod 'ConsoleEnablerMod' disabled in mods.txt.
[2026-08-09 16:02:00.1553016] Mod 'SplitScreenMod' disabled in mods.txt.
[2026-08-09 16:02:00.1553281] Mod 'LineTraceMod' disabled in mods.txt.
[2026-08-09 16:02:00.1553529] Starting Lua mod 'BPML_GenericFunctions'
[2026-08-09 16:02:00.1562694] Mod 'BPModLoaderMod' disabled in mods.txt.
[2026-08-09 16:02:00.1563107] Mod 'AncientRelicRecyclerOptimization' disabled in mods.txt.
[2026-08-09 16:02:00.1563397] Mod 'AntiStickTransport' disabled in mods.txt.
[2026-08-09 16:02:00.1563689] Mod 'BaseCampNoOverweight' disabled in mods.txt.
[2026-08-09 16:02:00.1563953] Mod 'BetterSearch' disabled in mods.txt.
[2026-08-09 16:02:00.1564206] Mod 'DismantlingConveyorBulkInsert' disabled in mods.txt.
[2026-08-09 16:02:00.1564466] Mod 'ExpandedPalBox256' disabled in mods.txt.
[2026-08-09 16:02:00.1564701] Mod 'FullSphereSummon' disabled in mods.txt.
[2026-08-09 16:02:00.1564988] Mod 'KeepShiningLuckyPals' disabled in mods.txt.
[2026-08-09 16:02:00.1565366] Mod 'MapandFastTravelUnlocker' disabled in mods.txt.
[2026-08-09 16:02:00.1565609] Mod 'MiniBasePals' disabled in mods.txt.
[2026-08-09 16:02:00.1565868] Mod 'PalboxAnywhere' disabled in mods.txt.
[2026-08-09 16:02:00.1566163] Mod 'PalStuckDiagnostic' disabled in mods.txt.
[2026-08-09 16:02:00.1566438] Mod 'PalworldAutoLockpick' disabled in mods.txt.
[2026-08-09 16:02:00.1566723] Mod 'PalworldKeymapCenter' disabled in mods.txt.
[2026-08-09 16:02:00.1567018] Mod 'SCUI' disabled in mods.txt.
[2026-08-09 16:02:00.1567265] Mod 'SCWDBaseShift' disabled in mods.txt.
[2026-08-09 16:02:00.1567520] Mod 'PrecisionPickup' disabled in mods.txt.
[2026-08-09 16:02:00.1567753] Starting Lua mod 'InventoryMenuOptimizer'
[2026-08-09 16:02:00.1600415] [NotifyOnNewObject] Registered notification for /Game/Pal/Blueprint/UI/UserInterface/MainMenu/InventoryEquipment/WBP_InventoryEquipment.WBP_InventoryEquipment_C
[2026-08-09 16:02:00.1601106] [Lua] [Inventory Menu Optimizer] Waiting for the next exact inventory-equipment construction; no recurring lifecycle callback or bytecode change is active.
[2026-08-09 16:02:00.1601534] [UE4SS.EngineTick.LuaModImpl] Added prehook with Id '0X2020000000000003'!
[2026-08-09 16:02:00.1601874] Mod 'AlwaysWinFishing' disabled in mods.txt.
[2026-08-09 16:02:00.1602130] Starting Lua mod 'Keybinds'
[2026-08-09 16:02:00.1608998] Starting mods (from enabled.txt (E:\steam\steamapps\common\Palworld\Mods\NativeMods\UE4SS\Mods), no defined load order)...
[2026-08-09 16:02:00.1614809] Event loop start
[2026-08-09 16:02:02.6782105] [Lua] [Inventory Menu Optimizer] Could not register the exact player inventory Setup post-hook: Tried to register a hook with Lua function 'RegisterHook' but no UFunction with the specified name was found.
Function Name: /Game/Pal/Blueprint/UI/Inventory/WBP_PalPlayerInventoryScrollList.WBP_PalPlayerInventoryScrollList_C:Setup
stack traceback:
	[C]: in function 'RegisterHook'
	[C]: in function 'pcall'
	...eMods\UE4SS\Mods\InventoryMenuOptimizer\Scripts\main.lua:765: in upvalue 'ensure_exact_hook'
	...eMods\UE4SS\Mods\InventoryMenuOptimizer\Scripts\main.lua:797: in upvalue 'prepare_activation_hooks'
	...eMods\UE4SS\Mods\InventoryMenuOptimizer\Scripts\main.lua:992: in function <...eMods\UE4SS\Mods\InventoryMenuOptimizer\Scripts\main.lua:978>
[2026-08-09 16:02:02.6782840] [Lua] [Inventory Menu Optimizer] Shared inventory/storage hook preparation was incomplete during startup; the exact inventory construction event will make one final attempt before evaluating Easy Bulk independently.
[2026-08-09 16:02:02.6783066] [Lua] [Inventory Menu Optimizer] One-shot startup shared-slot preparation was incomplete; the exact inventory construction event will make one final synchronous attempt and still evaluate Easy Bulk independently.
[2026-08-09 16:02:03.0485403] [FCallbackGarbageCollector] Freed invalid callbacks!
[2026-08-09 16:02:06.0487843] [FCallbackGarbageCollector] Freed invalid callbacks!
[2026-08-09 16:02:46.8887793] [Lua] [Inventory Menu Optimizer] Could not register the exact player inventory Setup post-hook: Was unable to register a hook with Lua function 'RegisterHook', information:
FunctionName: /Game/Pal/Blueprint/UI/Inventory/WBP_PalPlayerInventoryScrollList.WBP_PalPlayerInventoryScrollList_C:Setup
UFunction::Func: 0x0
ProcessInternal: 0x7ff7def07b00
FUNC_Native: 0

stack traceback:
	[C]: in function 'RegisterHook'
	[C]: in function 'pcall'
	...eMods\UE4SS\Mods\InventoryMenuOptimizer\Scripts\main.lua:765: in upvalue 'ensure_exact_hook'
	...eMods\UE4SS\Mods\InventoryMenuOptimizer\Scripts\main.lua:797: in upvalue 'prepare_activation_hooks'
	...eMods\UE4SS\Mods\InventoryMenuOptimizer\Scripts\main.lua:862: in function <...eMods\UE4SS\Mods\InventoryMenuOptimizer\Scripts\main.lua:850>
	[C]: in function 'pcall'
	...eMods\UE4SS\Mods\InventoryMenuOptimizer\Scripts\main.lua:924: in function <...eMods\UE4SS\Mods\InventoryMenuOptimizer\Scripts\main.lua:913>
[2026-08-09 16:02:46.8890773] [Lua] [Inventory Menu Optimizer] Shared inventory/storage deferred-slot hooks are incomplete for this lifecycle; that capability remains stock while Easy Bulk will still be evaluated independently.
[2026-08-09 16:02:52.3950346] [Inventory Menu Optimizer] Optimized the stock Easy Bulk list traversal, including nested inventory blocks, without changing slot or transfer state.
[2026-08-09 16:02:52.3958977] [Inventory Menu Optimizer] Activated Easy Bulk; shared inventory/storage slot staging remains stock and no idle readiness work was registered.
[2026-08-09 16:02:52.4040691] [Lua] [Inventory Menu Optimizer] Easy Bulk activated independently; shared inventory/storage deferred-slot staging remains stock for this lifecycle and no idle readiness worker is active.
[2026-08-09 16:04:02.5767451] [NotifyOnNewObject] Registered notification for /Game/Pal/Blueprint/UI/UserInterface/MainMenu/InventoryEquipment/WBP_InventoryEquipment.WBP_InventoryEquipment_C
[2026-08-09 16:04:02.5770244] [Lua] [Inventory Menu Optimizer] Waiting for the next exact inventory-equipment construction; no recurring lifecycle callback or bytecode change is active.
