[2026-08-09 22:56:11.5420326] Console created
[2026-08-09 22:56:11.5473883] UE4SS - v3.0.1 Beta #0 - Git SHA #c838a8ac
[2026-08-09 22:56:11.5474289] Timezone: Asia/Shanghai
[2026-08-09 22:56:11.5474483] UE4SS Build Configuration: Game__Shipping__Win64 (MSVC)
[2026-08-09 22:56:11.5494294] Setting up mods...
[2026-08-09 22:56:11.5494596] Loading mods from: E:\steam\steamapps\common\Palworld\Mods\NativeMods\UE4SS\Mods
[2026-08-09 22:56:11.5597944] Starting mods (from mods.txt (E:\steam\steamapps\common\Palworld\Mods\NativeMods\UE4SS\Mods\mods.txt) load order)...
[2026-08-09 22:56:11.5602216] Starting C++ mod 'PalSchema'
[2026-08-09 22:56:11.5605744] [PalSchema] Config loaded.
[2026-08-09 22:56:11.6030946] [PalSchema] Found UBlueprintGeneratedClass::PostLoadDefaultObject: 0x7ff7bd0d16b0
[2026-08-09 22:56:11.6959345] [PalSchema] Found UDataTable::Serialize: 0x7ff7bd244700
[2026-08-09 22:56:11.7276910] [PalSchema] Found UWorld::CleanupWorld: 0x7ff7bd8e34e0
[2026-08-09 22:56:11.7347401] [PalSchema] Found AGameModeBase::InitGameState: 0x7ff7bd2ceb60
[2026-08-09 22:56:11.8324520] [PalSchema] Found FName::ToString_Wchar: 0x7ff7bb534c70
[2026-08-09 22:56:11.9192022] [PalSchema] Found UClass::GetDefaultObject: 0x7ff7b990fc80
[2026-08-09 22:56:12.0123846] [PalSchema] Found UPalDynamicItemWorldSubsystem::Create_ServerInternal: 0x7ff7baf03cd0
[2026-08-09 22:56:12.0125201] [PalSchema] Found UPalDynamicItemWorldSubsystem::ApplyWorldSaveData: 0x7ff7baefd208
[2026-08-09 22:56:12.0233502] [PalSchema] Found ValidateDynamicItemSaveData: 0x7ff7baf1b150
[2026-08-09 22:56:12.0747216] [PalSchema] Found UPalItemSlot::UpdateItem_ServerInternal: 0x7ff7bb0174a0
[2026-08-09 22:56:12.0748652] [PalSchema] Found UPalItemContainer::ApplySaveData: 0x7ff7bafee12e
[2026-08-09 22:56:12.2124558] [PalSchema] Found ValidateWorldSaveDynamicItemStaticIds: 0x7ff7bb272100
[2026-08-09 22:56:12.2651560] [PalSchema] Found GetObjectsOfClass: 0x7ff7bb6d3850
[2026-08-09 22:56:12.3078017] [PalSchema] Found AsyncTask: 0x7ff7bb3e99d0
[2026-08-09 22:56:12.3582141] [PalSchema] Found FMemory::Free: 0x7ff7bb437900
[2026-08-09 22:56:12.3647930] [PalSchema] Found FName::Constructor: 0x7ff7bb523820
[2026-08-09 22:56:12.4122071] [PalSchema] Found UStruct::StaticLink: 0x7ff7bb5e0720
[2026-08-09 22:56:12.4143519] [PalSchema] Found UClass::AssembleReferenceTokenStream: 0x7ff7bb5ecd40
[2026-08-09 22:56:12.4416146] [PalSchema] Found FFieldClass::GetNameToFieldClassMap: 0x7ff7bb5f85d0
[2026-08-09 22:56:12.4475135] [PalSchema] Found UObjectGlobals::StaticFindObject: 0x7ff7bb6cab40
[2026-08-09 22:56:12.5350452] [PalSchema] Found FField::IsA: 0x7ff7b921cf50
[2026-08-09 22:56:12.5633638] [PalSchema] Found FPakPlatformFile::GetPakFolders: 0x7ff7bce1bd10
[2026-08-09 22:56:12.6702936] [PalSchema] PalSchema v0.6.1 by Okaetsu loaded.
[2026-08-09 22:56:12.6703666] Starting C++ mod 'StutterFixPack'
[2026-08-09 22:56:12.6704193] Starting C++ mod 'InventoryMenuOptimizer'
[2026-08-09 22:56:12.6707366] Starting mods (from enabled.txt (E:\steam\steamapps\common\Palworld\Mods\NativeMods\UE4SS\Mods), no defined load order)...
[2026-08-09 22:56:12.6711474] No specific game configuration found, using default configuration file
[2026-08-09 22:56:12.6711732] Config: E:\steam\steamapps\common\Palworld\Mods\NativeMods\UE4SS\UE4SS-settings.ini

[2026-08-09 22:56:12.6711895] root directory: E:\steam\steamapps\common\Palworld\Mods\NativeMods\UE4SS
[2026-08-09 22:56:12.6712042] working directory: E:\steam\steamapps\common\Palworld\Mods\NativeMods\UE4SS
[2026-08-09 22:56:12.6712189] game executable directory: E:\steam\steamapps\common\Palworld\Pal\Binaries\Win64
[2026-08-09 22:56:12.6712406] game executable: E:\steam\steamapps\common\Palworld\Pal\Binaries\Win64\Palworld-Win64-Shipping.exe (161359872 bytes)


[2026-08-09 22:56:12.6712553] mods directories: 
[2026-08-09 22:56:12.6712699] [0] E:\steam\steamapps\common\Palworld\Mods\NativeMods\UE4SS\Mods
[2026-08-09 22:56:12.6712840] 
[2026-08-09 22:56:12.6712982] log directory: E:\steam\steamapps\common\Palworld\Mods\NativeMods\UE4SS
[2026-08-09 22:56:12.6713130] object dumper directory: E:\steam\steamapps\common\Palworld\Mods\NativeMods\UE4SS


[2026-08-09 22:56:12.6790063] MemberVariableLayout.ini loaded
[2026-08-09 22:56:12.6790582] 
##### MEMBER OFFSETS START (MemberVariableLayout) #####

[2026-08-09 22:56:12.6790773] UObjectBase::bUseSoftwareCursorWidgets = 0x250
[2026-08-09 22:56:12.6790930] UObjectBase::ClassPrivate = 0x10
[2026-08-09 22:56:12.6791077] UObjectBase::ViewportFrame = 0xF0
[2026-08-09 22:56:12.6791224] UObjectBase::MouseLockMode = 0x39C
[2026-08-09 22:56:12.6791370] UObjectBase::bFindCameraComponentWhenViewTarget = 0x5A
[2026-08-09 22:56:12.6791514] UObjectBase::InternalIndex = 0xC
[2026-08-09 22:56:12.6791657] UObjectBase::ObjectFlags = 0x8
[2026-08-09 22:56:12.6791859] UObjectBase::World = 0x78
[2026-08-09 22:56:12.6792004] UObjectBase::ActiveSplitscreenType = 0x70
[2026-08-09 22:56:12.6792148] UObjectBase::OnEndCursorOver = 0x1D6
[2026-08-09 22:56:12.6792292] UObjectBase::CustomTimeDilation = 0x64
[2026-08-09 22:56:12.6792436] UObjectBase::NamePrivate = 0x18
[2026-08-09 22:56:12.6792579] UObjectBase::InitialLifeSpan = 0x60
[2026-08-09 22:56:12.6792721] UObjectBase::AudioDeviceHandle = 0xF8
[2026-08-09 22:56:12.6792864] UObjectBase::bForceNetAddressable = 0x59
[2026-08-09 22:56:12.6793011] UObjectBase::InputPriority = 0x154
[2026-08-09 22:56:12.6793155] UObjectBase::bDisableSplitScreenOverride = 0x398
[2026-08-09 22:56:12.6793297] UObjectBase::Window = 0x100
[2026-08-09 22:56:12.6793440] UObjectBase::OuterPrivate = 0x20
[2026-08-09 22:56:12.6793583] UObjectBase::CurrentBufferVisualizationMode = 0x130
[2026-08-09 22:56:12.6793725] UObjectBase::bSuppressTransitionMessage = 0x88
[2026-08-09 22:56:12.6793869] UObjectBase::CurrentLumenVisualizationMode = 0x140
[2026-08-09 22:56:12.6794012] UObjectBase::CurrentNaniteVisualizationMode = 0x138
[2026-08-09 22:56:12.6794155] UObjectBase::CurrentVirtualShadowMapVisualizationMode = 0x148
[2026-08-09 22:56:12.6794297] UObjectBase::DebugProperties = 0x48
[2026-08-09 22:56:12.6794439] UObjectBase::EngineShowFlags = 0xB8
[2026-08-09 22:56:12.6794581] UObjectBase::AutoReceiveInput = 0x153
[2026-08-09 22:56:12.6794724] UObjectBase::GameLayerManagerPtr = 0x120
[2026-08-09 22:56:12.6794867] UObjectBase::OnClicked = 0x1D7
[2026-08-09 22:56:12.6795009] UObjectBase::OnActorBeginOverlap = 0x1D3
[2026-08-09 22:56:12.6795150] UObjectBase::HighResScreenshotDialog = 0x150
[2026-08-09 22:56:12.6795292] UObjectBase::OnInputTouchEnter = 0x1DB
[2026-08-09 22:56:12.6795434] UObjectBase::bHasAudioFocus = 0xFC
[2026-08-09 22:56:12.6795576] UObjectBase::OnEndPlay = 0x1DF
[2026-08-09 22:56:12.6795718] UObjectBase::ViewportOverlayWidget = 0x110
[2026-08-09 22:56:12.6795861] UObjectBase::MaxSplitscreenPlayers = 0x68
[2026-08-09 22:56:12.6796002] UObjectBase::MouseCaptureMode = 0x39A
[2026-08-09 22:56:12.6796144] UObjectBase::Layers = 0x1A8
[2026-08-09 22:56:12.6796287] UObjectBase::SplitscreenInfo = 0x58
[2026-08-09 22:56:12.6796430] UObjectBase::StatHitchesData = 0x390
[2026-08-09 22:56:12.6796571] UObjectBase::OnBeginCursorOver = 0x1D5
[2026-08-09 22:56:12.6796716] UObjectBase::StatUnitData = 0x388
[2026-08-09 22:56:12.6796861] UObjectBase::ViewModeIndex = 0xB0
[2026-08-09 22:56:12.6797003] UObjectBase::Viewport = 0xE8
[2026-08-09 22:56:12.6797145] UObjectBase::ViewportConsole = 0x40
[2026-08-09 22:56:12.6797287] UObjectBase::bHideCursorDuringCapture = 0x39B
[2026-08-09 22:56:12.6797429] UObjectBase::DetachFence = 0x280
[2026-08-09 22:56:12.6797571] UObjectBase::CreationTime = 0x158
[2026-08-09 22:56:12.6797713] UObjectBase::bIgnoreInput = 0x399
[2026-08-09 22:56:12.6797855] UObjectBase::bActorEnableCollision = 0x5C
[2026-08-09 22:56:12.6797996] UObjectBase::bIsMouseOverClient = 0x39D
[2026-08-09 22:56:12.6798138] UObjectBase::OnInputTouchEnd = 0x1DA
[2026-08-09 22:56:12.6798280] UObjectBase::bHasDeferredComponentRegistration = 0x5C
[2026-08-09 22:56:12.6798422] UObjectBase::AttachmentReplication = 0x70
[2026-08-09 22:56:12.6798563] UObjectBase::DefaultUpdateOverlapsMethodDuringLevelStreaming = 0x5F
[2026-08-09 22:56:12.6798783] UObjectBase::InputComponent = 0x160
[2026-08-09 22:56:12.6798953] UObjectBase::LastRenderTime = 0x17C
[2026-08-09 22:56:12.6799101] UObjectBase::MinNetUpdateFrequency = 0x174
[2026-08-09 22:56:12.6799244] UObjectBase::NetCullDistanceSquared = 0x168
[2026-08-09 22:56:12.6799386] UObjectBase::OnActorEndOverlap = 0x1D4
[2026-08-09 22:56:12.6799528] UObjectBase::NetDormancy = 0x151
[2026-08-09 22:56:12.6799669] UObjectBase::NetDriverName = 0x148
[2026-08-09 22:56:12.6799811] UObjectBase::NetTag = 0x16C
[2026-08-09 22:56:12.6799953] UObjectBase::NetPriority = 0x178
[2026-08-09 22:56:12.6800095] UObjectBase::NetUpdateFrequency = 0x170
[2026-08-09 22:56:12.6800237] UObjectBase::OnActorHit = 0x1DD
[2026-08-09 22:56:12.6800381] UObjectBase::OnDestroyed = 0x1DE
[2026-08-09 22:56:12.6800523] UObjectBase::OnInputTouchBegin = 0x1D9
[2026-08-09 22:56:12.6800665] UObjectBase::OnInputTouchLeave = 0x1DC
[2026-08-09 22:56:12.6800807] UObjectBase::OnReleased = 0x1D8
[2026-08-09 22:56:12.6800950] UObjectBase::OnTakeAnyDamage = 0x1D0
[2026-08-09 22:56:12.6801091] UObjectBase::OnTakePointDamage = 0x1D1
[2026-08-09 22:56:12.6801234] UObjectBase::OnTakeRadialDamage = 0x1D2
[2026-08-09 22:56:12.6801375] UObjectBase::ParentComponent = 0x1B8
[2026-08-09 22:56:12.6801518] UObjectBase::PrimaryActorTick = 0x28
[2026-08-09 22:56:12.6801659] UObjectBase::RayTracingGroupId = 0x6C
[2026-08-09 22:56:12.6801801] UObjectBase::RemoteRole = 0x68
[2026-08-09 22:56:12.6801943] UObjectBase::ReplicatedComponentsInfo = 0x1F0
[2026-08-09 22:56:12.6802084] UObjectBase::ReplicatedMovement = 0xD0
[2026-08-09 22:56:12.6802226] UObjectBase::ReplicatedSubObjects = 0x1E0
[2026-08-09 22:56:12.6802368] UObjectBase::Role = 0x150
[2026-08-09 22:56:12.6802509] UObjectBase::RootComponent = 0x198
[2026-08-09 22:56:12.6802652] UObjectBase::SpawnCollisionHandlingMethod = 0x152
[2026-08-09 22:56:12.6802794] UObjectBase::Tags = 0x1C0
[2026-08-09 22:56:12.6802937] UObjectBase::TimerHandle_LifeSpanExpired = 0x1A0
[2026-08-09 22:56:12.6803079] UObjectBase::UpdateOverlapsMethodDuringLevelStreaming = 0x5E
[2026-08-09 22:56:12.6803222] UObjectBase::InternalIndex_Private = 0xC
[2026-08-09 22:56:12.6803365] UObjectBase::UEP_TotalSize = 0x28
[2026-08-09 22:56:12.6803507] UObjectBase::bShowTitleSafeZone = 0x6C
[2026-08-09 22:56:12.6803648] UObjectBase::bIsPlayInEditorViewport = 0x6C
[2026-08-09 22:56:12.6803791] UObjectBase::bDisableWorldRendering = 0x6C
[2026-08-09 22:56:12.6803933] UObjectBase::HardwareCursorCache = 0x160
[2026-08-09 22:56:12.6804077] UObjectBase::HardwareCursors = 0x1B0
[2026-08-09 22:56:12.6804219] UObjectBase::CursorWidgets = 0x200
[2026-08-09 22:56:12.6804361] UObjectBase::ActorHasBegunPlay = 0x5D
[2026-08-09 22:56:12.6804503] UObjectBase::bNetTemporary = 0x58
[2026-08-09 22:56:12.6804645] UObjectBase::bActorIsBeingConstructed = 0x5D
[2026-08-09 22:56:12.6804788] UObjectBase::bNetStartup = 0x58
[2026-08-09 22:56:12.6804929] UObjectBase::bOnlyRelevantToOwner = 0x58
[2026-08-09 22:56:12.6805071] UObjectBase::bAlwaysRelevant = 0x58
[2026-08-09 22:56:12.6805213] UObjectBase::bReplicateMovement = 0x58
[2026-08-09 22:56:12.6805355] UObjectBase::bCallPreReplication = 0x58
[2026-08-09 22:56:12.6805497] UObjectBase::bCallPreReplicationForReplay = 0x58
[2026-08-09 22:56:12.6805639] UObjectBase::bHidden = 0x58
[2026-08-09 22:56:12.6805781] UObjectBase::bTearOff = 0x59
[2026-08-09 22:56:12.6805922] UObjectBase::bExchangedRoles = 0x59
[2026-08-09 22:56:12.6806064] UObjectBase::bNetLoadOnClient = 0x59
[2026-08-09 22:56:12.6806205] UObjectBase::bNetUseOwnerRelevancy = 0x59
[2026-08-09 22:56:12.6806348] UObjectBase::bRelevantForNetworkReplays = 0x59
[2026-08-09 22:56:12.6806490] UObjectBase::bRelevantForLevelBounds = 0x59
[2026-08-09 22:56:12.6806631] UObjectBase::bReplayRewindable = 0x59
[2026-08-09 22:56:12.6806773] UObjectBase::bAllowTickBeforeBeginPlay = 0x5A
[2026-08-09 22:56:12.6806915] UObjectBase::bAutoDestroyWhenFinished = 0x5A
[2026-08-09 22:56:12.6807057] UObjectBase::bCanBeDamaged = 0x5A
[2026-08-09 22:56:12.6807199] UObjectBase::bBlockInput = 0x5A
[2026-08-09 22:56:12.6807341] UObjectBase::bCollideWhenPlacing = 0x5A
[2026-08-09 22:56:12.6807492] UObjectBase::bGenerateOverlapEventsDuringLevelStreaming = 0x5A
[2026-08-09 22:56:12.6807641] UObjectBase::bIgnoresOriginShifting = 0x5A
[2026-08-09 22:56:12.6807784] UObjectBase::bHasRegisteredAllComponents = 0x5C
[2026-08-09 22:56:12.6807926] UObjectBase::bEnableAutoLODGeneration = 0x5B
[2026-08-09 22:56:12.6808068] UObjectBase::bIsEditorOnlyActor = 0x5B
[2026-08-09 22:56:12.6808210] UObjectBase::bActorSeamlessTraveled = 0x5B
[2026-08-09 22:56:12.6808353] UObjectBase::bReplicates = 0x5B
[2026-08-09 22:56:12.6808496] UObjectBase::bCanBeInCluster = 0x5B
[2026-08-09 22:56:12.6808638] UObjectBase::bAllowReceiveTickEventOnDedicatedServer = 0x5B
[2026-08-09 22:56:12.6808781] UObjectBase::bNetCheckedInitialPhysicsState = 0x5B
[2026-08-09 22:56:12.6808924] UObjectBase::bReplicateUsingRegisteredSubObjectList = 0x5B
[2026-08-09 22:56:12.6809067] UObjectBase::bHasFinishedSpawning = 0x5C
[2026-08-09 22:56:12.6809209] UObjectBase::bActorInitialized = 0x5C
[2026-08-09 22:56:12.6809351] UObjectBase::bActorBeginningPlayFromLevelStreaming = 0x5C
[2026-08-09 22:56:12.6809494] UObjectBase::bTickFunctionsRegistered = 0x5C
[2026-08-09 22:56:12.6809637] UObjectBase::bRunningUserConstructionScript = 0x5C
[2026-08-09 22:56:12.6809779] UObjectBase::bActorIsBeingDestroyed = 0x5D
[2026-08-09 22:56:12.6809921] UObjectBase::bActorWantsDestroyDuringBeginPlay = 0x5D
[2026-08-09 22:56:12.6810064] UObjectBase::bAsyncPhysicsTickEnabled = 0x5D
[2026-08-09 22:56:12.6810206] UObjectBase::Owner = 0x140
[2026-08-09 22:56:12.6810348] UObjectBase::Children = 0x188
[2026-08-09 22:56:12.6810494] UScriptStruct::ICppStructOps::Alignment = 0xC
[2026-08-09 22:56:12.6810636] UScriptStruct::ICppStructOps::Size = 0x8
[2026-08-09 22:56:12.6810778] UScriptStruct::ICppStructOps::UEP_TotalSize = 0x10
[2026-08-09 22:56:12.6810922] UStruct::DestructorLink = 0x80
[2026-08-09 22:56:12.6811064] UStruct::Children = 0x48
[2026-08-09 22:56:12.6811208] UStruct::ChildProperties = 0x50
[2026-08-09 22:56:12.6811352] UStruct::PostConstructLink = 0x88
[2026-08-09 22:56:12.6811494] UStruct::UnresolvedScriptProperties = 0xA0
[2026-08-09 22:56:12.6811636] UStruct::MinAlignment = 0x5C
[2026-08-09 22:56:12.6811811] UStruct::PropertiesSize = 0x58
[2026-08-09 22:56:12.6811954] UStruct::PropertyLink = 0x70
[2026-08-09 22:56:12.6812096] UStruct::RefLink = 0x78
[2026-08-09 22:56:12.6812238] UStruct::Script = 0x60
[2026-08-09 22:56:12.6812381] UStruct::ScriptAndPropertyObjectReferences = 0x90
[2026-08-09 22:56:12.6812523] UStruct::SuperStruct = 0x40
[2026-08-09 22:56:12.6812665] UStruct::UEP_TotalSize = 0xB0
[2026-08-09 22:56:12.6812809] UScriptStruct::UEP_TotalSize = 0xC0
[2026-08-09 22:56:12.6812950] UScriptStruct::StructFlags = 0xB0
[2026-08-09 22:56:12.6813093] UScriptStruct::CppStructOps = 0xB8
[2026-08-09 22:56:12.6813235] UScriptStruct::bPrepareCppStructOpsCompleted = 0xB4
[2026-08-09 22:56:12.6813416] UClass::ClassCastFlags = 0xD8
[2026-08-09 22:56:12.6813560] UClass::bLayoutChanging = 0xD1
[2026-08-09 22:56:12.6813703] UClass::ClassWithin = 0xE0
[2026-08-09 22:56:12.6813844] UClass::bCooked = 0xD0
[2026-08-09 22:56:12.6813986] UClass::ClassConfigName = 0xE8
[2026-08-09 22:56:12.6814128] UClass::ClassConstructor = 0xB0
[2026-08-09 22:56:12.6814271] UClass::ClassDefaultObject = 0x110
[2026-08-09 22:56:12.6814412] UClass::ClassFlags = 0xD4
[2026-08-09 22:56:12.6814595] UClass::ClassUnique = 0xC8
[2026-08-09 22:56:12.6814738] UClass::ClassVTableHelperCtorCaller = 0xB8
[2026-08-09 22:56:12.6814882] UClass::ReferenceTokenStream = 0x1E0
[2026-08-09 22:56:12.6815025] UClass::FirstOwnedClassRep = 0xCC
[2026-08-09 22:56:12.6815168] UClass::Interfaces = 0x1D0
[2026-08-09 22:56:12.6815310] UClass::NetFields = 0x100
[2026-08-09 22:56:12.6815453] UClass::SparseClassData = 0x118
[2026-08-09 22:56:12.6815595] UClass::SparseClassDataStruct = 0x120
[2026-08-09 22:56:12.6815738] UClass::FuncMap = 0x128
[2026-08-09 22:56:12.6815881] UClass::SuperFuncMap = 0x178
[2026-08-09 22:56:12.6816023] UClass::NativeFunctionLookupTable = 0x220
[2026-08-09 22:56:12.6816166] UClass::UEP_TotalSize = 0x230
[2026-08-09 22:56:12.6816662] UEnum::CppForm = 0x58
[2026-08-09 22:56:12.6816831] UEnum::CppType = 0x30
[2026-08-09 22:56:12.6816978] UEnum::EnumDisplayNameFn = 0x60
[2026-08-09 22:56:12.6817122] UEnum::Names = 0x48
[2026-08-09 22:56:12.6817266] UEnum::EnumFlags_Internal = 0x5C
[2026-08-09 22:56:12.6817410] UEnum::EnumPackage = 0x68
[2026-08-09 22:56:12.6817553] UEnum::UEP_TotalSize = 0x68
[2026-08-09 22:56:12.6817698] UFunction::EventGraphCallOffset = 0xD0
[2026-08-09 22:56:12.6817842] UFunction::EventGraphFunction = 0xC8
[2026-08-09 22:56:12.6817986] UFunction::RPCId = 0xBA
[2026-08-09 22:56:12.6818130] UFunction::FirstPropertyToInit = 0xC0
[2026-08-09 22:56:12.6818273] UFunction::Func = 0xD8
[2026-08-09 22:56:12.6818417] UFunction::FunctionFlags = 0xB0
[2026-08-09 22:56:12.6818560] UFunction::NumParms = 0xB4
[2026-08-09 22:56:12.6818704] UFunction::ParmsSize = 0xB6
[2026-08-09 22:56:12.6818849] UFunction::RPCResponseId = 0xBC
[2026-08-09 22:56:12.6818992] UFunction::ReturnValueOffset = 0xB8
[2026-08-09 22:56:12.6819136] UFunction::UEP_TotalSize = 0xE0
[2026-08-09 22:56:12.6819282] UField::Next = 0x28
[2026-08-09 22:56:12.6819425] UField::UEP_TotalSize = 0x30
[2026-08-09 22:56:12.6819570] FField::ClassPrivate = 0x8
[2026-08-09 22:56:12.6819714] FField::NamePrivate = 0x28
[2026-08-09 22:56:12.6819857] FField::FlagsPrivate = 0x30
[2026-08-09 22:56:12.6819999] FField::Next = 0x20
[2026-08-09 22:56:12.6820145] FField::Owner = 0x10
[2026-08-09 22:56:12.6820289] FField::UEP_TotalSize = 0x38
[2026-08-09 22:56:12.6820433] FProperty::ArrayDim = 0x38
[2026-08-09 22:56:12.6820576] FProperty::DestructorLinkNext = 0x68
[2026-08-09 22:56:12.6820719] FProperty::ElementSize = 0x3C
[2026-08-09 22:56:12.6820862] FProperty::NextRef = 0x60
[2026-08-09 22:56:12.6821006] FProperty::Offset_Internal = 0x4C
[2026-08-09 22:56:12.6821149] FProperty::PostConstructLinkNext = 0x70
[2026-08-09 22:56:12.6821293] FProperty::PropertyLinkNext = 0x58
[2026-08-09 22:56:12.6821436] FProperty::PropertyFlags = 0x40
[2026-08-09 22:56:12.6821579] FProperty::RepIndex = 0x48
[2026-08-09 22:56:12.6821722] FProperty::RepNotifyFunc = 0x50
[2026-08-09 22:56:12.6821865] FProperty::UEP_TotalSize = 0x78
[2026-08-09 22:56:12.6822009] FNumericProperty::ArrayDim = 0x38
[2026-08-09 22:56:12.6822152] FNumericProperty::DestructorLinkNext = 0x68
[2026-08-09 22:56:12.6822296] FNumericProperty::ElementSize = 0x3C
[2026-08-09 22:56:12.6822440] FNumericProperty::NextRef = 0x60
[2026-08-09 22:56:12.6822583] FNumericProperty::Offset_Internal = 0x4C
[2026-08-09 22:56:12.6822726] FNumericProperty::PostConstructLinkNext = 0x70
[2026-08-09 22:56:12.6822869] FNumericProperty::PropertyLinkNext = 0x58
[2026-08-09 22:56:12.6823013] FNumericProperty::PropertyFlags = 0x40
[2026-08-09 22:56:12.6823156] FNumericProperty::RepIndex = 0x48
[2026-08-09 22:56:12.6823299] FNumericProperty::RepNotifyFunc = 0x50
[2026-08-09 22:56:12.6823442] FNumericProperty::UEP_TotalSize = 0x78
[2026-08-09 22:56:12.6823586] FObjectPropertyBase::PropertyClass = 0x78
[2026-08-09 22:56:12.6823730] FObjectPropertyBase::UEP_TotalSize = 0x80
[2026-08-09 22:56:12.6823874] FStructProperty::Struct = 0x78
[2026-08-09 22:56:12.6824017] FStructProperty::UEP_TotalSize = 0x80
[2026-08-09 22:56:12.6824160] FArrayProperty::ArrayFlags = 0x80
[2026-08-09 22:56:12.6824304] FArrayProperty::Inner = 0x78
[2026-08-09 22:56:12.6824447] FArrayProperty::UEP_TotalSize = 0x88
[2026-08-09 22:56:12.6824591] FMapProperty::KeyProp = 0x78
[2026-08-09 22:56:12.6824736] FMapProperty::MapLayout = 0x88
[2026-08-09 22:56:12.6824879] FMapProperty::ValueProp = 0x80
[2026-08-09 22:56:12.6825021] FMapProperty::MapFlags = 0xA0
[2026-08-09 22:56:12.6825165] FMapProperty::UEP_TotalSize = 0xA8
[2026-08-09 22:56:12.6825308] FSetProperty::ElementProp = 0x78
[2026-08-09 22:56:12.6825451] FSetProperty::UEP_TotalSize = 0x98
[2026-08-09 22:56:12.6825594] FSetProperty::SetLayout = 0x80
[2026-08-09 22:56:12.6825738] FBoolProperty::FieldMask = 0x7B
[2026-08-09 22:56:12.6825882] FBoolProperty::ByteMask = 0x7A
[2026-08-09 22:56:12.6826026] FBoolProperty::FieldSize = 0x78
[2026-08-09 22:56:12.6826177] FBoolProperty::ByteOffset = 0x79
[2026-08-09 22:56:12.6826325] FBoolProperty::UEP_TotalSize = 0x80
[2026-08-09 22:56:12.6826469] FByteProperty::Enum = 0x78
[2026-08-09 22:56:12.6826654] FByteProperty::UEP_TotalSize = 0x80
[2026-08-09 22:56:12.6826798] FEnumProperty::Enum = 0x80
[2026-08-09 22:56:12.6826941] FEnumProperty::UEP_TotalSize = 0x88
[2026-08-09 22:56:12.6827085] FEnumProperty::UnderlyingProp = 0x78
[2026-08-09 22:56:12.6827229] FClassProperty::MetaClass = 0x80
[2026-08-09 22:56:12.6827372] FClassProperty::UEP_TotalSize = 0x88
[2026-08-09 22:56:12.6827516] FSoftClassProperty::MetaClass = 0x80
[2026-08-09 22:56:12.6827660] FSoftClassProperty::UEP_TotalSize = 0x88
[2026-08-09 22:56:12.6827804] FDelegateProperty::SignatureFunction = 0x78
[2026-08-09 22:56:12.6827948] FDelegateProperty::UEP_TotalSize = 0x80
[2026-08-09 22:56:12.6828092] FMulticastDelegateProperty::SignatureFunction = 0x78
[2026-08-09 22:56:12.6828236] FMulticastDelegateProperty::UEP_TotalSize = 0x80
[2026-08-09 22:56:12.6828382] FInterfaceProperty::InterfaceClass = 0x78
[2026-08-09 22:56:12.6828525] FInterfaceProperty::UEP_TotalSize = 0x80
[2026-08-09 22:56:12.6828670] FFieldPathProperty::PropertyClass = 0x78
[2026-08-09 22:56:12.6828814] FFieldPathProperty::UEP_TotalSize = 0x80
[2026-08-09 22:56:12.6828958] FWorldContext::ThisCurrentWorld = 0x2C0
[2026-08-09 22:56:12.6829103] FWorldContext::ExternalReferences = 0x2B0
[2026-08-09 22:56:12.6829246] FWorldContext::LastRemoteURL = 0x128
[2026-08-09 22:56:12.6829390] FWorldContext::ContextHandle = 0xA0
[2026-08-09 22:56:12.6829534] FWorldContext::PendingMapChangeFailureDescription = 0x1C8
[2026-08-09 22:56:12.6829680] FWorldContext::TravelURL = 0xA8
[2026-08-09 22:56:12.6829824] FWorldContext::TravelType = 0xB8
[2026-08-09 22:56:12.6829968] FWorldContext::LastURL = 0xC0
[2026-08-09 22:56:12.6830112] FWorldContext::LevelsToLoadForPendingMapChange = 0x1A8
[2026-08-09 22:56:12.6830257] FWorldContext::GarbageObjectsToVerify = 0x260
[2026-08-09 22:56:12.6830402] FWorldContext::bShouldCommitPendingMapChange = 0x1D8
[2026-08-09 22:56:12.6830546] FWorldContext::GameViewport = 0x200
[2026-08-09 22:56:12.6830690] FWorldContext::PIEInstance = 0x220
[2026-08-09 22:56:12.6830833] FWorldContext::PIEFixedTickSeconds = 0x258
[2026-08-09 22:56:12.6830977] FWorldContext::PIEPrefix = 0x228
[2026-08-09 22:56:12.6831121] FWorldContext::RunAsDedicated = 0x23C
[2026-08-09 22:56:12.6831265] FWorldContext::bWaitingOnOnlineSubsystem = 0x23D
[2026-08-09 22:56:12.6831409] FWorldContext::bIsPrimaryPIEInstance = 0x23E
[2026-08-09 22:56:12.6831553] FWorldContext::AudioDeviceID = 0x240
[2026-08-09 22:56:12.6831696] FWorldContext::CustomDescription = 0x248
[2026-08-09 22:56:12.6831878] FWorldContext::PIEAccumulatedTickSeconds = 0x25C
[2026-08-09 22:56:12.6832023] FWorldContext::UEP_TotalSize = 0x2C8
[2026-08-09 22:56:12.6832166] FOutputDevice::bAutoEmitLineTerminator = 0x9
[2026-08-09 22:56:12.6832311] FOutputDevice::bSuppressEventTag = 0x8
[2026-08-09 22:56:12.6832453] FOutputDevice::UEP_TotalSize = 0x10
[2026-08-09 22:56:12.6832599] FArchiveState::ArIsTextFormat = 0x28
[2026-08-09 22:56:12.6832743] FArchiveState::ArIsLoading = 0x28
[2026-08-09 22:56:12.6832887] FArchiveState::ArIsLoadingFromCookedPackage = 0x28
[2026-08-09 22:56:12.6833031] FArchiveState::ArPortFlags = 0x30
[2026-08-09 22:56:12.6833174] FArchiveState::ArIsTransacting = 0x28
[2026-08-09 22:56:12.6833317] FArchiveState::ArIsSaving = 0x28
[2026-08-09 22:56:12.6833462] FArchiveState::ArForceUnicode = 0x28
[2026-08-09 22:56:12.6833606] FArchiveState::ArIsModifyingWeakAndStrongReferences = 0x2B
[2026-08-09 22:56:12.6833750] FArchiveState::ArUseUnversionedPropertySerialization = 0x28
[2026-08-09 22:56:12.6833894] FArchiveState::ArWantBinaryPropertySerialization = 0x28
[2026-08-09 22:56:12.6834038] FArchiveState::ArIsObjectReferenceCollector = 0x2A
[2026-08-09 22:56:12.6834182] FArchiveState::ArIsPersistent = 0x29
[2026-08-09 22:56:12.6834326] FArchiveState::ArForceByteSwapping = 0x29
[2026-08-09 22:56:12.6834470] FArchiveState::ArIsError = 0x29
[2026-08-09 22:56:12.6834620] FArchiveState::ArUEVer = 0x40
[2026-08-09 22:56:12.6834768] FArchiveState::ArIsCriticalError = 0x29
[2026-08-09 22:56:12.6834912] FArchiveState::ArMaxSerializeSize = 0x38
[2026-08-09 22:56:12.6835056] FArchiveState::ArShouldSkipCompilingAssets = 0x29
[2026-08-09 22:56:12.6835201] FArchiveState::ArCustomPropertyList = 0x68
[2026-08-09 22:56:12.6835345] FArchiveState::ArContainsCode = 0x29
[2026-08-09 22:56:12.6835489] FArchiveState::ArIsNetArchive = 0x2B
[2026-08-09 22:56:12.6835632] FArchiveState::ArContainsMap = 0x29
[2026-08-09 22:56:12.6835775] FArchiveState::ArRequiresLocalizationGather = 0x29
[2026-08-09 22:56:12.6835918] FArchiveState::ArIgnoreArchetypeRef = 0x2A
[2026-08-09 22:56:12.6836063] FArchiveState::ArNoDelta = 0x2A
[2026-08-09 22:56:12.6836207] FArchiveState::ArNoIntraPropertyDelta = 0x2A
[2026-08-09 22:56:12.6836351] FArchiveState::ArIgnoreOuterRef = 0x2A
[2026-08-09 22:56:12.6836495] FArchiveState::ArIgnoreClassGeneratedByRef = 0x2A
[2026-08-09 22:56:12.6836639] FArchiveState::ArLicenseeUEVer = 0x48
[2026-08-09 22:56:12.6836782] FArchiveState::ArIgnoreClassRef = 0x2A
[2026-08-09 22:56:12.6836927] FArchiveState::ArAllowLazyLoading = 0x2A
[2026-08-09 22:56:12.6837074] FArchiveState::NextProxy = 0x90
[2026-08-09 22:56:12.6837219] FArchiveState::ArIsCountingMemory = 0x2B
[2026-08-09 22:56:12.6837364] FArchiveState::bCustomVersionsAreReset = 0x88
[2026-08-09 22:56:12.6837507] FArchiveState::ArEngineNetVer = 0x58
[2026-08-09 22:56:12.6837651] FArchiveState::ArShouldSkipBulkData = 0x2B
[2026-08-09 22:56:12.6837796] FArchiveState::ArIsFilterEditorOnly = 0x2B
[2026-08-09 22:56:12.6837940] FArchiveState::ArIsSaveGame = 0x2B
[2026-08-09 22:56:12.6838084] FArchiveState::ArUseCustomPropertyList = 0x2B
[2026-08-09 22:56:12.6838228] FArchiveState::UEP_TotalSize = 0x98
[2026-08-09 22:56:12.6838372] FArchiveState::ArSerializingDefaults = 0x2C
[2026-08-09 22:56:12.6838541] FArchiveState::ArEngineVer = 0x4C
[2026-08-09 22:56:12.6838702] FArchiveState::ArGameNetVer = 0x5C
[2026-08-09 22:56:12.6838847] FArchiveState::CustomVersionContainer = 0x60
[2026-08-09 22:56:12.6838993] FArchiveState::SerializedProperty = 0x78
[2026-08-09 22:56:12.6839139] AActor::bUseSoftwareCursorWidgets = 0x250
[2026-08-09 22:56:12.6839284] AActor::ClassPrivate = 0x10
[2026-08-09 22:56:12.6839429] AActor::ViewportFrame = 0xF0
[2026-08-09 22:56:12.6839573] AActor::MouseLockMode = 0x39C
[2026-08-09 22:56:12.6839718] AActor::bFindCameraComponentWhenViewTarget = 0x5A
[2026-08-09 22:56:12.6839863] AActor::InternalIndex = 0xC
[2026-08-09 22:56:12.6840008] AActor::ObjectFlags = 0x8
[2026-08-09 22:56:12.6840153] AActor::World = 0x78
[2026-08-09 22:56:12.6840298] AActor::ActiveSplitscreenType = 0x70
[2026-08-09 22:56:12.6840443] AActor::OnEndCursorOver = 0x1D6
[2026-08-09 22:56:12.6840588] AActor::CustomTimeDilation = 0x64
[2026-08-09 22:56:12.6840733] AActor::NamePrivate = 0x18
[2026-08-09 22:56:12.6840878] AActor::InitialLifeSpan = 0x60
[2026-08-09 22:56:12.6841024] AActor::AudioDeviceHandle = 0xF8
[2026-08-09 22:56:12.6841168] AActor::bForceNetAddressable = 0x59
[2026-08-09 22:56:12.6841312] AActor::InputPriority = 0x154
[2026-08-09 22:56:12.6841458] AActor::bDisableSplitScreenOverride = 0x398
[2026-08-09 22:56:12.6841602] AActor::Window = 0x100
[2026-08-09 22:56:12.6841748] AActor::OuterPrivate = 0x20
[2026-08-09 22:56:12.6841892] AActor::CurrentBufferVisualizationMode = 0x130
[2026-08-09 22:56:12.6842037] AActor::bSuppressTransitionMessage = 0x88
[2026-08-09 22:56:12.6842182] AActor::CurrentLumenVisualizationMode = 0x140
[2026-08-09 22:56:12.6842326] AActor::CurrentNaniteVisualizationMode = 0x138
[2026-08-09 22:56:12.6842472] AActor::CurrentVirtualShadowMapVisualizationMode = 0x148
[2026-08-09 22:56:12.6842617] AActor::DebugProperties = 0x48
[2026-08-09 22:56:12.6842762] AActor::EngineShowFlags = 0xB8
[2026-08-09 22:56:12.6842907] AActor::AutoReceiveInput = 0x153
[2026-08-09 22:56:12.6843056] AActor::GameLayerManagerPtr = 0x120
[2026-08-09 22:56:12.6843201] AActor::OnClicked = 0x1D7
[2026-08-09 22:56:12.6843346] AActor::OnActorBeginOverlap = 0x1D3
[2026-08-09 22:56:12.6843499] AActor::HighResScreenshotDialog = 0x150
[2026-08-09 22:56:12.6843647] AActor::OnInputTouchEnter = 0x1DB
[2026-08-09 22:56:12.6843793] AActor::bHasAudioFocus = 0xFC
[2026-08-09 22:56:12.6843936] AActor::OnEndPlay = 0x1DF
[2026-08-09 22:56:12.6844081] AActor::ViewportOverlayWidget = 0x110
[2026-08-09 22:56:12.6844224] AActor::MaxSplitscreenPlayers = 0x68
[2026-08-09 22:56:12.6844370] AActor::MouseCaptureMode = 0x39A
[2026-08-09 22:56:12.6844515] AActor::Layers = 0x1A8
[2026-08-09 22:56:12.6844659] AActor::SplitscreenInfo = 0x58
[2026-08-09 22:56:12.6844803] AActor::StatHitchesData = 0x390
[2026-08-09 22:56:12.6844947] AActor::OnBeginCursorOver = 0x1D5
[2026-08-09 22:56:12.6845091] AActor::StatUnitData = 0x388
[2026-08-09 22:56:12.6845236] AActor::ViewModeIndex = 0xB0
[2026-08-09 22:56:12.6845380] AActor::Viewport = 0xE8
[2026-08-09 22:56:12.6845524] AActor::ViewportConsole = 0x40
[2026-08-09 22:56:12.6845669] AActor::bHideCursorDuringCapture = 0x39B
[2026-08-09 22:56:12.6845813] AActor::DetachFence = 0x280
[2026-08-09 22:56:12.6845957] AActor::CreationTime = 0x158
[2026-08-09 22:56:12.6846101] AActor::bIgnoreInput = 0x399
[2026-08-09 22:56:12.6846245] AActor::bActorEnableCollision = 0x5C
[2026-08-09 22:56:12.6846389] AActor::bIsMouseOverClient = 0x39D
[2026-08-09 22:56:12.6846533] AActor::OnInputTouchEnd = 0x1DA
[2026-08-09 22:56:12.6846678] AActor::bHasDeferredComponentRegistration = 0x5C
[2026-08-09 22:56:12.6846823] AActor::AttachmentReplication = 0x70
[2026-08-09 22:56:12.6846967] AActor::DefaultUpdateOverlapsMethodDuringLevelStreaming = 0x5F
[2026-08-09 22:56:12.6847112] AActor::InputComponent = 0x160
[2026-08-09 22:56:12.6847256] AActor::LastRenderTime = 0x17C
[2026-08-09 22:56:12.6847400] AActor::MinNetUpdateFrequency = 0x174
[2026-08-09 22:56:12.6847544] AActor::NetCullDistanceSquared = 0x168
[2026-08-09 22:56:12.6847688] AActor::OnActorEndOverlap = 0x1D4
[2026-08-09 22:56:12.6847832] AActor::NetDormancy = 0x151
[2026-08-09 22:56:12.6847976] AActor::NetDriverName = 0x148
[2026-08-09 22:56:12.6848121] AActor::NetTag = 0x16C
[2026-08-09 22:56:12.6848265] AActor::NetPriority = 0x178
[2026-08-09 22:56:12.6848409] AActor::NetUpdateFrequency = 0x170
[2026-08-09 22:56:12.6848553] AActor::OnActorHit = 0x1DD
[2026-08-09 22:56:12.6848696] AActor::OnDestroyed = 0x1DE
[2026-08-09 22:56:12.6848841] AActor::OnInputTouchBegin = 0x1D9
[2026-08-09 22:56:12.6848985] AActor::OnInputTouchLeave = 0x1DC
[2026-08-09 22:56:12.6849129] AActor::OnReleased = 0x1D8
[2026-08-09 22:56:12.6849274] AActor::OnTakeAnyDamage = 0x1D0
[2026-08-09 22:56:12.6849417] AActor::OnTakePointDamage = 0x1D1
[2026-08-09 22:56:12.6849561] AActor::OnTakeRadialDamage = 0x1D2
[2026-08-09 22:56:12.6849705] AActor::ParentComponent = 0x1B8
[2026-08-09 22:56:12.6849853] AActor::PrimaryActorTick = 0x28
[2026-08-09 22:56:12.6850063] AActor::RayTracingGroupId = 0x6C
[2026-08-09 22:56:12.6850256] AActor::RemoteRole = 0x68
[2026-08-09 22:56:12.6850459] AActor::ReplicatedComponentsInfo = 0x1F0
[2026-08-09 22:56:12.6850663] AActor::ReplicatedMovement = 0xD0
[2026-08-09 22:56:12.6850849] AActor::ReplicatedSubObjects = 0x1E0
[2026-08-09 22:56:12.6851032] AActor::Role = 0x150
[2026-08-09 22:56:12.6851240] AActor::RootComponent = 0x198
[2026-08-09 22:56:12.6851440] AActor::SpawnCollisionHandlingMethod = 0x152
[2026-08-09 22:56:12.6851647] AActor::Tags = 0x1C0
[2026-08-09 22:56:12.6851920] AActor::TimerHandle_LifeSpanExpired = 0x1A0
[2026-08-09 22:56:12.6852067] AActor::UpdateOverlapsMethodDuringLevelStreaming = 0x5E
[2026-08-09 22:56:12.6852215] AActor::InternalIndex_Private = 0xC
[2026-08-09 22:56:12.6852360] AActor::UEP_TotalSize = 0x28
[2026-08-09 22:56:12.6852505] AActor::bShowTitleSafeZone = 0x6C
[2026-08-09 22:56:12.6852650] AActor::bIsPlayInEditorViewport = 0x6C
[2026-08-09 22:56:12.6852794] AActor::bDisableWorldRendering = 0x6C
[2026-08-09 22:56:12.6852939] AActor::HardwareCursorCache = 0x160
[2026-08-09 22:56:12.6853084] AActor::HardwareCursors = 0x1B0
[2026-08-09 22:56:12.6853228] AActor::CursorWidgets = 0x200
[2026-08-09 22:56:12.6853673] AActor::ActorHasBegunPlay = 0x5D
[2026-08-09 22:56:12.6853841] AActor::bNetTemporary = 0x58
[2026-08-09 22:56:12.6853988] AActor::bActorIsBeingConstructed = 0x5D
[2026-08-09 22:56:12.6854133] AActor::bNetStartup = 0x58
[2026-08-09 22:56:12.6854278] AActor::bOnlyRelevantToOwner = 0x58
[2026-08-09 22:56:12.6854422] AActor::bAlwaysRelevant = 0x58
[2026-08-09 22:56:12.6854568] AActor::bReplicateMovement = 0x58
[2026-08-09 22:56:12.6854713] AActor::bCallPreReplication = 0x58
[2026-08-09 22:56:12.6854858] AActor::bCallPreReplicationForReplay = 0x58
[2026-08-09 22:56:12.6855004] AActor::bHidden = 0x58
[2026-08-09 22:56:12.6855149] AActor::bTearOff = 0x59
[2026-08-09 22:56:12.6855294] AActor::bExchangedRoles = 0x59
[2026-08-09 22:56:12.6855439] AActor::bNetLoadOnClient = 0x59
[2026-08-09 22:56:12.6855584] AActor::bNetUseOwnerRelevancy = 0x59
[2026-08-09 22:56:12.6855729] AActor::bRelevantForNetworkReplays = 0x59
[2026-08-09 22:56:12.6855874] AActor::bRelevantForLevelBounds = 0x59
[2026-08-09 22:56:12.6856019] AActor::bReplayRewindable = 0x59
[2026-08-09 22:56:12.6856165] AActor::bAllowTickBeforeBeginPlay = 0x5A
[2026-08-09 22:56:12.6856312] AActor::bAutoDestroyWhenFinished = 0x5A
[2026-08-09 22:56:12.6856458] AActor::bCanBeDamaged = 0x5A
[2026-08-09 22:56:12.6856603] AActor::bBlockInput = 0x5A
[2026-08-09 22:56:12.6856747] AActor::bCollideWhenPlacing = 0x5A
[2026-08-09 22:56:12.6856893] AActor::bGenerateOverlapEventsDuringLevelStreaming = 0x5A
[2026-08-09 22:56:12.6857039] AActor::bIgnoresOriginShifting = 0x5A
[2026-08-09 22:56:12.6857184] AActor::bHasRegisteredAllComponents = 0x5C
[2026-08-09 22:56:12.6857330] AActor::bEnableAutoLODGeneration = 0x5B
[2026-08-09 22:56:12.6857474] AActor::bIsEditorOnlyActor = 0x5B
[2026-08-09 22:56:12.6857618] AActor::bActorSeamlessTraveled = 0x5B
[2026-08-09 22:56:12.6857764] AActor::bReplicates = 0x5B
[2026-08-09 22:56:12.6857908] AActor::bCanBeInCluster = 0x5B
[2026-08-09 22:56:12.6858054] AActor::bAllowReceiveTickEventOnDedicatedServer = 0x5B
[2026-08-09 22:56:12.6858200] AActor::bNetCheckedInitialPhysicsState = 0x5B
[2026-08-09 22:56:12.6858345] AActor::bReplicateUsingRegisteredSubObjectList = 0x5B
[2026-08-09 22:56:12.6858490] AActor::bHasFinishedSpawning = 0x5C
[2026-08-09 22:56:12.6858635] AActor::bActorInitialized = 0x5C
[2026-08-09 22:56:12.6858780] AActor::bActorBeginningPlayFromLevelStreaming = 0x5C
[2026-08-09 22:56:12.6858925] AActor::bTickFunctionsRegistered = 0x5C
[2026-08-09 22:56:12.6859071] AActor::bRunningUserConstructionScript = 0x5C
[2026-08-09 22:56:12.6859216] AActor::bActorIsBeingDestroyed = 0x5D
[2026-08-09 22:56:12.6859360] AActor::bActorWantsDestroyDuringBeginPlay = 0x5D
[2026-08-09 22:56:12.6859505] AActor::bAsyncPhysicsTickEnabled = 0x5D
[2026-08-09 22:56:12.6859650] AActor::Owner = 0x140
[2026-08-09 22:56:12.6859796] AActor::Children = 0x188
[2026-08-09 22:56:12.6859945] AGameModeBase::SpectatorClass = 0x2D0
[2026-08-09 22:56:12.6860090] AGameModeBase::HUDClass = 0x2C0
[2026-08-09 22:56:12.6860236] AGameModeBase::DefaultPlayerName = 0x300
[2026-08-09 22:56:12.6860382] AGameModeBase::ServerStatReplicatorClass = 0x2E0
[2026-08-09 22:56:12.6860527] AGameModeBase::GameSession = 0x2E8
[2026-08-09 22:56:12.6860672] AGameModeBase::ServerStatReplicator = 0x2F8
[2026-08-09 22:56:12.6860818] AGameModeBase::GameSessionClass = 0x2A0
[2026-08-09 22:56:12.6860963] AGameModeBase::OptionsString = 0x290
[2026-08-09 22:56:12.6861108] AGameModeBase::PlayerStateClass = 0x2B8
[2026-08-09 22:56:12.6861253] AGameModeBase::bUseSeamlessTravel = 0x318
[2026-08-09 22:56:12.6861398] AGameModeBase::bStartPlayersAsSpectators = 0x318
[2026-08-09 22:56:12.6861544] AGameModeBase::bPauseable = 0x318
[2026-08-09 22:56:12.6861689] AGameModeBase::UEP_TotalSize = 0x330
[2026-08-09 22:56:12.6861835] AGameMode::EngineMessageClass = 0x350
[2026-08-09 22:56:12.6861981] AGameMode::MinRespawnDelay = 0x348
[2026-08-09 22:56:12.6862126] AGameMode::InactivePlayerArray = 0x358
[2026-08-09 22:56:12.6862271] AGameMode::InactivePlayerStateLifeSpan = 0x368
[2026-08-09 22:56:12.6862423] AGameMode::NumBots = 0x344
[2026-08-09 22:56:12.6862572] AGameMode::NumSpectators = 0x33C
[2026-08-09 22:56:12.6862717] AGameMode::MatchState = 0x330
[2026-08-09 22:56:12.6862902] AGameMode::MaxInactivePlayers = 0x36C
[2026-08-09 22:56:12.6863045] AGameMode::NumPlayers = 0x340
[2026-08-09 22:56:12.6863189] AGameMode::NumTravellingPlayers = 0x34C
[2026-08-09 22:56:12.6863333] AGameMode::bHandleDedicatedServerReplays = 0x370
[2026-08-09 22:56:12.6863476] AGameMode::bDelayedStart = 0x338
[2026-08-09 22:56:12.6863621] AGameMode::UEP_TotalSize = 0x378
[2026-08-09 22:56:12.6863765] UEngine::bUseSoftwareCursorWidgets = 0x250
[2026-08-09 22:56:12.6863909] UEngine::ClassPrivate = 0x10
[2026-08-09 22:56:12.6864052] UEngine::ViewportFrame = 0xF0
[2026-08-09 22:56:12.6864196] UEngine::MouseLockMode = 0x39C
[2026-08-09 22:56:12.6864341] UEngine::bFindCameraComponentWhenViewTarget = 0x5A
[2026-08-09 22:56:12.6864485] UEngine::InternalIndex = 0xC
[2026-08-09 22:56:12.6864629] UEngine::ObjectFlags = 0x8
[2026-08-09 22:56:12.6864773] UEngine::World = 0x78
[2026-08-09 22:56:12.6864917] UEngine::ActiveSplitscreenType = 0x70
[2026-08-09 22:56:12.6865061] UEngine::OnEndCursorOver = 0x1D6
[2026-08-09 22:56:12.6865204] UEngine::CustomTimeDilation = 0x64
[2026-08-09 22:56:12.6865348] UEngine::NamePrivate = 0x18
[2026-08-09 22:56:12.6865491] UEngine::InitialLifeSpan = 0x60
[2026-08-09 22:56:12.6865636] UEngine::AudioDeviceHandle = 0xF8
[2026-08-09 22:56:12.6865779] UEngine::bForceNetAddressable = 0x59
[2026-08-09 22:56:12.6865923] UEngine::InputPriority = 0x154
[2026-08-09 22:56:12.6866066] UEngine::bDisableSplitScreenOverride = 0x398
[2026-08-09 22:56:12.6866209] UEngine::Window = 0x100
[2026-08-09 22:56:12.6866353] UEngine::OuterPrivate = 0x20
[2026-08-09 22:56:12.6866497] UEngine::CurrentBufferVisualizationMode = 0x130
[2026-08-09 22:56:12.6866640] UEngine::bSuppressTransitionMessage = 0x88
[2026-08-09 22:56:12.6866784] UEngine::CurrentLumenVisualizationMode = 0x140
[2026-08-09 22:56:12.6866927] UEngine::CurrentNaniteVisualizationMode = 0x138
[2026-08-09 22:56:12.6867071] UEngine::CurrentVirtualShadowMapVisualizationMode = 0x148
[2026-08-09 22:56:12.6867216] UEngine::DebugProperties = 0x48
[2026-08-09 22:56:12.6867360] UEngine::EngineShowFlags = 0xB8
[2026-08-09 22:56:12.6867504] UEngine::AutoReceiveInput = 0x153
[2026-08-09 22:56:12.6867647] UEngine::GameLayerManagerPtr = 0x120
[2026-08-09 22:56:12.6867791] UEngine::OnClicked = 0x1D7
[2026-08-09 22:56:12.6867934] UEngine::OnActorBeginOverlap = 0x1D3
[2026-08-09 22:56:12.6868078] UEngine::HighResScreenshotDialog = 0x150
[2026-08-09 22:56:12.6868222] UEngine::OnInputTouchEnter = 0x1DB
[2026-08-09 22:56:12.6868365] UEngine::bHasAudioFocus = 0xFC
[2026-08-09 22:56:12.6868509] UEngine::OnEndPlay = 0x1DF
[2026-08-09 22:56:12.6868652] UEngine::ViewportOverlayWidget = 0x110
[2026-08-09 22:56:12.6868796] UEngine::MaxSplitscreenPlayers = 0x68
[2026-08-09 22:56:12.6868939] UEngine::MouseCaptureMode = 0x39A
[2026-08-09 22:56:12.6869082] UEngine::Layers = 0x1A8
[2026-08-09 22:56:12.6869226] UEngine::SplitscreenInfo = 0x58
[2026-08-09 22:56:12.6869369] UEngine::StatHitchesData = 0x390
[2026-08-09 22:56:12.6869512] UEngine::OnBeginCursorOver = 0x1D5
[2026-08-09 22:56:12.6869655] UEngine::StatUnitData = 0x388
[2026-08-09 22:56:12.6869798] UEngine::ViewModeIndex = 0xB0
[2026-08-09 22:56:12.6869942] UEngine::Viewport = 0xE8
[2026-08-09 22:56:12.6870086] UEngine::ViewportConsole = 0x40
[2026-08-09 22:56:12.6870229] UEngine::bHideCursorDuringCapture = 0x39B
[2026-08-09 22:56:12.6870372] UEngine::DetachFence = 0x280
[2026-08-09 22:56:12.6870515] UEngine::CreationTime = 0x158
[2026-08-09 22:56:12.6870659] UEngine::bIgnoreInput = 0x399
[2026-08-09 22:56:12.6870803] UEngine::bActorEnableCollision = 0x5C
[2026-08-09 22:56:12.6870948] UEngine::bIsMouseOverClient = 0x39D
[2026-08-09 22:56:12.6871092] UEngine::OnInputTouchEnd = 0x1DA
[2026-08-09 22:56:12.6871236] UEngine::bHasDeferredComponentRegistration = 0x5C
[2026-08-09 22:56:12.6871379] UEngine::AttachmentReplication = 0x70
[2026-08-09 22:56:12.6871522] UEngine::DefaultUpdateOverlapsMethodDuringLevelStreaming = 0x5F
[2026-08-09 22:56:12.6871673] UEngine::InputComponent = 0x160
[2026-08-09 22:56:12.6871821] UEngine::LastRenderTime = 0x17C
[2026-08-09 22:56:12.6872008] UEngine::MinNetUpdateFrequency = 0x174
[2026-08-09 22:56:12.6872151] UEngine::NetCullDistanceSquared = 0x168
[2026-08-09 22:56:12.6872295] UEngine::OnActorEndOverlap = 0x1D4
[2026-08-09 22:56:12.6872438] UEngine::NetDormancy = 0x151
[2026-08-09 22:56:12.6872582] UEngine::NetDriverName = 0x148
[2026-08-09 22:56:12.6872725] UEngine::NetTag = 0x16C
[2026-08-09 22:56:12.6872869] UEngine::NetPriority = 0x178
[2026-08-09 22:56:12.6873013] UEngine::NetUpdateFrequency = 0x170
[2026-08-09 22:56:12.6873157] UEngine::OnActorHit = 0x1DD
[2026-08-09 22:56:12.6873299] UEngine::OnDestroyed = 0x1DE
[2026-08-09 22:56:12.6873443] UEngine::OnInputTouchBegin = 0x1D9
[2026-08-09 22:56:12.6873586] UEngine::OnInputTouchLeave = 0x1DC
[2026-08-09 22:56:12.6873730] UEngine::OnReleased = 0x1D8
[2026-08-09 22:56:12.6873873] UEngine::OnTakeAnyDamage = 0x1D0
[2026-08-09 22:56:12.6874016] UEngine::OnTakePointDamage = 0x1D1
[2026-08-09 22:56:12.6874160] UEngine::OnTakeRadialDamage = 0x1D2
[2026-08-09 22:56:12.6874303] UEngine::ParentComponent = 0x1B8
[2026-08-09 22:56:12.6874447] UEngine::PrimaryActorTick = 0x28
[2026-08-09 22:56:12.6874591] UEngine::RayTracingGroupId = 0x6C
[2026-08-09 22:56:12.6874734] UEngine::RemoteRole = 0x68
[2026-08-09 22:56:12.6874878] UEngine::ReplicatedComponentsInfo = 0x1F0
[2026-08-09 22:56:12.6875021] UEngine::ReplicatedMovement = 0xD0
[2026-08-09 22:56:12.6875165] UEngine::ReplicatedSubObjects = 0x1E0
[2026-08-09 22:56:12.6875309] UEngine::Role = 0x150
[2026-08-09 22:56:12.6875453] UEngine::RootComponent = 0x198
[2026-08-09 22:56:12.6875597] UEngine::SpawnCollisionHandlingMethod = 0x152
[2026-08-09 22:56:12.6875740] UEngine::Tags = 0x1C0
[2026-08-09 22:56:12.6875884] UEngine::TimerHandle_LifeSpanExpired = 0x1A0
[2026-08-09 22:56:12.6876027] UEngine::UpdateOverlapsMethodDuringLevelStreaming = 0x5E
[2026-08-09 22:56:12.6876172] UEngine::InternalIndex_Private = 0xC
[2026-08-09 22:56:12.6876315] UEngine::UEP_TotalSize = 0x28
[2026-08-09 22:56:12.6876458] UEngine::bShowTitleSafeZone = 0x6C
[2026-08-09 22:56:12.6876601] UEngine::bIsPlayInEditorViewport = 0x6C
[2026-08-09 22:56:12.6876745] UEngine::bDisableWorldRendering = 0x6C
[2026-08-09 22:56:12.6876888] UEngine::HardwareCursorCache = 0x160
[2026-08-09 22:56:12.6877032] UEngine::HardwareCursors = 0x1B0
[2026-08-09 22:56:12.6877175] UEngine::CursorWidgets = 0x200
[2026-08-09 22:56:12.6877318] UEngine::ActorHasBegunPlay = 0x5D
[2026-08-09 22:56:12.6877461] UEngine::bNetTemporary = 0x58
[2026-08-09 22:56:12.6877605] UEngine::bActorIsBeingConstructed = 0x5D
[2026-08-09 22:56:12.6877749] UEngine::bNetStartup = 0x58
[2026-08-09 22:56:12.6877892] UEngine::bOnlyRelevantToOwner = 0x58
[2026-08-09 22:56:12.6878035] UEngine::bAlwaysRelevant = 0x58
[2026-08-09 22:56:12.6878180] UEngine::bReplicateMovement = 0x58
[2026-08-09 22:56:12.6878323] UEngine::bCallPreReplication = 0x58
[2026-08-09 22:56:12.6878467] UEngine::bCallPreReplicationForReplay = 0x58
[2026-08-09 22:56:12.6878610] UEngine::bHidden = 0x58
[2026-08-09 22:56:12.6878754] UEngine::bTearOff = 0x59
[2026-08-09 22:56:12.6878897] UEngine::bExchangedRoles = 0x59
[2026-08-09 22:56:12.6879041] UEngine::bNetLoadOnClient = 0x59
[2026-08-09 22:56:12.6879184] UEngine::bNetUseOwnerRelevancy = 0x59
[2026-08-09 22:56:12.6879327] UEngine::bRelevantForNetworkReplays = 0x59
[2026-08-09 22:56:12.6879471] UEngine::bRelevantForLevelBounds = 0x59
[2026-08-09 22:56:12.6879615] UEngine::bReplayRewindable = 0x59
[2026-08-09 22:56:12.6879758] UEngine::bAllowTickBeforeBeginPlay = 0x5A
[2026-08-09 22:56:12.6879902] UEngine::bAutoDestroyWhenFinished = 0x5A
[2026-08-09 22:56:12.6880045] UEngine::bCanBeDamaged = 0x5A
[2026-08-09 22:56:12.6880188] UEngine::bBlockInput = 0x5A
[2026-08-09 22:56:12.6880331] UEngine::bCollideWhenPlacing = 0x5A
[2026-08-09 22:56:12.6880475] UEngine::bGenerateOverlapEventsDuringLevelStreaming = 0x5A
[2026-08-09 22:56:12.6880626] UEngine::bIgnoresOriginShifting = 0x5A
[2026-08-09 22:56:12.6880773] UEngine::bHasRegisteredAllComponents = 0x5C
[2026-08-09 22:56:12.6880918] UEngine::bEnableAutoLODGeneration = 0x5B
[2026-08-09 22:56:12.6881061] UEngine::bIsEditorOnlyActor = 0x5B
[2026-08-09 22:56:12.6881204] UEngine::bActorSeamlessTraveled = 0x5B
[2026-08-09 22:56:12.6881348] UEngine::bReplicates = 0x5B
[2026-08-09 22:56:12.6881492] UEngine::bCanBeInCluster = 0x5B
[2026-08-09 22:56:12.6881635] UEngine::bAllowReceiveTickEventOnDedicatedServer = 0x5B
[2026-08-09 22:56:12.6881779] UEngine::bNetCheckedInitialPhysicsState = 0x5B
[2026-08-09 22:56:12.6881924] UEngine::bReplicateUsingRegisteredSubObjectList = 0x5B
[2026-08-09 22:56:12.6882068] UEngine::bHasFinishedSpawning = 0x5C
[2026-08-09 22:56:12.6882212] UEngine::bActorInitialized = 0x5C
[2026-08-09 22:56:12.6882355] UEngine::bActorBeginningPlayFromLevelStreaming = 0x5C
[2026-08-09 22:56:12.6882500] UEngine::bTickFunctionsRegistered = 0x5C
[2026-08-09 22:56:12.6882643] UEngine::bRunningUserConstructionScript = 0x5C
[2026-08-09 22:56:12.6882787] UEngine::bActorIsBeingDestroyed = 0x5D
[2026-08-09 22:56:12.6882930] UEngine::bActorWantsDestroyDuringBeginPlay = 0x5D
[2026-08-09 22:56:12.6883073] UEngine::bAsyncPhysicsTickEnabled = 0x5D
[2026-08-09 22:56:12.6883217] UEngine::Owner = 0x140
[2026-08-09 22:56:12.6883360] UEngine::Children = 0x188
[2026-08-09 22:56:12.6883505] UGameViewportClient::bUseSoftwareCursorWidgets = 0x250
[2026-08-09 22:56:12.6883649] UGameViewportClient::ClassPrivate = 0x10
[2026-08-09 22:56:12.6883792] UGameViewportClient::ViewportFrame = 0xF0
[2026-08-09 22:56:12.6883936] UGameViewportClient::MouseLockMode = 0x39C
[2026-08-09 22:56:12.6884081] UGameViewportClient::bFindCameraComponentWhenViewTarget = 0x5A
[2026-08-09 22:56:12.6884225] UGameViewportClient::InternalIndex = 0xC
[2026-08-09 22:56:12.6884368] UGameViewportClient::ObjectFlags = 0x8
[2026-08-09 22:56:12.6884511] UGameViewportClient::World = 0x78
[2026-08-09 22:56:12.6884655] UGameViewportClient::ActiveSplitscreenType = 0x70
[2026-08-09 22:56:12.6884800] UGameViewportClient::OnEndCursorOver = 0x1D6
[2026-08-09 22:56:12.6884944] UGameViewportClient::CustomTimeDilation = 0x64
[2026-08-09 22:56:12.6885088] UGameViewportClient::NamePrivate = 0x18
[2026-08-09 22:56:12.6885231] UGameViewportClient::InitialLifeSpan = 0x60
[2026-08-09 22:56:12.6885376] UGameViewportClient::AudioDeviceHandle = 0xF8
[2026-08-09 22:56:12.6885521] UGameViewportClient::bForceNetAddressable = 0x59
[2026-08-09 22:56:12.6885665] UGameViewportClient::InputPriority = 0x154
[2026-08-09 22:56:12.6885809] UGameViewportClient::bDisableSplitScreenOverride = 0x398
[2026-08-09 22:56:12.6885953] UGameViewportClient::Window = 0x100
[2026-08-09 22:56:12.6886096] UGameViewportClient::OuterPrivate = 0x20
[2026-08-09 22:56:12.6886240] UGameViewportClient::CurrentBufferVisualizationMode = 0x130
[2026-08-09 22:56:12.6886384] UGameViewportClient::bSuppressTransitionMessage = 0x88
[2026-08-09 22:56:12.6886570] UGameViewportClient::CurrentLumenVisualizationMode = 0x140
[2026-08-09 22:56:12.6886715] UGameViewportClient::CurrentNaniteVisualizationMode = 0x138
[2026-08-09 22:56:12.6886860] UGameViewportClient::CurrentVirtualShadowMapVisualizationMode = 0x148
[2026-08-09 22:56:12.6887009] UGameViewportClient::DebugProperties = 0x48
[2026-08-09 22:56:12.6887154] UGameViewportClient::EngineShowFlags = 0xB8
[2026-08-09 22:56:12.6887299] UGameViewportClient::AutoReceiveInput = 0x153
[2026-08-09 22:56:12.6887443] UGameViewportClient::GameLayerManagerPtr = 0x120
[2026-08-09 22:56:12.6887588] UGameViewportClient::OnClicked = 0x1D7
[2026-08-09 22:56:12.6887732] UGameViewportClient::OnActorBeginOverlap = 0x1D3
[2026-08-09 22:56:12.6887877] UGameViewportClient::HighResScreenshotDialog = 0x150
[2026-08-09 22:56:12.6888022] UGameViewportClient::OnInputTouchEnter = 0x1DB
[2026-08-09 22:56:12.6888166] UGameViewportClient::bHasAudioFocus = 0xFC
[2026-08-09 22:56:12.6888310] UGameViewportClient::OnEndPlay = 0x1DF
[2026-08-09 22:56:12.6888455] UGameViewportClient::ViewportOverlayWidget = 0x110
[2026-08-09 22:56:12.6888607] UGameViewportClient::MaxSplitscreenPlayers = 0x68
[2026-08-09 22:56:12.6888754] UGameViewportClient::MouseCaptureMode = 0x39A
[2026-08-09 22:56:12.6888898] UGameViewportClient::Layers = 0x1A8
[2026-08-09 22:56:12.6889042] UGameViewportClient::SplitscreenInfo = 0x58
[2026-08-09 22:56:12.6889188] UGameViewportClient::StatHitchesData = 0x390
[2026-08-09 22:56:12.6889333] UGameViewportClient::OnBeginCursorOver = 0x1D5
[2026-08-09 22:56:12.6889477] UGameViewportClient::StatUnitData = 0x388
[2026-08-09 22:56:12.6889622] UGameViewportClient::ViewModeIndex = 0xB0
[2026-08-09 22:56:12.6889766] UGameViewportClient::Viewport = 0xE8
[2026-08-09 22:56:12.6889910] UGameViewportClient::ViewportConsole = 0x40
[2026-08-09 22:56:12.6890054] UGameViewportClient::bHideCursorDuringCapture = 0x39B
[2026-08-09 22:56:12.6890199] UGameViewportClient::DetachFence = 0x280
[2026-08-09 22:56:12.6890344] UGameViewportClient::CreationTime = 0x158
[2026-08-09 22:56:12.6890489] UGameViewportClient::bIgnoreInput = 0x399
[2026-08-09 22:56:12.6890633] UGameViewportClient::bActorEnableCollision = 0x5C
[2026-08-09 22:56:12.6890778] UGameViewportClient::bIsMouseOverClient = 0x39D
[2026-08-09 22:56:12.6890923] UGameViewportClient::OnInputTouchEnd = 0x1DA
[2026-08-09 22:56:12.6891067] UGameViewportClient::bHasDeferredComponentRegistration = 0x5C
[2026-08-09 22:56:12.6891213] UGameViewportClient::AttachmentReplication = 0x70
[2026-08-09 22:56:12.6891358] UGameViewportClient::DefaultUpdateOverlapsMethodDuringLevelStreaming = 0x5F
[2026-08-09 22:56:12.6891503] UGameViewportClient::InputComponent = 0x160
[2026-08-09 22:56:12.6891647] UGameViewportClient::LastRenderTime = 0x17C
[2026-08-09 22:56:12.6891791] UGameViewportClient::MinNetUpdateFrequency = 0x174
[2026-08-09 22:56:12.6891967] UGameViewportClient::NetCullDistanceSquared = 0x168
[2026-08-09 22:56:12.6892113] UGameViewportClient::OnActorEndOverlap = 0x1D4
[2026-08-09 22:56:12.6892256] UGameViewportClient::NetDormancy = 0x151
[2026-08-09 22:56:12.6892401] UGameViewportClient::NetDriverName = 0x148
[2026-08-09 22:56:12.6892545] UGameViewportClient::NetTag = 0x16C
[2026-08-09 22:56:12.6892690] UGameViewportClient::NetPriority = 0x178
[2026-08-09 22:56:12.6892836] UGameViewportClient::NetUpdateFrequency = 0x170
[2026-08-09 22:56:12.6892980] UGameViewportClient::OnActorHit = 0x1DD
[2026-08-09 22:56:12.6893125] UGameViewportClient::OnDestroyed = 0x1DE
[2026-08-09 22:56:12.6893270] UGameViewportClient::OnInputTouchBegin = 0x1D9
[2026-08-09 22:56:12.6893415] UGameViewportClient::OnInputTouchLeave = 0x1DC
[2026-08-09 22:56:12.6893559] UGameViewportClient::OnReleased = 0x1D8
[2026-08-09 22:56:12.6893704] UGameViewportClient::OnTakeAnyDamage = 0x1D0
[2026-08-09 22:56:12.6893849] UGameViewportClient::OnTakePointDamage = 0x1D1
[2026-08-09 22:56:12.6893993] UGameViewportClient::OnTakeRadialDamage = 0x1D2
[2026-08-09 22:56:12.6894138] UGameViewportClient::ParentComponent = 0x1B8
[2026-08-09 22:56:12.6894282] UGameViewportClient::PrimaryActorTick = 0x28
[2026-08-09 22:56:12.6894426] UGameViewportClient::RayTracingGroupId = 0x6C
[2026-08-09 22:56:12.6894570] UGameViewportClient::RemoteRole = 0x68
[2026-08-09 22:56:12.6894715] UGameViewportClient::ReplicatedComponentsInfo = 0x1F0
[2026-08-09 22:56:12.6894859] UGameViewportClient::ReplicatedMovement = 0xD0
[2026-08-09 22:56:12.6895004] UGameViewportClient::ReplicatedSubObjects = 0x1E0
[2026-08-09 22:56:12.6895147] UGameViewportClient::Role = 0x150
[2026-08-09 22:56:12.6895292] UGameViewportClient::RootComponent = 0x198
[2026-08-09 22:56:12.6895436] UGameViewportClient::SpawnCollisionHandlingMethod = 0x152
[2026-08-09 22:56:12.6895580] UGameViewportClient::Tags = 0x1C0
[2026-08-09 22:56:12.6895725] UGameViewportClient::TimerHandle_LifeSpanExpired = 0x1A0
[2026-08-09 22:56:12.6895871] UGameViewportClient::UpdateOverlapsMethodDuringLevelStreaming = 0x5E
[2026-08-09 22:56:12.6896018] UGameViewportClient::InternalIndex_Private = 0xC
[2026-08-09 22:56:12.6896164] UGameViewportClient::UEP_TotalSize = 0x28
[2026-08-09 22:56:12.6896309] UGameViewportClient::bShowTitleSafeZone = 0x6C
[2026-08-09 22:56:12.6896460] UGameViewportClient::bIsPlayInEditorViewport = 0x6C
[2026-08-09 22:56:12.6896609] UGameViewportClient::bDisableWorldRendering = 0x6C
[2026-08-09 22:56:12.6896755] UGameViewportClient::HardwareCursorCache = 0x160
[2026-08-09 22:56:12.6896900] UGameViewportClient::HardwareCursors = 0x1B0
[2026-08-09 22:56:12.6897044] UGameViewportClient::CursorWidgets = 0x200
[2026-08-09 22:56:12.6897190] UGameViewportClient::ActorHasBegunPlay = 0x5D
[2026-08-09 22:56:12.6897334] UGameViewportClient::bNetTemporary = 0x58
[2026-08-09 22:56:12.6897478] UGameViewportClient::bActorIsBeingConstructed = 0x5D
[2026-08-09 22:56:12.6897623] UGameViewportClient::bNetStartup = 0x58
[2026-08-09 22:56:12.6897768] UGameViewportClient::bOnlyRelevantToOwner = 0x58
[2026-08-09 22:56:12.6897912] UGameViewportClient::bAlwaysRelevant = 0x58
[2026-08-09 22:56:12.6898056] UGameViewportClient::bReplicateMovement = 0x58
[2026-08-09 22:56:12.6898201] UGameViewportClient::bCallPreReplication = 0x58
[2026-08-09 22:56:12.6898345] UGameViewportClient::bCallPreReplicationForReplay = 0x58
[2026-08-09 22:56:12.6898490] UGameViewportClient::bHidden = 0x58
[2026-08-09 22:56:12.6898635] UGameViewportClient::bTearOff = 0x59
[2026-08-09 22:56:12.6898784] UGameViewportClient::bExchangedRoles = 0x59
[2026-08-09 22:56:12.6898964] UGameViewportClient::bNetLoadOnClient = 0x59
[2026-08-09 22:56:12.6899108] UGameViewportClient::bNetUseOwnerRelevancy = 0x59
[2026-08-09 22:56:12.6899252] UGameViewportClient::bRelevantForNetworkReplays = 0x59
[2026-08-09 22:56:12.6899397] UGameViewportClient::bRelevantForLevelBounds = 0x59
[2026-08-09 22:56:12.6899541] UGameViewportClient::bReplayRewindable = 0x59
[2026-08-09 22:56:12.6899685] UGameViewportClient::bAllowTickBeforeBeginPlay = 0x5A
[2026-08-09 22:56:12.6899830] UGameViewportClient::bAutoDestroyWhenFinished = 0x5A
[2026-08-09 22:56:12.6899974] UGameViewportClient::bCanBeDamaged = 0x5A
[2026-08-09 22:56:12.6900119] UGameViewportClient::bBlockInput = 0x5A
[2026-08-09 22:56:12.6900263] UGameViewportClient::bCollideWhenPlacing = 0x5A
[2026-08-09 22:56:12.6900407] UGameViewportClient::bGenerateOverlapEventsDuringLevelStreaming = 0x5A
[2026-08-09 22:56:12.6900554] UGameViewportClient::bIgnoresOriginShifting = 0x5A
[2026-08-09 22:56:12.6900699] UGameViewportClient::bHasRegisteredAllComponents = 0x5C
[2026-08-09 22:56:12.6900843] UGameViewportClient::bEnableAutoLODGeneration = 0x5B
[2026-08-09 22:56:12.6900987] UGameViewportClient::bIsEditorOnlyActor = 0x5B
[2026-08-09 22:56:12.6901129] UGameViewportClient::bActorSeamlessTraveled = 0x5B
[2026-08-09 22:56:12.6901273] UGameViewportClient::bReplicates = 0x5B
[2026-08-09 22:56:12.6901417] UGameViewportClient::bCanBeInCluster = 0x5B
[2026-08-09 22:56:12.6901560] UGameViewportClient::bAllowReceiveTickEventOnDedicatedServer = 0x5B
[2026-08-09 22:56:12.6901707] UGameViewportClient::bNetCheckedInitialPhysicsState = 0x5B
[2026-08-09 22:56:12.6901852] UGameViewportClient::bReplicateUsingRegisteredSubObjectList = 0x5B
[2026-08-09 22:56:12.6901997] UGameViewportClient::bHasFinishedSpawning = 0x5C
[2026-08-09 22:56:12.6902141] UGameViewportClient::bActorInitialized = 0x5C
[2026-08-09 22:56:12.6902285] UGameViewportClient::bActorBeginningPlayFromLevelStreaming = 0x5C
[2026-08-09 22:56:12.6902430] UGameViewportClient::bTickFunctionsRegistered = 0x5C
[2026-08-09 22:56:12.6902575] UGameViewportClient::bRunningUserConstructionScript = 0x5C
[2026-08-09 22:56:12.6902719] UGameViewportClient::bActorIsBeingDestroyed = 0x5D
[2026-08-09 22:56:12.6902863] UGameViewportClient::bActorWantsDestroyDuringBeginPlay = 0x5D
[2026-08-09 22:56:12.6903008] UGameViewportClient::bAsyncPhysicsTickEnabled = 0x5D
[2026-08-09 22:56:12.6903151] UGameViewportClient::Owner = 0x140
[2026-08-09 22:56:12.6903295] UGameViewportClient::Children = 0x188
[2026-08-09 22:56:12.6903440] UPlayer::UEP_TotalSize = 0x48
[2026-08-09 22:56:12.6903584] UPlayer::ConfiguredLanSpeed = 0x40
[2026-08-09 22:56:12.6903728] UPlayer::ConfiguredInternetSpeed = 0x3C
[2026-08-09 22:56:12.6903872] UPlayer::CurrentNetSpeed = 0x38
[2026-08-09 22:56:12.6904022] ULocalPlayer::AspectRatioAxisConstraint = 0xB8
[2026-08-09 22:56:12.6904170] ULocalPlayer::SlateOperations = 0x1E0
[2026-08-09 22:56:12.6904315] ULocalPlayer::CachedUniqueNetId = 0x48
[2026-08-09 22:56:12.6904459] ULocalPlayer::ControllerId = 0xE0
[2026-08-09 22:56:12.6904603] ULocalPlayer::ViewportClient = 0x78
[2026-08-09 22:56:12.6904746] ULocalPlayer::bSentSplitJoin = 0xC8
[2026-08-09 22:56:12.6904890] ULocalPlayer::PlatformUserId = 0x100
[2026-08-09 22:56:12.6905033] ULocalPlayer::UEP_TotalSize = 0x298
[2026-08-09 22:56:12.6905177] UWorld::BlockTillLevelStreamingCompletedEpoch = 0x144
[2026-08-09 22:56:12.6905321] UWorld::bAllowAudioPlayback = 0x13E
[2026-08-09 22:56:12.6905464] UWorld::ActiveLevelCollectionIndex = 0x190
[2026-08-09 22:56:12.6905608] UWorld::AudioTimeSeconds = 0x678
[2026-08-09 22:56:12.6905751] UWorld::CommittedPersistentLevelName = 0x700
[2026-08-09 22:56:12.6905895] UWorld::bInTick = 0x13B
[2026-08-09 22:56:12.6906039] UWorld::CleanupWorldTag = 0x70C
[2026-08-09 22:56:12.6906183] UWorld::LWILastAssignedUID = 0x258
[2026-08-09 22:56:12.6906328] UWorld::BuildStreamingDataTimer = 0x448
[2026-08-09 22:56:12.6906477] UWorld::bTickNewlySpawned = 0x13B
[2026-08-09 22:56:12.6906619] UWorld::AuthorityGameMode = 0x150
[2026-08-09 22:56:12.6906763] UWorld::DeltaRealTimeSeconds = 0x680
[2026-08-09 22:56:12.6906906] UWorld::DeltaTimeSeconds = 0x684
[2026-08-09 22:56:12.6907050] UWorld::bSupportsMakingInvisibleTransactionRequests = 0xDA
[2026-08-09 22:56:12.6907195] UWorld::bPlayersOnly = 0x13D
[2026-08-09 22:56:12.6907338] UWorld::ExtraReferencedObjects = 0x68
[2026-08-09 22:56:12.6907483] UWorld::PreparingLevelNames = 0x6F0
[2026-08-09 22:56:12.6907628] UWorld::IsInBlockTillLevelStreamingCompleted = 0x140
[2026-08-09 22:56:12.6907772] UWorld::bIsRunningConstructionScript = 0x13C
[2026-08-09 22:56:12.6907918] UWorld::bAllowDeferredPhysicsStateCreation = 0x108
[2026-08-09 22:56:12.6908062] UWorld::LastRenderTime = 0x130
[2026-08-09 22:56:12.6908206] UWorld::LastTimeUnbuiltLightingWasEncountered = 0x658
[2026-08-09 22:56:12.6908349] UWorld::bHasEverBeenInitialized = 0x13F
[2026-08-09 22:56:12.6908494] UWorld::NextSwitchCountdown = 0x6C0
[2026-08-09 22:56:12.6908638] UWorld::bMaterialParameterCollectionInstanceNeedsDeferredUpdate = 0x13F
[2026-08-09 22:56:12.6908784] UWorld::RealTimeSeconds = 0x670
[2026-08-09 22:56:12.6908928] UWorld::NextURL = 0x6E0
[2026-08-09 22:56:12.6909072] UWorld::NumStreamingLevelsBeingLoaded = 0x6DA
[2026-08-09 22:56:12.6909215] UWorld::PauseDelay = 0x688
[2026-08-09 22:56:12.6909377] UWorld::PerModuleDataObjects = 0x78
[2026-08-09 22:56:12.6909520] UWorld::bIsDefaultLevel = 0x13C
[2026-08-09 22:56:12.6909664] UWorld::PlayerNum = 0x618
[2026-08-09 22:56:12.6909807] UWorld::bAggressiveLOD = 0x13C
[2026-08-09 22:56:12.6909950] UWorld::StreamingLevelsPrefix = 0xC8
[2026-08-09 22:56:12.6910094] UWorld::bIsLevelStreamingFrozen = 0x13B
[2026-08-09 22:56:12.6910237] UWorld::bTriggerPostLoadMap = 0x13B
[2026-08-09 22:56:12.6910381] UWorld::StreamingVolumeUpdateDelay = 0x61C
[2026-08-09 22:56:12.6910526] UWorld::bIsBuilt = 0x13B
[2026-08-09 22:56:12.6910669] UWorld::TimeSeconds = 0x660
[2026-08-09 22:56:12.6910813] UWorld::UnpausedTimeSeconds = 0x668
[2026-08-09 22:56:12.6910956] UWorld::bShouldForceVisibleStreamingLevels = 0x13E
[2026-08-09 22:56:12.6911101] UWorld::bSupportsMakingVisibleTransactionRequests = 0xD8
[2026-08-09 22:56:12.6911245] UWorld::bPlayersOnlyPending = 0x13D
[2026-08-09 22:56:12.6911389] UWorld::bWorldWasLoadedThisTick = 0x13B
[2026-08-09 22:56:12.6911533] UWorld::bPostTickComponentUpdate = 0x13B
[2026-08-09 22:56:12.6911677] UWorld::bShouldSimulatePhysics = 0x13C
[2026-08-09 22:56:12.6911820] UWorld::bIsWorldInitialized = 0x13B
[2026-08-09 22:56:12.6911964] UWorld::bDoDelayedUpdateCullDistanceVolumes = 0x13C
[2026-08-09 22:56:12.6912107] UWorld::bRequestedBlockOnAsyncLoading = 0x13C
[2026-08-09 22:56:12.6912250] UWorld::bDropDetail = 0x13C
[2026-08-09 22:56:12.6912393] UWorld::bActorsInitialized = 0x13C
[2026-08-09 22:56:12.6912544] UWorld::bBegunPlay = 0x13D
[2026-08-09 22:56:12.6912692] UWorld::bIsCameraMoveableWhenPaused = 0x13E
[2026-08-09 22:56:12.6912836] UWorld::bMatchStarted = 0x13D
[2026-08-09 22:56:12.6912979] UWorld::bStartup = 0x13D
[2026-08-09 22:56:12.6913123] UWorld::bAreConstraintsDirty = 0x13E
[2026-08-09 22:56:12.6913267] UWorld::bIsTearingDown = 0x13D
[2026-08-09 22:56:12.6913411] UWorld::bKismetScriptError = 0x13D
[2026-08-09 22:56:12.6913555] UWorld::bDebugPauseExecution = 0x13D
[2026-08-09 22:56:12.6913699] UWorld::bRequiresHitProxies = 0x13E
[2026-08-09 22:56:12.6913843] UWorld::bShouldTick = 0x13E
[2026-08-09 22:56:12.6913987] UWorld::bStreamingDataDirty = 0x13E
[2026-08-09 22:56:12.6914131] UWorld::bShouldForceUnloadStreamingLevels = 0x13E
[2026-08-09 22:56:12.6914276] UWorld::URL = 0x540
[2026-08-09 22:56:12.6914420] UWorld::bMarkedObjectsPendingKill = 0x708
[2026-08-09 22:56:12.6914564] UWorld::UEP_TotalSize = 0x898
[2026-08-09 22:56:12.6914710] UDataTable::RowStruct = 0x28
[2026-08-09 22:56:12.6914856] UDataTable::RowMap = 0x30
[2026-08-09 22:56:12.6915000] UDataTable::UEP_TotalSize = 0xB0
[2026-08-09 22:56:12.6915145] UDataTable::ImportKeyField = 0x88
[2026-08-09 22:56:12.6915289] UDataTable::bStripFromClientBuilds = 0x80
[2026-08-09 22:56:12.6915433] UDataTable::bIgnoreExtraFields = 0x80
[2026-08-09 22:56:12.6915577] UDataTable::bIgnoreMissingFields = 0x80
[2026-08-09 22:56:12.6915721] FUObjectItem::Object = 0x0
[2026-08-09 22:56:12.6915866] FUObjectItem::Flags = 0x8
[2026-08-09 22:56:12.6916011] FUObjectItem::ClusterRootIndex = 0xC
[2026-08-09 22:56:12.6916155] FUObjectItem::SerialNumber = 0x10
[2026-08-09 22:56:12.6916299] FUObjectItem::UEP_TotalSize = 0x18
[2026-08-09 22:56:12.6916444] FUObjectArray::ObjFirstGCIndex = 0x0
[2026-08-09 22:56:12.6916588] FUObjectArray::ObjLastNonGCIndex = 0x4
[2026-08-09 22:56:12.6916732] FUObjectArray::MaxObjectsNotConsideredByGC = 0x8
[2026-08-09 22:56:12.6916876] FUObjectArray::ObjObjects = 0x10
[2026-08-09 22:56:12.6917021] FUObjectArray::UObjectCreateListeners = 0x68
[2026-08-09 22:56:12.6917164] FUObjectArray::OpenForDisregardForGC = 0xC
[2026-08-09 22:56:12.6917308] FUObjectArray::UObjectDeleteListeners = 0x78
[2026-08-09 22:56:12.6917452] FUObjectArray::ObjAvailableList = 0x58
[2026-08-09 22:56:12.6917596] FUObjectArray::PrimarySerialNumber = 0xB0
[2026-08-09 22:56:12.6917741] FUObjectArray::UEP_TotalSize = 0xB8
[2026-08-09 22:56:12.6917885] TUObjectArray::NumChunks = 0x1C
[2026-08-09 22:56:12.6918030] TUObjectArray::Objects = 0x0
[2026-08-09 22:56:12.6918174] TUObjectArray::UEP_TotalSize = 0x20
[2026-08-09 22:56:12.6918318] TUObjectArray::PreAllocatedObjects = 0x8
[2026-08-09 22:56:12.6918462] TUObjectArray::MaxElements = 0x10
[2026-08-09 22:56:12.6918606] TUObjectArray::NumElements = 0x14
[2026-08-09 22:56:12.6918751] TUObjectArray::MaxChunks = 0x18
[2026-08-09 22:56:12.6918896] 
##### MEMBER OFFSETS END (MemberVariableLayout) #####

[2026-08-09 22:56:12.6920241] DebugGame Setting Enabled? false
[2026-08-09 22:56:12.6942312] PS Scan attempt 1 (Phase 2)
[2026-08-09 22:56:12.6942612] [PS] Reading image
[2026-08-09 22:56:12.6943703] [PS] Starting scan
[2026-08-09 22:56:12.9420718] [PS] Scan finished in 247.6526ms
[2026-08-09 22:56:12.9421449] [PS] Found EngineVersion: 5.1
[2026-08-09 22:56:12.9421661] [PS] Found GUObjectArray: 0x7ff7c1550580
[2026-08-09 22:56:12.9421835] [PS] Found GMalloc: 0x7ff7c1477f18
[2026-08-09 22:56:12.9422010] [PS] Found FName::ToString: 0x7ff7bb5349f0
[2026-08-09 22:56:12.9422215] [PS] Found FName::FName(wchar_t*): 0x7ff7bb523820
[2026-08-09 22:56:12.9422383] [PS] Found StaticConstructObject_Internal: 0x7ff7bb6c9190
[2026-08-09 22:56:12.9422574] [PS] Found FUObjectHashTables::Get(): 0x7ff7bb6d2ea0
[2026-08-09 22:56:12.9422739] [PS] Found GNatives: 0x7ff7c154f030
[2026-08-09 22:56:12.9422944] [PS] Failed to find ConsoleManagerSingleton: ConsoleManagerSingleton: found 2 unique values [7FF7BB420730, 7FF7BC612BB0]
[2026-08-09 22:56:12.9423116] [PS] You can supply your own AOB in 'UE4SS_Signatures/ConsoleManager.lua'
[2026-08-09 22:56:12.9423278] [PS] Found GameEngineTick: 0x7ff7bd2b3c80
[2026-08-09 22:56:12.9424058] PS scan successful
[2026-08-09 22:56:12.9427414] Running second pass of Lua override scans
[2026-08-09 22:56:12.9427748] Lua Scan attempt 1 (Phase 2)
[2026-08-09 22:56:12.9428136] Verifying FName constructor...
[2026-08-09 22:56:12.9453646] [UE4SS.FNameConstructor.FNameConstructorVerificationHook] Added posthook with Id '0X8000200000000001'!
[2026-08-09 22:56:12.9969400] [UE4SS.EngineTick.FNameConstructorUnhooker] Added prehook with Id '0X6020000000000001'!
[2026-08-09 22:56:12.9970366] FName constructor verified at 0x00007FF7BB523820
[2026-08-09 22:56:12.9970913] Using engine version: 5.1
[2026-08-09 22:56:12.9971181] Waiting for object construction...
[2026-08-09 22:56:14.1678237] Locating KismetSystemLibrary...
[2026-08-09 22:56:14.1946408] Locating KismetSystemLibrary:Conv_NameToString...
[2026-08-09 22:56:21.1505765] Locating KismetSystemLibrary CDO...
[2026-08-09 22:56:21.2040630] Already constructed: ["/Script/CoreUObject", "Class"]
[2026-08-09 22:56:21.2041425] Already constructed: ["/Script/CoreUObject"]
[2026-08-09 22:56:21.2041811] Already constructed: ["/Script/CoreUObject", "Struct"]
[2026-08-09 22:56:21.2042061] Already constructed: ["/Script/Engine", "Pawn"]
[2026-08-09 22:56:21.2042290] Already constructed: ["/Script/Engine", "Character"]
[2026-08-09 22:56:21.2042460] Already constructed: ["/Script/Engine", "Actor"]
[2026-08-09 22:56:21.2043714] Already constructed: ["/Script/CoreUObject", "Vector"]
[2026-08-09 22:56:21.2048825] Already constructed: ["/Script/Engine", "Default__DefaultPawn"]
[2026-08-09 22:56:21.2051424] Already constructed: ["/Script/Engine", "HitResult"]
[2026-08-09 22:56:21.2058366] Already constructed: ["/Script/Engine", "Default__MaterialExpression"]
[2026-08-09 22:56:21.2059181] Already constructed: ["/Script/Engine", "ActorComponent"]
[2026-08-09 22:56:21.2061039] Already constructed: ["/Script/CoreUObject", "OrientedBox"]
[2026-08-09 22:56:21.2061752] Already constructed: ["/Script/Engine", "MovementComponent"]
[2026-08-09 22:56:21.2062504] Already constructed: ["/Script/Engine", "HUD"]
[2026-08-09 22:56:21.2062832] Already constructed: ["/Script/Engine", "PlayerController"]
[2026-08-09 22:56:21.2063777] Already constructed: ["/Script/Engine", "PlayerCameraManager"]
[2026-08-09 22:56:21.2065371] Already constructed: ["/Script/CoreUObject", "EInterpCurveMode"]
[2026-08-09 22:56:21.2067402] Already constructed: ["/Script/Engine", "ENetRole"]
[2026-08-09 22:56:21.2071667] Already constructed: ["/Script/MovieScene", "MovieSceneEditorData"]
[2026-08-09 22:56:21.2072064] Already constructed: ["/Script/UMG", "Widget"]
[2026-08-09 22:56:21.2073034] Already constructed: ["/Script/UMG", "ComboBoxString"]
[2026-08-09 22:56:21.2073350] Already constructed: ["/Script/CoreUObject", "Interface"]
[2026-08-09 22:56:21.2074183] Already constructed: ["/Script/CoreUObject", "DynamicClass"]
[2026-08-09 22:56:21.3731870] GameEngine::LoadMap address 0x7ff7bd86e4c0
[2026-08-09 22:56:21.3732809] GameEngine::Tick address (vtable: 0x7ff73d340000; scan: 0x7ff7bd2b3c80)
[2026-08-09 22:56:21.3733098] WARNING: VTable and scan addresses differ for UGameEngine::Tick. Potentially customized vtables.
[2026-08-09 22:56:21.3733397] GameEngine: 0x18e2a843250 GameEngine /Script/Engine.Default__GameEngine
[2026-08-09 22:56:21.3733633] VTable entries:
[2026-08-09 22:56:21.3734020] -8: 0x7ff7bd882510
[2026-08-09 22:56:21.3734368] -7: 0x7ff7bd882520
[2026-08-09 22:56:21.3734650] -6: 0x7ff7bb3d19f0
[2026-08-09 22:56:21.3734962] -5: 0x7ff7bd861720
[2026-08-09 22:56:21.3735269] -4: 0x7ff7bd2ac9e0
[2026-08-09 22:56:21.3735508] -3: 0x7ff7bd2b3090
[2026-08-09 22:56:21.3735766] -2: 0x7ff7bd2aeda0
[2026-08-09 22:56:21.3736022] -1: 0x7ff7bd873ee0
[2026-08-09 22:56:21.3736255] S0: 0x7ff73d340000
[2026-08-09 22:56:21.3736549] +1: 0x7ff7bd881920
[2026-08-09 22:56:21.3736873] +2: 0x7ff7bd855770
[2026-08-09 22:56:21.3737155] +3: 0x7ff7bd2a8530
[2026-08-09 22:56:21.3737392] +4: 0x7ff7bd862a50
[2026-08-09 22:56:21.3737638] +5: 0x7ff7bd87afe0
[2026-08-09 22:56:21.3737870] +6: 0x7ff7bd8817c0
[2026-08-09 22:56:21.3738169] +7: 0x7ff7bd86d4d0
[2026-08-09 22:56:21.3738435] +8: 0x7ff7bd8713d0
[2026-08-09 22:56:21.3738700] Using scan address for GameEngine::Tick
[2026-08-09 22:56:21.3739473] [UE4SS.EngineTick.GameThreadInitializer] Added prehook with Id '0X6020000000000002'!
[2026-08-09 22:56:21.3739928] GameModeBase::InitGameState address 0x7ff7bd2ce8d0
[2026-08-09 22:56:21.3740241] AActor::BeginPlay address 0x7ff7bcf3fc90
[2026-08-09 22:56:21.3740565] AActor::EndPlay address 0x7ff7bcf45c80
[2026-08-09 22:56:21.3740962] AActor::Tick address 0x7ff7bcf586e0
[2026-08-09 22:56:21.3741265] GameViewportClient::Tick address 0x7ff7bd31d0e0
[2026-08-09 22:56:21.3741576] ProcessEvent address 0x7ff7bb6a76c0
[2026-08-09 22:56:21.3742089] ProcessConsoleExec address 0x7ff7b8c56530
[2026-08-09 22:56:21.3742499] UStruct::Link address 0x7ff7bb5d7020
[2026-08-09 22:56:21.3742953] Constructed 0 of 0 objects
[2026-08-09 22:56:21.6015641] FText size detected as 0x18 bytes.
[2026-08-09 22:56:21.6021314] ProcessInternal address: 0x7ff7bb6a7b00
[2026-08-09 22:56:21.6021976] ProcessLocalScriptFunction address: 0x7ff7bb6a7bb0
[2026-08-09 22:56:21.6022253] UnrealConfig.FExecVTableOffsetInLocalPlayer: 28
[2026-08-09 22:56:21.6022480] Post-initialization: GMalloc: 0x7ff7c1477f18 -> 0x18e1603e1a0
[2026-08-09 22:56:21.6022798] Starting callback garbage collector![2026-08-09 22:56:21.6053373] [UE4SS.StaticConstructObject.ObjectSearcherPoolHook] Added posthook with Id '0X9000000000000001'!
[2026-08-09 22:56:21.6053977] 
##### MEMBER OFFSETS START (Coalesced) #####

[2026-08-09 22:56:21.6054295] UObjectBase::bUseSoftwareCursorWidgets = 0x250
[2026-08-09 22:56:21.6054511] UObjectBase::ClassPrivate = 0x10
[2026-08-09 22:56:21.6054721] UObjectBase::ViewportFrame = 0xF0
[2026-08-09 22:56:21.6054928] UObjectBase::MouseLockMode = 0x39C
[2026-08-09 22:56:21.6055157] UObjectBase::bFindCameraComponentWhenViewTarget = 0x5A
[2026-08-09 22:56:21.6055361] UObjectBase::InternalIndex = 0xC
[2026-08-09 22:56:21.6055583] UObjectBase::ObjectFlags = 0x8
[2026-08-09 22:56:21.6055789] UObjectBase::World = 0x78
[2026-08-09 22:56:21.6055985] UObjectBase::ActiveSplitscreenType = 0x70
[2026-08-09 22:56:21.6056240] UObjectBase::OnEndCursorOver = 0x1D6
[2026-08-09 22:56:21.6056438] UObjectBase::CustomTimeDilation = 0x64
[2026-08-09 22:56:21.6056631] UObjectBase::NamePrivate = 0x18
[2026-08-09 22:56:21.6056833] UObjectBase::InitialLifeSpan = 0x60
[2026-08-09 22:56:21.6057041] UObjectBase::AudioDeviceHandle = 0xF8
[2026-08-09 22:56:21.6057248] UObjectBase::bForceNetAddressable = 0x59
[2026-08-09 22:56:21.6057457] UObjectBase::InputPriority = 0x154
[2026-08-09 22:56:21.6057669] UObjectBase::bDisableSplitScreenOverride = 0x398
[2026-08-09 22:56:21.6057875] UObjectBase::Window = 0x100
[2026-08-09 22:56:21.6058075] UObjectBase::OuterPrivate = 0x20
[2026-08-09 22:56:21.6058284] UObjectBase::CurrentBufferVisualizationMode = 0x130
[2026-08-09 22:56:21.6058485] UObjectBase::bSuppressTransitionMessage = 0x88
[2026-08-09 22:56:21.6058685] UObjectBase::CurrentLumenVisualizationMode = 0x140
[2026-08-09 22:56:21.6058930] UObjectBase::CurrentNaniteVisualizationMode = 0x138
[2026-08-09 22:56:21.6059189] UObjectBase::CurrentVirtualShadowMapVisualizationMode = 0x148
[2026-08-09 22:56:21.6059402] UObjectBase::DebugProperties = 0x48
[2026-08-09 22:56:21.6059606] UObjectBase::EngineShowFlags = 0xB8
[2026-08-09 22:56:21.6059844] UObjectBase::AutoReceiveInput = 0x153
[2026-08-09 22:56:21.6060060] UObjectBase::GameLayerManagerPtr = 0x120
[2026-08-09 22:56:21.6060282] UObjectBase::OnClicked = 0x1D7
[2026-08-09 22:56:21.6060500] UObjectBase::OnActorBeginOverlap = 0x1D3
[2026-08-09 22:56:21.6060718] UObjectBase::HighResScreenshotDialog = 0x150
[2026-08-09 22:56:21.6060920] UObjectBase::OnInputTouchEnter = 0x1DB
[2026-08-09 22:56:21.6061123] UObjectBase::bHasAudioFocus = 0xFC
[2026-08-09 22:56:21.6061326] UObjectBase::OnEndPlay = 0x1DF
[2026-08-09 22:56:21.6061554] UObjectBase::ViewportOverlayWidget = 0x110
[2026-08-09 22:56:21.6061785] UObjectBase::MaxSplitscreenPlayers = 0x68
[2026-08-09 22:56:21.6062042] UObjectBase::MouseCaptureMode = 0x39A
[2026-08-09 22:56:21.6062261] UObjectBase::Layers = 0x1A8
[2026-08-09 22:56:21.6062461] UObjectBase::SplitscreenInfo = 0x58
[2026-08-09 22:56:21.6062667] UObjectBase::StatHitchesData = 0x390
[2026-08-09 22:56:21.6062873] UObjectBase::OnBeginCursorOver = 0x1D5
[2026-08-09 22:56:21.6063090] UObjectBase::StatUnitData = 0x388
[2026-08-09 22:56:21.6063295] UObjectBase::ViewModeIndex = 0xB0
[2026-08-09 22:56:21.6063501] UObjectBase::Viewport = 0xE8
[2026-08-09 22:56:21.6063701] UObjectBase::ViewportConsole = 0x40
[2026-08-09 22:56:21.6063912] UObjectBase::bHideCursorDuringCapture = 0x39B
[2026-08-09 22:56:21.6064117] UObjectBase::DetachFence = 0x280
[2026-08-09 22:56:21.6064329] UObjectBase::CreationTime = 0x158
[2026-08-09 22:56:21.6064534] UObjectBase::bIgnoreInput = 0x399
[2026-08-09 22:56:21.6064745] UObjectBase::bActorEnableCollision = 0x5C
[2026-08-09 22:56:21.6064957] UObjectBase::bIsMouseOverClient = 0x39D
[2026-08-09 22:56:21.6065173] UObjectBase::OnInputTouchEnd = 0x1DA
[2026-08-09 22:56:21.6065406] UObjectBase::bHasDeferredComponentRegistration = 0x5C
[2026-08-09 22:56:21.6065620] UObjectBase::AttachmentReplication = 0x70
[2026-08-09 22:56:21.6065813] UObjectBase::DefaultUpdateOverlapsMethodDuringLevelStreaming = 0x5F
[2026-08-09 22:56:21.6066014] UObjectBase::InputComponent = 0x160
[2026-08-09 22:56:21.6066214] UObjectBase::LastRenderTime = 0x17C
[2026-08-09 22:56:21.6066412] UObjectBase::MinNetUpdateFrequency = 0x174
[2026-08-09 22:56:21.6066608] UObjectBase::NetCullDistanceSquared = 0x168
[2026-08-09 22:56:21.6066794] UObjectBase::OnActorEndOverlap = 0x1D4
[2026-08-09 22:56:21.6066996] UObjectBase::NetDormancy = 0x151
[2026-08-09 22:56:21.6067208] UObjectBase::NetDriverName = 0x148
[2026-08-09 22:56:21.6067413] UObjectBase::NetTag = 0x16C
[2026-08-09 22:56:21.6067625] UObjectBase::NetPriority = 0x178
[2026-08-09 22:56:21.6067843] UObjectBase::NetUpdateFrequency = 0x170
[2026-08-09 22:56:21.6068054] UObjectBase::OnActorHit = 0x1DD
[2026-08-09 22:56:21.6068267] UObjectBase::OnDestroyed = 0x1DE
[2026-08-09 22:56:21.6068481] UObjectBase::OnInputTouchBegin = 0x1D9
[2026-08-09 22:56:21.6068738] UObjectBase::OnInputTouchLeave = 0x1DC
[2026-08-09 22:56:21.6068982] UObjectBase::OnReleased = 0x1D8
[2026-08-09 22:56:21.6069195] UObjectBase::OnTakeAnyDamage = 0x1D0
[2026-08-09 22:56:21.6069401] UObjectBase::OnTakePointDamage = 0x1D1
[2026-08-09 22:56:21.6069615] UObjectBase::OnTakeRadialDamage = 0x1D2
[2026-08-09 22:56:21.6069825] UObjectBase::ParentComponent = 0x1B8
[2026-08-09 22:56:21.6070039] UObjectBase::PrimaryActorTick = 0x28
[2026-08-09 22:56:21.6070283] UObjectBase::RayTracingGroupId = 0x6C
[2026-08-09 22:56:21.6070506] UObjectBase::RemoteRole = 0x68
[2026-08-09 22:56:21.6070727] UObjectBase::ReplicatedComponentsInfo = 0x1F0
[2026-08-09 22:56:21.6070939] UObjectBase::ReplicatedMovement = 0xD0
[2026-08-09 22:56:21.6071150] UObjectBase::ReplicatedSubObjects = 0x1E0
[2026-08-09 22:56:21.6071363] UObjectBase::Role = 0x150
[2026-08-09 22:56:21.6071624] UObjectBase::RootComponent = 0x198
[2026-08-09 22:56:21.6071862] UObjectBase::SpawnCollisionHandlingMethod = 0x152
[2026-08-09 22:56:21.6072121] UObjectBase::Tags = 0x1C0
[2026-08-09 22:56:21.6072374] UObjectBase::TimerHandle_LifeSpanExpired = 0x1A0
[2026-08-09 22:56:21.6072700] UObjectBase::UpdateOverlapsMethodDuringLevelStreaming = 0x5E
[2026-08-09 22:56:21.6072930] UObjectBase::InternalIndex_Private = 0xC
[2026-08-09 22:56:21.6073156] UObjectBase::UEP_TotalSize = 0x28
[2026-08-09 22:56:21.6073406] UObjectBase::bShowTitleSafeZone = 0x6C
[2026-08-09 22:56:21.6073630] UObjectBase::bIsPlayInEditorViewport = 0x6C
[2026-08-09 22:56:21.6073855] UObjectBase::bDisableWorldRendering = 0x6C
[2026-08-09 22:56:21.6074075] UObjectBase::HardwareCursorCache = 0x160
[2026-08-09 22:56:21.6074307] UObjectBase::HardwareCursors = 0x1B0
[2026-08-09 22:56:21.6074524] UObjectBase::CursorWidgets = 0x200
[2026-08-09 22:56:21.6074741] UObjectBase::ActorHasBegunPlay = 0x5D
[2026-08-09 22:56:21.6074955] UObjectBase::bNetTemporary = 0x58
[2026-08-09 22:56:21.6075227] UObjectBase::bActorIsBeingConstructed = 0x5D
[2026-08-09 22:56:21.6075463] UObjectBase::bNetStartup = 0x58
[2026-08-09 22:56:21.6075700] UObjectBase::bOnlyRelevantToOwner = 0x58
[2026-08-09 22:56:21.6075970] UObjectBase::bAlwaysRelevant = 0x58
[2026-08-09 22:56:21.6076260] UObjectBase::bReplicateMovement = 0x58
[2026-08-09 22:56:21.6076481] UObjectBase::bCallPreReplication = 0x58
[2026-08-09 22:56:21.6076745] UObjectBase::bCallPreReplicationForReplay = 0x58
[2026-08-09 22:56:21.6077010] UObjectBase::bHidden = 0x58
[2026-08-09 22:56:21.6077231] UObjectBase::bTearOff = 0x59
[2026-08-09 22:56:21.6077450] UObjectBase::bExchangedRoles = 0x59
[2026-08-09 22:56:21.6077675] UObjectBase::bNetLoadOnClient = 0x59
[2026-08-09 22:56:21.6077893] UObjectBase::bNetUseOwnerRelevancy = 0x59
[2026-08-09 22:56:21.6078190] UObjectBase::bRelevantForNetworkReplays = 0x59
[2026-08-09 22:56:21.6078441] UObjectBase::bRelevantForLevelBounds = 0x59
[2026-08-09 22:56:21.6078660] UObjectBase::bReplayRewindable = 0x59
[2026-08-09 22:56:21.6078920] UObjectBase::bAllowTickBeforeBeginPlay = 0x5A
[2026-08-09 22:56:21.6079178] UObjectBase::bAutoDestroyWhenFinished = 0x5A
[2026-08-09 22:56:21.6079407] UObjectBase::bCanBeDamaged = 0x5A
[2026-08-09 22:56:21.6079631] UObjectBase::bBlockInput = 0x5A
[2026-08-09 22:56:21.6079849] UObjectBase::bCollideWhenPlacing = 0x5A
[2026-08-09 22:56:21.6080062] UObjectBase::bGenerateOverlapEventsDuringLevelStreaming = 0x5A
[2026-08-09 22:56:21.6080276] UObjectBase::bIgnoresOriginShifting = 0x5A
[2026-08-09 22:56:21.6080498] UObjectBase::bHasRegisteredAllComponents = 0x5C
[2026-08-09 22:56:21.6080723] UObjectBase::bEnableAutoLODGeneration = 0x5B
[2026-08-09 22:56:21.6080941] UObjectBase::bIsEditorOnlyActor = 0x5B
[2026-08-09 22:56:21.6081156] UObjectBase::bActorSeamlessTraveled = 0x5B
[2026-08-09 22:56:21.6081371] UObjectBase::bReplicates = 0x5B
[2026-08-09 22:56:21.6081583] UObjectBase::bCanBeInCluster = 0x5B
[2026-08-09 22:56:21.6081804] UObjectBase::bAllowReceiveTickEventOnDedicatedServer = 0x5B
[2026-08-09 22:56:21.6082025] UObjectBase::bNetCheckedInitialPhysicsState = 0x5B
[2026-08-09 22:56:21.6082242] UObjectBase::bReplicateUsingRegisteredSubObjectList = 0x5B
[2026-08-09 22:56:21.6082457] UObjectBase::bHasFinishedSpawning = 0x5C
[2026-08-09 22:56:21.6082697] UObjectBase::bActorInitialized = 0x5C
[2026-08-09 22:56:21.6082934] UObjectBase::bActorBeginningPlayFromLevelStreaming = 0x5C
[2026-08-09 22:56:21.6083180] UObjectBase::bTickFunctionsRegistered = 0x5C
[2026-08-09 22:56:21.6083445] UObjectBase::bRunningUserConstructionScript = 0x5C
[2026-08-09 22:56:21.6083728] UObjectBase::bActorIsBeingDestroyed = 0x5D
[2026-08-09 22:56:21.6083950] UObjectBase::bActorWantsDestroyDuringBeginPlay = 0x5D
[2026-08-09 22:56:21.6084166] UObjectBase::bAsyncPhysicsTickEnabled = 0x5D
[2026-08-09 22:56:21.6084380] UObjectBase::Owner = 0x140
[2026-08-09 22:56:21.6084627] UObjectBase::Children = 0x188
[2026-08-09 22:56:21.6084885] UScriptStruct::ICppStructOps::Alignment = 0xC
[2026-08-09 22:56:21.6085248] UScriptStruct::ICppStructOps::Size = 0x8
[2026-08-09 22:56:21.6085476] UScriptStruct::ICppStructOps::UEP_TotalSize = 0x10
[2026-08-09 22:56:21.6085743] UStruct::DestructorLink = 0x80
[2026-08-09 22:56:21.6085973] UStruct::Children = 0x48
[2026-08-09 22:56:21.6086219] UStruct::ChildProperties = 0x50
[2026-08-09 22:56:21.6086438] UStruct::PostConstructLink = 0x88
[2026-08-09 22:56:21.6086659] UStruct::UnresolvedScriptProperties = 0xA0
[2026-08-09 22:56:21.6086866] UStruct::MinAlignment = 0x5C
[2026-08-09 22:56:21.6087060] UStruct::PropertiesSize = 0x58
[2026-08-09 22:56:21.6087266] UStruct::PropertyLink = 0x70
[2026-08-09 22:56:21.6087475] UStruct::RefLink = 0x78
[2026-08-09 22:56:21.6087692] UStruct::Script = 0x60
[2026-08-09 22:56:21.6087914] UStruct::ScriptAndPropertyObjectReferences = 0x90
[2026-08-09 22:56:21.6088136] UStruct::SuperStruct = 0x40
[2026-08-09 22:56:21.6088348] UStruct::UEP_TotalSize = 0xB0
[2026-08-09 22:56:21.6088596] UScriptStruct::UEP_TotalSize = 0xC0
[2026-08-09 22:56:21.6088878] UScriptStruct::StructFlags = 0xB0
[2026-08-09 22:56:21.6089171] UScriptStruct::CppStructOps = 0xB8
[2026-08-09 22:56:21.6089441] UScriptStruct::bPrepareCppStructOpsCompleted = 0xB4
[2026-08-09 22:56:21.6089702] UClass::ClassCastFlags = 0xD8
[2026-08-09 22:56:21.6089960] UClass::bLayoutChanging = 0xD1
[2026-08-09 22:56:21.6090178] UClass::ClassWithin = 0xE0
[2026-08-09 22:56:21.6090387] UClass::bCooked = 0xD0
[2026-08-09 22:56:21.6090628] UClass::ClassConfigName = 0xE8
[2026-08-09 22:56:21.6090871] UClass::ClassConstructor = 0xB0
[2026-08-09 22:56:21.6091095] UClass::ClassDefaultObject = 0x110
[2026-08-09 22:56:21.6091308] UClass::ClassFlags = 0xD4
[2026-08-09 22:56:21.6091539] UClass::ClassUnique = 0xC8
[2026-08-09 22:56:21.6091788] UClass::ClassVTableHelperCtorCaller = 0xB8
[2026-08-09 22:56:21.6092045] UClass::ReferenceTokenStream = 0x1E0
[2026-08-09 22:56:21.6092295] UClass::FirstOwnedClassRep = 0xCC
[2026-08-09 22:56:21.6092546] UClass::Interfaces = 0x1D0
[2026-08-09 22:56:21.6092767] UClass::NetFields = 0x100
[2026-08-09 22:56:21.6092998] UClass::SparseClassData = 0x118
[2026-08-09 22:56:21.6093252] UClass::SparseClassDataStruct = 0x120
[2026-08-09 22:56:21.6093521] UClass::FuncMap = 0x128
[2026-08-09 22:56:21.6093771] UClass::SuperFuncMap = 0x178
[2026-08-09 22:56:21.6094032] UClass::NativeFunctionLookupTable = 0x220
[2026-08-09 22:56:21.6094276] UClass::UEP_TotalSize = 0x230
[2026-08-09 22:56:21.6094515] UEnum::CppForm = 0x58
[2026-08-09 22:56:21.6094815] UEnum::CppType = 0x30
[2026-08-09 22:56:21.6095099] UEnum::EnumDisplayNameFn = 0x60
[2026-08-09 22:56:21.6095334] UEnum::Names = 0x48
[2026-08-09 22:56:21.6095610] UEnum::EnumFlags_Internal = 0x5C
[2026-08-09 22:56:21.6095847] UEnum::EnumPackage = 0x68
[2026-08-09 22:56:21.6096195] UEnum::UEP_TotalSize = 0x68
[2026-08-09 22:56:21.6096433] UFunction::EventGraphCallOffset = 0xD0
[2026-08-09 22:56:21.6096720] UFunction::EventGraphFunction = 0xC8
[2026-08-09 22:56:21.6096987] UFunction::RPCId = 0xBA
[2026-08-09 22:56:21.6097290] UFunction::FirstPropertyToInit = 0xC0
[2026-08-09 22:56:21.6097586] UFunction::Func = 0xD8
[2026-08-09 22:56:21.6097813] UFunction::FunctionFlags = 0xB0
[2026-08-09 22:56:21.6098031] UFunction::NumParms = 0xB4
[2026-08-09 22:56:21.6098245] UFunction::ParmsSize = 0xB6
[2026-08-09 22:56:21.6098457] UFunction::RPCResponseId = 0xBC
[2026-08-09 22:56:21.6098674] UFunction::ReturnValueOffset = 0xB8
[2026-08-09 22:56:21.6098933] UFunction::UEP_TotalSize = 0xE0
[2026-08-09 22:56:21.6099164] UField::Next = 0x28
[2026-08-09 22:56:21.6099384] UField::UEP_TotalSize = 0x30
[2026-08-09 22:56:21.6099603] FField::ClassPrivate = 0x8
[2026-08-09 22:56:21.6099841] FField::NamePrivate = 0x28
[2026-08-09 22:56:21.6100114] FField::FlagsPrivate = 0x30
[2026-08-09 22:56:21.6100390] FField::Next = 0x20
[2026-08-09 22:56:21.6100660] FField::Owner = 0x10
[2026-08-09 22:56:21.6100899] FField::UEP_TotalSize = 0x38
[2026-08-09 22:56:21.6101117] FProperty::ArrayDim = 0x38
[2026-08-09 22:56:21.6101363] FProperty::DestructorLinkNext = 0x68
[2026-08-09 22:56:21.6101593] FProperty::ElementSize = 0x3C
[2026-08-09 22:56:21.6101810] FProperty::NextRef = 0x60
[2026-08-09 22:56:21.6102024] FProperty::Offset_Internal = 0x4C
[2026-08-09 22:56:21.6102239] FProperty::PostConstructLinkNext = 0x70
[2026-08-09 22:56:21.6102453] FProperty::PropertyLinkNext = 0x58
[2026-08-09 22:56:21.6102671] FProperty::PropertyFlags = 0x40
[2026-08-09 22:56:21.6102888] FProperty::RepIndex = 0x48
[2026-08-09 22:56:21.6103102] FProperty::RepNotifyFunc = 0x50
[2026-08-09 22:56:21.6103323] FProperty::UEP_TotalSize = 0x78
[2026-08-09 22:56:21.6103547] FNumericProperty::ArrayDim = 0x38
[2026-08-09 22:56:21.6103763] FNumericProperty::DestructorLinkNext = 0x68
[2026-08-09 22:56:21.6103978] FNumericProperty::ElementSize = 0x3C
[2026-08-09 22:56:21.6104188] FNumericProperty::NextRef = 0x60
[2026-08-09 22:56:21.6104405] FNumericProperty::Offset_Internal = 0x4C
[2026-08-09 22:56:21.6104615] FNumericProperty::PostConstructLinkNext = 0x70
[2026-08-09 22:56:21.6104821] FNumericProperty::PropertyLinkNext = 0x58
[2026-08-09 22:56:21.6105058] FNumericProperty::PropertyFlags = 0x40
[2026-08-09 22:56:21.6105339] FNumericProperty::RepIndex = 0x48
[2026-08-09 22:56:21.6105579] FNumericProperty::RepNotifyFunc = 0x50
[2026-08-09 22:56:21.6105799] FNumericProperty::UEP_TotalSize = 0x78
[2026-08-09 22:56:21.6106039] FObjectPropertyBase::PropertyClass = 0x78
[2026-08-09 22:56:21.6106256] FObjectPropertyBase::UEP_TotalSize = 0x80
[2026-08-09 22:56:21.6106478] FStructProperty::Struct = 0x78
[2026-08-09 22:56:21.6106687] FStructProperty::UEP_TotalSize = 0x80
[2026-08-09 22:56:21.6106908] FArrayProperty::ArrayFlags = 0x80
[2026-08-09 22:56:21.6107122] FArrayProperty::Inner = 0x78
[2026-08-09 22:56:21.6107340] FArrayProperty::UEP_TotalSize = 0x88
[2026-08-09 22:56:21.6107560] FMapProperty::KeyProp = 0x78
[2026-08-09 22:56:21.6107776] FMapProperty::MapLayout = 0x88
[2026-08-09 22:56:21.6108025] FMapProperty::ValueProp = 0x80
[2026-08-09 22:56:21.6108290] FMapProperty::MapFlags = 0xA0
[2026-08-09 22:56:21.6108520] FMapProperty::UEP_TotalSize = 0xA8
[2026-08-09 22:56:21.6108738] FSetProperty::ElementProp = 0x78
[2026-08-09 22:56:21.6109006] FSetProperty::UEP_TotalSize = 0x98
[2026-08-09 22:56:21.6109249] FSetProperty::SetLayout = 0x80
[2026-08-09 22:56:21.6109471] FBoolProperty::FieldMask = 0x7B
[2026-08-09 22:56:21.6109702] FBoolProperty::ByteMask = 0x7A
[2026-08-09 22:56:21.6109949] FBoolProperty::FieldSize = 0x78
[2026-08-09 22:56:21.6110179] FBoolProperty::ByteOffset = 0x79
[2026-08-09 22:56:21.6110398] FBoolProperty::UEP_TotalSize = 0x80
[2026-08-09 22:56:21.6110623] FByteProperty::Enum = 0x78
[2026-08-09 22:56:21.6110845] FByteProperty::UEP_TotalSize = 0x80
[2026-08-09 22:56:21.6111067] FEnumProperty::Enum = 0x80
[2026-08-09 22:56:21.6111285] FEnumProperty::UEP_TotalSize = 0x88
[2026-08-09 22:56:21.6111507] FEnumProperty::UnderlyingProp = 0x78
[2026-08-09 22:56:21.6111730] FClassProperty::MetaClass = 0x80
[2026-08-09 22:56:21.6111955] FClassProperty::UEP_TotalSize = 0x88
[2026-08-09 22:56:21.6112175] FSoftClassProperty::MetaClass = 0x80
[2026-08-09 22:56:21.6112399] FSoftClassProperty::UEP_TotalSize = 0x88
[2026-08-09 22:56:21.6112620] FDelegateProperty::SignatureFunction = 0x78
[2026-08-09 22:56:21.6112840] FDelegateProperty::UEP_TotalSize = 0x80
[2026-08-09 22:56:21.6113061] FMulticastDelegateProperty::SignatureFunction = 0x78
[2026-08-09 22:56:21.6113285] FMulticastDelegateProperty::UEP_TotalSize = 0x80
[2026-08-09 22:56:21.6113506] FInterfaceProperty::InterfaceClass = 0x78
[2026-08-09 22:56:21.6113730] FInterfaceProperty::UEP_TotalSize = 0x80
[2026-08-09 22:56:21.6113959] FFieldPathProperty::PropertyClass = 0x78
[2026-08-09 22:56:21.6114182] FFieldPathProperty::UEP_TotalSize = 0x80
[2026-08-09 22:56:21.6114400] FWorldContext::ThisCurrentWorld = 0x2C0
[2026-08-09 22:56:21.6114618] FWorldContext::ExternalReferences = 0x2B0
[2026-08-09 22:56:21.6114845] FWorldContext::LastRemoteURL = 0x128
[2026-08-09 22:56:21.6115063] FWorldContext::ContextHandle = 0xA0
[2026-08-09 22:56:21.6115344] FWorldContext::PendingMapChangeFailureDescription = 0x1C8
[2026-08-09 22:56:21.6115587] FWorldContext::TravelURL = 0xA8
[2026-08-09 22:56:21.6115815] FWorldContext::TravelType = 0xB8
[2026-08-09 22:56:21.6116041] FWorldContext::LastURL = 0xC0
[2026-08-09 22:56:21.6116310] FWorldContext::LevelsToLoadForPendingMapChange = 0x1A8
[2026-08-09 22:56:21.6116545] FWorldContext::GarbageObjectsToVerify = 0x260
[2026-08-09 22:56:21.6116805] FWorldContext::bShouldCommitPendingMapChange = 0x1D8
[2026-08-09 22:56:21.6117038] FWorldContext::GameViewport = 0x200
[2026-08-09 22:56:21.6117274] FWorldContext::PIEInstance = 0x220
[2026-08-09 22:56:21.6117530] FWorldContext::PIEFixedTickSeconds = 0x258
[2026-08-09 22:56:21.6117758] FWorldContext::PIEPrefix = 0x228
[2026-08-09 22:56:21.6117979] FWorldContext::RunAsDedicated = 0x23C
[2026-08-09 22:56:21.6118268] FWorldContext::bWaitingOnOnlineSubsystem = 0x23D
[2026-08-09 22:56:21.6118497] FWorldContext::bIsPrimaryPIEInstance = 0x23E
[2026-08-09 22:56:21.6118713] FWorldContext::AudioDeviceID = 0x240
[2026-08-09 22:56:21.6118993] FWorldContext::CustomDescription = 0x248
[2026-08-09 22:56:21.6119281] FWorldContext::PIEAccumulatedTickSeconds = 0x25C
[2026-08-09 22:56:21.6119515] FWorldContext::UEP_TotalSize = 0x2C8
[2026-08-09 22:56:21.6119758] FOutputDevice::bAutoEmitLineTerminator = 0x9
[2026-08-09 22:56:21.6120058] FOutputDevice::bSuppressEventTag = 0x8
[2026-08-09 22:56:21.6120290] FOutputDevice::UEP_TotalSize = 0x10
[2026-08-09 22:56:21.6120519] FArchiveState::ArIsTextFormat = 0x28
[2026-08-09 22:56:21.6120768] FArchiveState::ArIsLoading = 0x28
[2026-08-09 22:56:21.6121046] FArchiveState::ArIsLoadingFromCookedPackage = 0x28
[2026-08-09 22:56:21.6121291] FArchiveState::ArPortFlags = 0x30
[2026-08-09 22:56:21.6121515] FArchiveState::ArIsTransacting = 0x28
[2026-08-09 22:56:21.6121754] FArchiveState::ArIsSaving = 0x28
[2026-08-09 22:56:21.6122019] FArchiveState::ArForceUnicode = 0x28
[2026-08-09 22:56:21.6122254] FArchiveState::ArIsModifyingWeakAndStrongReferences = 0x2B
[2026-08-09 22:56:21.6122482] FArchiveState::ArUseUnversionedPropertySerialization = 0x28
[2026-08-09 22:56:21.6122706] FArchiveState::ArWantBinaryPropertySerialization = 0x28
[2026-08-09 22:56:21.6122932] FArchiveState::ArIsObjectReferenceCollector = 0x2A
[2026-08-09 22:56:21.6123152] FArchiveState::ArIsPersistent = 0x29
[2026-08-09 22:56:21.6123445] FArchiveState::ArForceByteSwapping = 0x29
[2026-08-09 22:56:21.6123711] FArchiveState::ArIsError = 0x29
[2026-08-09 22:56:21.6123941] FArchiveState::ArUEVer = 0x40
[2026-08-09 22:56:21.6124164] FArchiveState::ArIsCriticalError = 0x29
[2026-08-09 22:56:21.6124390] FArchiveState::ArMaxSerializeSize = 0x38
[2026-08-09 22:56:21.6124615] FArchiveState::ArShouldSkipCompilingAssets = 0x29
[2026-08-09 22:56:21.6124859] FArchiveState::ArCustomPropertyList = 0x68
[2026-08-09 22:56:21.6125095] FArchiveState::ArContainsCode = 0x29
[2026-08-09 22:56:21.6125318] FArchiveState::ArIsNetArchive = 0x2B
[2026-08-09 22:56:21.6125544] FArchiveState::ArContainsMap = 0x29
[2026-08-09 22:56:21.6125806] FArchiveState::ArRequiresLocalizationGather = 0x29
[2026-08-09 22:56:21.6126062] FArchiveState::ArIgnoreArchetypeRef = 0x2A
[2026-08-09 22:56:21.6126292] FArchiveState::ArNoDelta = 0x2A
[2026-08-09 22:56:21.6126596] FArchiveState::ArNoIntraPropertyDelta = 0x2A
[2026-08-09 22:56:21.6126865] FArchiveState::ArIgnoreOuterRef = 0x2A
[2026-08-09 22:56:21.6127099] FArchiveState::ArIgnoreClassGeneratedByRef = 0x2A
[2026-08-09 22:56:21.6127314] FArchiveState::ArLicenseeUEVer = 0x48
[2026-08-09 22:56:21.6127534] FArchiveState::ArIgnoreClassRef = 0x2A
[2026-08-09 22:56:21.6127756] FArchiveState::ArAllowLazyLoading = 0x2A
[2026-08-09 22:56:21.6128001] FArchiveState::NextProxy = 0x90
[2026-08-09 22:56:21.6128225] FArchiveState::ArIsCountingMemory = 0x2B
[2026-08-09 22:56:21.6128448] FArchiveState::bCustomVersionsAreReset = 0x88
[2026-08-09 22:56:21.6128728] FArchiveState::ArEngineNetVer = 0x58
[2026-08-09 22:56:21.6128993] FArchiveState::ArShouldSkipBulkData = 0x2B
[2026-08-09 22:56:21.6129266] FArchiveState::ArIsFilterEditorOnly = 0x2B
[2026-08-09 22:56:21.6129542] FArchiveState::ArIsSaveGame = 0x2B
[2026-08-09 22:56:21.6129776] FArchiveState::ArUseCustomPropertyList = 0x2B
[2026-08-09 22:56:21.6129999] FArchiveState::UEP_TotalSize = 0x98
[2026-08-09 22:56:21.6130247] FArchiveState::ArSerializingDefaults = 0x2C
[2026-08-09 22:56:21.6130477] FArchiveState::ArEngineVer = 0x4C
[2026-08-09 22:56:21.6130712] FArchiveState::ArGameNetVer = 0x5C
[2026-08-09 22:56:21.6130940] FArchiveState::CustomVersionContainer = 0x60
[2026-08-09 22:56:21.6131163] FArchiveState::SerializedProperty = 0x78
[2026-08-09 22:56:21.6131394] AActor::bUseSoftwareCursorWidgets = 0x250
[2026-08-09 22:56:21.6131618] AActor::ClassPrivate = 0x10
[2026-08-09 22:56:21.6131845] AActor::ViewportFrame = 0xF0
[2026-08-09 22:56:21.6132114] AActor::MouseLockMode = 0x39C
[2026-08-09 22:56:21.6132338] AActor::bFindCameraComponentWhenViewTarget = 0x5A
[2026-08-09 22:56:21.6132569] AActor::InternalIndex = 0xC
[2026-08-09 22:56:21.6132836] AActor::ObjectFlags = 0x8
[2026-08-09 22:56:21.6133071] AActor::World = 0x78
[2026-08-09 22:56:21.6133315] AActor::ActiveSplitscreenType = 0x70
[2026-08-09 22:56:21.6133549] AActor::OnEndCursorOver = 0x1D6
[2026-08-09 22:56:21.6133778] AActor::CustomTimeDilation = 0x64
[2026-08-09 22:56:21.6134002] AActor::NamePrivate = 0x18
[2026-08-09 22:56:21.6134226] AActor::InitialLifeSpan = 0x60
[2026-08-09 22:56:21.6134446] AActor::AudioDeviceHandle = 0xF8
[2026-08-09 22:56:21.6134672] AActor::bForceNetAddressable = 0x59
[2026-08-09 22:56:21.6134898] AActor::InputPriority = 0x154
[2026-08-09 22:56:21.6135153] AActor::bDisableSplitScreenOverride = 0x398
[2026-08-09 22:56:21.6135389] AActor::Window = 0x100
[2026-08-09 22:56:21.6135665] AActor::OuterPrivate = 0x20
[2026-08-09 22:56:21.6135912] AActor::CurrentBufferVisualizationMode = 0x130
[2026-08-09 22:56:21.6136148] AActor::bSuppressTransitionMessage = 0x88
[2026-08-09 22:56:21.6136438] AActor::CurrentLumenVisualizationMode = 0x140
[2026-08-09 22:56:21.6136668] AActor::CurrentNaniteVisualizationMode = 0x138
[2026-08-09 22:56:21.6136893] AActor::CurrentVirtualShadowMapVisualizationMode = 0x148
[2026-08-09 22:56:21.6137170] AActor::DebugProperties = 0x48
[2026-08-09 22:56:21.6137437] AActor::EngineShowFlags = 0xB8
[2026-08-09 22:56:21.6137661] AActor::AutoReceiveInput = 0x153
[2026-08-09 22:56:21.6137945] AActor::GameLayerManagerPtr = 0x120
[2026-08-09 22:56:21.6138203] AActor::OnClicked = 0x1D7
[2026-08-09 22:56:21.6138433] AActor::OnActorBeginOverlap = 0x1D3
[2026-08-09 22:56:21.6138691] AActor::HighResScreenshotDialog = 0x150
[2026-08-09 22:56:21.6138940] AActor::OnInputTouchEnter = 0x1DB
[2026-08-09 22:56:21.6139251] AActor::bHasAudioFocus = 0xFC
[2026-08-09 22:56:21.6139511] AActor::OnEndPlay = 0x1DF
[2026-08-09 22:56:21.6139746] AActor::ViewportOverlayWidget = 0x110
[2026-08-09 22:56:21.6139986] AActor::MaxSplitscreenPlayers = 0x68
[2026-08-09 22:56:21.6140209] AActor::MouseCaptureMode = 0x39A
[2026-08-09 22:56:21.6140430] AActor::Layers = 0x1A8
[2026-08-09 22:56:21.6140667] AActor::SplitscreenInfo = 0x58
[2026-08-09 22:56:21.6140967] AActor::StatHitchesData = 0x390
[2026-08-09 22:56:21.6141227] AActor::OnBeginCursorOver = 0x1D5
[2026-08-09 22:56:21.6141496] AActor::StatUnitData = 0x388
[2026-08-09 22:56:21.6141735] AActor::ViewModeIndex = 0xB0
[2026-08-09 22:56:21.6141954] AActor::Viewport = 0xE8
[2026-08-09 22:56:21.6142199] AActor::ViewportConsole = 0x40
[2026-08-09 22:56:21.6142468] AActor::bHideCursorDuringCapture = 0x39B
[2026-08-09 22:56:21.6142699] AActor::DetachFence = 0x280
[2026-08-09 22:56:21.6142924] AActor::CreationTime = 0x158
[2026-08-09 22:56:21.6143147] AActor::bIgnoreInput = 0x399
[2026-08-09 22:56:21.6143372] AActor::bActorEnableCollision = 0x5C
[2026-08-09 22:56:21.6143598] AActor::bIsMouseOverClient = 0x39D
[2026-08-09 22:56:21.6143824] AActor::OnInputTouchEnd = 0x1DA
[2026-08-09 22:56:21.6144051] AActor::bHasDeferredComponentRegistration = 0x5C
[2026-08-09 22:56:21.6144316] AActor::AttachmentReplication = 0x70
[2026-08-09 22:56:21.6144546] AActor::DefaultUpdateOverlapsMethodDuringLevelStreaming = 0x5F
[2026-08-09 22:56:21.6144775] AActor::InputComponent = 0x160
[2026-08-09 22:56:21.6144997] AActor::LastRenderTime = 0x17C
[2026-08-09 22:56:21.6145226] AActor::MinNetUpdateFrequency = 0x174
[2026-08-09 22:56:21.6145449] AActor::NetCullDistanceSquared = 0x168
[2026-08-09 22:56:21.6145678] AActor::OnActorEndOverlap = 0x1D4
[2026-08-09 22:56:21.6145909] AActor::NetDormancy = 0x151
[2026-08-09 22:56:21.6146134] AActor::NetDriverName = 0x148
[2026-08-09 22:56:21.6146352] AActor::NetTag = 0x16C
[2026-08-09 22:56:21.6146581] AActor::NetPriority = 0x178
[2026-08-09 22:56:21.6146803] AActor::NetUpdateFrequency = 0x170
[2026-08-09 22:56:21.6147028] AActor::OnActorHit = 0x1DD
[2026-08-09 22:56:21.6147249] AActor::OnDestroyed = 0x1DE
[2026-08-09 22:56:21.6147469] AActor::OnInputTouchBegin = 0x1D9
[2026-08-09 22:56:21.6147690] AActor::OnInputTouchLeave = 0x1DC
[2026-08-09 22:56:21.6147917] AActor::OnReleased = 0x1D8
[2026-08-09 22:56:21.6148139] AActor::OnTakeAnyDamage = 0x1D0
[2026-08-09 22:56:21.6148363] AActor::OnTakePointDamage = 0x1D1
[2026-08-09 22:56:21.6148592] AActor::OnTakeRadialDamage = 0x1D2
[2026-08-09 22:56:21.6148874] AActor::ParentComponent = 0x1B8
[2026-08-09 22:56:21.6149174] AActor::PrimaryActorTick = 0x28
[2026-08-09 22:56:21.6149404] AActor::RayTracingGroupId = 0x6C
[2026-08-09 22:56:21.6149637] AActor::RemoteRole = 0x68
[2026-08-09 22:56:21.6149861] AActor::ReplicatedComponentsInfo = 0x1F0
[2026-08-09 22:56:21.6150080] AActor::ReplicatedMovement = 0xD0
[2026-08-09 22:56:21.6150297] AActor::ReplicatedSubObjects = 0x1E0
[2026-08-09 22:56:21.6150518] AActor::Role = 0x150
[2026-08-09 22:56:21.6150749] AActor::RootComponent = 0x198
[2026-08-09 22:56:21.6150976] AActor::SpawnCollisionHandlingMethod = 0x152
[2026-08-09 22:56:21.6151204] AActor::Tags = 0x1C0
[2026-08-09 22:56:21.6151431] AActor::TimerHandle_LifeSpanExpired = 0x1A0
[2026-08-09 22:56:21.6151653] AActor::UpdateOverlapsMethodDuringLevelStreaming = 0x5E
[2026-08-09 22:56:21.6151882] AActor::InternalIndex_Private = 0xC
[2026-08-09 22:56:21.6152110] AActor::UEP_TotalSize = 0x28
[2026-08-09 22:56:21.6152332] AActor::bShowTitleSafeZone = 0x6C
[2026-08-09 22:56:21.6152560] AActor::bIsPlayInEditorViewport = 0x6C
[2026-08-09 22:56:21.6152783] AActor::bDisableWorldRendering = 0x6C
[2026-08-09 22:56:21.6153029] AActor::HardwareCursorCache = 0x160
[2026-08-09 22:56:21.6153239] AActor::HardwareCursors = 0x1B0
[2026-08-09 22:56:21.6153458] AActor::CursorWidgets = 0x200
[2026-08-09 22:56:21.6153674] AActor::ActorHasBegunPlay = 0x5D
[2026-08-09 22:56:21.6153940] AActor::bNetTemporary = 0x58
[2026-08-09 22:56:21.6154184] AActor::bActorIsBeingConstructed = 0x5D
[2026-08-09 22:56:21.6154441] AActor::bNetStartup = 0x58
[2026-08-09 22:56:21.6154706] AActor::bOnlyRelevantToOwner = 0x58
[2026-08-09 22:56:21.6154937] AActor::bAlwaysRelevant = 0x58
[2026-08-09 22:56:21.6155151] AActor::bReplicateMovement = 0x58
[2026-08-09 22:56:21.6155364] AActor::bCallPreReplication = 0x58
[2026-08-09 22:56:21.6155640] AActor::bCallPreReplicationForReplay = 0x58
[2026-08-09 22:56:21.6155898] AActor::bHidden = 0x58
[2026-08-09 22:56:21.6156117] AActor::bTearOff = 0x59
[2026-08-09 22:56:21.6156438] AActor::bExchangedRoles = 0x59
[2026-08-09 22:56:21.6156651] AActor::bNetLoadOnClient = 0x59
[2026-08-09 22:56:21.6156878] AActor::bNetUseOwnerRelevancy = 0x59
[2026-08-09 22:56:21.6157108] AActor::bRelevantForNetworkReplays = 0x59
[2026-08-09 22:56:21.6157326] AActor::bRelevantForLevelBounds = 0x59
[2026-08-09 22:56:21.6157567] AActor::bReplayRewindable = 0x59
[2026-08-09 22:56:21.6157794] AActor::bAllowTickBeforeBeginPlay = 0x5A
[2026-08-09 22:56:21.6158015] AActor::bAutoDestroyWhenFinished = 0x5A
[2026-08-09 22:56:21.6158257] AActor::bCanBeDamaged = 0x5A
[2026-08-09 22:56:21.6158505] AActor::bBlockInput = 0x5A
[2026-08-09 22:56:21.6158725] AActor::bCollideWhenPlacing = 0x5A
[2026-08-09 22:56:21.6158962] AActor::bGenerateOverlapEventsDuringLevelStreaming = 0x5A
[2026-08-09 22:56:21.6159228] AActor::bIgnoresOriginShifting = 0x5A
[2026-08-09 22:56:21.6159463] AActor::bHasRegisteredAllComponents = 0x5C
[2026-08-09 22:56:21.6159730] AActor::bEnableAutoLODGeneration = 0x5B
[2026-08-09 22:56:21.6159963] AActor::bIsEditorOnlyActor = 0x5B
[2026-08-09 22:56:21.6160215] AActor::bActorSeamlessTraveled = 0x5B
[2026-08-09 22:56:21.6160451] AActor::bReplicates = 0x5B
[2026-08-09 22:56:21.6160680] AActor::bCanBeInCluster = 0x5B
[2026-08-09 22:56:21.6160916] AActor::bAllowReceiveTickEventOnDedicatedServer = 0x5B
[2026-08-09 22:56:21.6161176] AActor::bNetCheckedInitialPhysicsState = 0x5B
[2026-08-09 22:56:21.6161432] AActor::bReplicateUsingRegisteredSubObjectList = 0x5B
[2026-08-09 22:56:21.6161678] AActor::bHasFinishedSpawning = 0x5C
[2026-08-09 22:56:21.6161917] AActor::bActorInitialized = 0x5C
[2026-08-09 22:56:21.6162161] AActor::bActorBeginningPlayFromLevelStreaming = 0x5C
[2026-08-09 22:56:21.6162386] AActor::bTickFunctionsRegistered = 0x5C
[2026-08-09 22:56:21.6162606] AActor::bRunningUserConstructionScript = 0x5C
[2026-08-09 22:56:21.6162847] AActor::bActorIsBeingDestroyed = 0x5D
[2026-08-09 22:56:21.6163090] AActor::bActorWantsDestroyDuringBeginPlay = 0x5D
[2026-08-09 22:56:21.6163351] AActor::bAsyncPhysicsTickEnabled = 0x5D
[2026-08-09 22:56:21.6163582] AActor::Owner = 0x140
[2026-08-09 22:56:21.6163823] AActor::Children = 0x188
[2026-08-09 22:56:21.6164049] AGameModeBase::SpectatorClass = 0x2D0
[2026-08-09 22:56:21.6164274] AGameModeBase::HUDClass = 0x2C0
[2026-08-09 22:56:21.6164500] AGameModeBase::DefaultPlayerName = 0x300
[2026-08-09 22:56:21.6164726] AGameModeBase::ServerStatReplicatorClass = 0x2E0
[2026-08-09 22:56:21.6164949] AGameModeBase::GameSession = 0x2E8
[2026-08-09 22:56:21.6165170] AGameModeBase::ServerStatReplicator = 0x2F8
[2026-08-09 22:56:21.6165434] AGameModeBase::GameSessionClass = 0x2A0
[2026-08-09 22:56:21.6165680] AGameModeBase::OptionsString = 0x290
[2026-08-09 22:56:21.6165907] AGameModeBase::PlayerStateClass = 0x2B8
[2026-08-09 22:56:21.6166131] AGameModeBase::bUseSeamlessTravel = 0x318
[2026-08-09 22:56:21.6166361] AGameModeBase::bStartPlayersAsSpectators = 0x318
[2026-08-09 22:56:21.6166579] AGameModeBase::bPauseable = 0x318
[2026-08-09 22:56:21.6166801] AGameModeBase::UEP_TotalSize = 0x330
[2026-08-09 22:56:21.6167056] AGameMode::EngineMessageClass = 0x350
[2026-08-09 22:56:21.6167295] AGameMode::MinRespawnDelay = 0x348
[2026-08-09 22:56:21.6167521] AGameMode::InactivePlayerArray = 0x358
[2026-08-09 22:56:21.6167749] AGameMode::InactivePlayerStateLifeSpan = 0x368
[2026-08-09 22:56:21.6167974] AGameMode::NumBots = 0x344
[2026-08-09 22:56:21.6168199] AGameMode::NumSpectators = 0x33C
[2026-08-09 22:56:21.6168511] AGameMode::MatchState = 0x330
[2026-08-09 22:56:21.6168732] AGameMode::MaxInactivePlayers = 0x36C
[2026-08-09 22:56:21.6168989] AGameMode::NumPlayers = 0x340
[2026-08-09 22:56:21.6169253] AGameMode::NumTravellingPlayers = 0x34C
[2026-08-09 22:56:21.6169519] AGameMode::bHandleDedicatedServerReplays = 0x370
[2026-08-09 22:56:21.6169755] AGameMode::bDelayedStart = 0x338
[2026-08-09 22:56:21.6169984] AGameMode::UEP_TotalSize = 0x378
[2026-08-09 22:56:21.6170223] UEngine::bUseSoftwareCursorWidgets = 0x250
[2026-08-09 22:56:21.6170445] UEngine::ClassPrivate = 0x10
[2026-08-09 22:56:21.6170671] UEngine::ViewportFrame = 0xF0
[2026-08-09 22:56:21.6170900] UEngine::MouseLockMode = 0x39C
[2026-08-09 22:56:21.6171148] UEngine::bFindCameraComponentWhenViewTarget = 0x5A
[2026-08-09 22:56:21.6171425] UEngine::InternalIndex = 0xC
[2026-08-09 22:56:21.6171686] UEngine::ObjectFlags = 0x8
[2026-08-09 22:56:21.6171960] UEngine::World = 0x78
[2026-08-09 22:56:21.6172251] UEngine::ActiveSplitscreenType = 0x70
[2026-08-09 22:56:21.6172546] UEngine::OnEndCursorOver = 0x1D6
[2026-08-09 22:56:21.6172805] UEngine::CustomTimeDilation = 0x64
[2026-08-09 22:56:21.6173035] UEngine::NamePrivate = 0x18
[2026-08-09 22:56:21.6173311] UEngine::InitialLifeSpan = 0x60
[2026-08-09 22:56:21.6173561] UEngine::AudioDeviceHandle = 0xF8
[2026-08-09 22:56:21.6173791] UEngine::bForceNetAddressable = 0x59
[2026-08-09 22:56:21.6174047] UEngine::InputPriority = 0x154
[2026-08-09 22:56:21.6174286] UEngine::bDisableSplitScreenOverride = 0x398
[2026-08-09 22:56:21.6174579] UEngine::Window = 0x100
[2026-08-09 22:56:21.6174821] UEngine::OuterPrivate = 0x20
[2026-08-09 22:56:21.6175050] UEngine::CurrentBufferVisualizationMode = 0x130
[2026-08-09 22:56:21.6175275] UEngine::bSuppressTransitionMessage = 0x88
[2026-08-09 22:56:21.6175520] UEngine::CurrentLumenVisualizationMode = 0x140
[2026-08-09 22:56:21.6175771] UEngine::CurrentNaniteVisualizationMode = 0x138
[2026-08-09 22:56:21.6175994] UEngine::CurrentVirtualShadowMapVisualizationMode = 0x148
[2026-08-09 22:56:21.6176253] UEngine::DebugProperties = 0x48
[2026-08-09 22:56:21.6176574] UEngine::EngineShowFlags = 0xB8
[2026-08-09 22:56:21.6176809] UEngine::AutoReceiveInput = 0x153
[2026-08-09 22:56:21.6177035] UEngine::GameLayerManagerPtr = 0x120
[2026-08-09 22:56:21.6177266] UEngine::OnClicked = 0x1D7
[2026-08-09 22:56:21.6177488] UEngine::OnActorBeginOverlap = 0x1D3
[2026-08-09 22:56:21.6177744] UEngine::HighResScreenshotDialog = 0x150
[2026-08-09 22:56:21.6177987] UEngine::OnInputTouchEnter = 0x1DB
[2026-08-09 22:56:21.6178275] UEngine::bHasAudioFocus = 0xFC
[2026-08-09 22:56:21.6178542] UEngine::OnEndPlay = 0x1DF
[2026-08-09 22:56:21.6178782] UEngine::ViewportOverlayWidget = 0x110
[2026-08-09 22:56:21.6179045] UEngine::MaxSplitscreenPlayers = 0x68
[2026-08-09 22:56:21.6179303] UEngine::MouseCaptureMode = 0x39A
[2026-08-09 22:56:21.6179605] UEngine::Layers = 0x1A8
[2026-08-09 22:56:21.6179840] UEngine::SplitscreenInfo = 0x58
[2026-08-09 22:56:21.6180136] UEngine::StatHitchesData = 0x390
[2026-08-09 22:56:21.6180424] UEngine::OnBeginCursorOver = 0x1D5
[2026-08-09 22:56:21.6180670] UEngine::StatUnitData = 0x388
[2026-08-09 22:56:21.6180900] UEngine::ViewModeIndex = 0xB0
[2026-08-09 22:56:21.6181115] UEngine::Viewport = 0xE8
[2026-08-09 22:56:21.6181331] UEngine::ViewportConsole = 0x40
[2026-08-09 22:56:21.6181569] UEngine::bHideCursorDuringCapture = 0x39B
[2026-08-09 22:56:21.6181826] UEngine::DetachFence = 0x280
[2026-08-09 22:56:21.6182099] UEngine::CreationTime = 0x158
[2026-08-09 22:56:21.6182334] UEngine::bIgnoreInput = 0x399
[2026-08-09 22:56:21.6182569] UEngine::bActorEnableCollision = 0x5C
[2026-08-09 22:56:21.6182832] UEngine::bIsMouseOverClient = 0x39D
[2026-08-09 22:56:21.6183101] UEngine::OnInputTouchEnd = 0x1DA
[2026-08-09 22:56:21.6183353] UEngine::bHasDeferredComponentRegistration = 0x5C
[2026-08-09 22:56:21.6183590] UEngine::AttachmentReplication = 0x70
[2026-08-09 22:56:21.6183826] UEngine::DefaultUpdateOverlapsMethodDuringLevelStreaming = 0x5F
[2026-08-09 22:56:21.6184067] UEngine::InputComponent = 0x160
[2026-08-09 22:56:21.6184297] UEngine::LastRenderTime = 0x17C
[2026-08-09 22:56:21.6184563] UEngine::MinNetUpdateFrequency = 0x174
[2026-08-09 22:56:21.6184828] UEngine::NetCullDistanceSquared = 0x168
[2026-08-09 22:56:21.6185057] UEngine::OnActorEndOverlap = 0x1D4
[2026-08-09 22:56:21.6185292] UEngine::NetDormancy = 0x151
[2026-08-09 22:56:21.6185546] UEngine::NetDriverName = 0x148
[2026-08-09 22:56:21.6185780] UEngine::NetTag = 0x16C
[2026-08-09 22:56:21.6186002] UEngine::NetPriority = 0x178
[2026-08-09 22:56:21.6186212] UEngine::NetUpdateFrequency = 0x170
[2026-08-09 22:56:21.6186430] UEngine::OnActorHit = 0x1DD
[2026-08-09 22:56:21.6186687] UEngine::OnDestroyed = 0x1DE
[2026-08-09 22:56:21.6186916] UEngine::OnInputTouchBegin = 0x1D9
[2026-08-09 22:56:21.6187133] UEngine::OnInputTouchLeave = 0x1DC
[2026-08-09 22:56:21.6187351] UEngine::OnReleased = 0x1D8
[2026-08-09 22:56:21.6187562] UEngine::OnTakeAnyDamage = 0x1D0
[2026-08-09 22:56:21.6187814] UEngine::OnTakePointDamage = 0x1D1
[2026-08-09 22:56:21.6188058] UEngine::OnTakeRadialDamage = 0x1D2
[2026-08-09 22:56:21.6188274] UEngine::ParentComponent = 0x1B8
[2026-08-09 22:56:21.6188495] UEngine::PrimaryActorTick = 0x28
[2026-08-09 22:56:21.6188712] UEngine::RayTracingGroupId = 0x6C
[2026-08-09 22:56:21.6188925] UEngine::RemoteRole = 0x68
[2026-08-09 22:56:21.6189137] UEngine::ReplicatedComponentsInfo = 0x1F0
[2026-08-09 22:56:21.6189355] UEngine::ReplicatedMovement = 0xD0
[2026-08-09 22:56:21.6189571] UEngine::ReplicatedSubObjects = 0x1E0
[2026-08-09 22:56:21.6189784] UEngine::Role = 0x150
[2026-08-09 22:56:21.6190013] UEngine::RootComponent = 0x198
[2026-08-09 22:56:21.6190264] UEngine::SpawnCollisionHandlingMethod = 0x152
[2026-08-09 22:56:21.6190480] UEngine::Tags = 0x1C0
[2026-08-09 22:56:21.6190703] UEngine::TimerHandle_LifeSpanExpired = 0x1A0
[2026-08-09 22:56:21.6190916] UEngine::UpdateOverlapsMethodDuringLevelStreaming = 0x5E
[2026-08-09 22:56:21.6191185] UEngine::InternalIndex_Private = 0xC
[2026-08-09 22:56:21.6191456] UEngine::UEP_TotalSize = 0x28
[2026-08-09 22:56:21.6191753] UEngine::bShowTitleSafeZone = 0x6C
[2026-08-09 22:56:21.6192032] UEngine::bIsPlayInEditorViewport = 0x6C
[2026-08-09 22:56:21.6192376] UEngine::bDisableWorldRendering = 0x6C
[2026-08-09 22:56:21.6192612] UEngine::HardwareCursorCache = 0x160
[2026-08-09 22:56:21.6192835] UEngine::HardwareCursors = 0x1B0
[2026-08-09 22:56:21.6193057] UEngine::CursorWidgets = 0x200
[2026-08-09 22:56:21.6193282] UEngine::ActorHasBegunPlay = 0x5D
[2026-08-09 22:56:21.6193505] UEngine::bNetTemporary = 0x58
[2026-08-09 22:56:21.6193748] UEngine::bActorIsBeingConstructed = 0x5D
[2026-08-09 22:56:21.6194014] UEngine::bNetStartup = 0x58
[2026-08-09 22:56:21.6194302] UEngine::bOnlyRelevantToOwner = 0x58
[2026-08-09 22:56:21.6194532] UEngine::bAlwaysRelevant = 0x58
[2026-08-09 22:56:21.6194758] UEngine::bReplicateMovement = 0x58
[2026-08-09 22:56:21.6194980] UEngine::bCallPreReplication = 0x58
[2026-08-09 22:56:21.6195207] UEngine::bCallPreReplicationForReplay = 0x58
[2026-08-09 22:56:21.6195431] UEngine::bHidden = 0x58
[2026-08-09 22:56:21.6195661] UEngine::bTearOff = 0x59
[2026-08-09 22:56:21.6195886] UEngine::bExchangedRoles = 0x59
[2026-08-09 22:56:21.6196115] UEngine::bNetLoadOnClient = 0x59
[2026-08-09 22:56:21.6196422] UEngine::bNetUseOwnerRelevancy = 0x59
[2026-08-09 22:56:21.6196706] UEngine::bRelevantForNetworkReplays = 0x59
[2026-08-09 22:56:21.6196926] UEngine::bRelevantForLevelBounds = 0x59
[2026-08-09 22:56:21.6197155] UEngine::bReplayRewindable = 0x59
[2026-08-09 22:56:21.6197427] UEngine::bAllowTickBeforeBeginPlay = 0x5A
[2026-08-09 22:56:21.6197674] UEngine::bAutoDestroyWhenFinished = 0x5A
[2026-08-09 22:56:21.6197941] UEngine::bCanBeDamaged = 0x5A
[2026-08-09 22:56:21.6198195] UEngine::bBlockInput = 0x5A
[2026-08-09 22:56:21.6198448] UEngine::bCollideWhenPlacing = 0x5A
[2026-08-09 22:56:21.6198683] UEngine::bGenerateOverlapEventsDuringLevelStreaming = 0x5A
[2026-08-09 22:56:21.6198930] UEngine::bIgnoresOriginShifting = 0x5A
[2026-08-09 22:56:21.6199159] UEngine::bHasRegisteredAllComponents = 0x5C
[2026-08-09 22:56:21.6199388] UEngine::bEnableAutoLODGeneration = 0x5B
[2026-08-09 22:56:21.6199646] UEngine::bIsEditorOnlyActor = 0x5B
[2026-08-09 22:56:21.6199889] UEngine::bActorSeamlessTraveled = 0x5B
[2026-08-09 22:56:21.6200148] UEngine::bReplicates = 0x5B
[2026-08-09 22:56:21.6200384] UEngine::bCanBeInCluster = 0x5B
[2026-08-09 22:56:21.6200637] UEngine::bAllowReceiveTickEventOnDedicatedServer = 0x5B
[2026-08-09 22:56:21.6200902] UEngine::bNetCheckedInitialPhysicsState = 0x5B
[2026-08-09 22:56:21.6201150] UEngine::bReplicateUsingRegisteredSubObjectList = 0x5B
[2026-08-09 22:56:21.6201394] UEngine::bHasFinishedSpawning = 0x5C
[2026-08-09 22:56:21.6201664] UEngine::bActorInitialized = 0x5C
[2026-08-09 22:56:21.6201910] UEngine::bActorBeginningPlayFromLevelStreaming = 0x5C
[2026-08-09 22:56:21.6202144] UEngine::bTickFunctionsRegistered = 0x5C
[2026-08-09 22:56:21.6202440] UEngine::bRunningUserConstructionScript = 0x5C
[2026-08-09 22:56:21.6202671] UEngine::bActorIsBeingDestroyed = 0x5D
[2026-08-09 22:56:21.6202902] UEngine::bActorWantsDestroyDuringBeginPlay = 0x5D
[2026-08-09 22:56:21.6203134] UEngine::bAsyncPhysicsTickEnabled = 0x5D
[2026-08-09 22:56:21.6203361] UEngine::Owner = 0x140
[2026-08-09 22:56:21.6203647] UEngine::Children = 0x188
[2026-08-09 22:56:21.6203878] UGameViewportClient::bUseSoftwareCursorWidgets = 0x250
[2026-08-09 22:56:21.6204105] UGameViewportClient::ClassPrivate = 0x10
[2026-08-09 22:56:21.6204333] UGameViewportClient::ViewportFrame = 0xF0
[2026-08-09 22:56:21.6204563] UGameViewportClient::MouseLockMode = 0x39C
[2026-08-09 22:56:21.6204830] UGameViewportClient::bFindCameraComponentWhenViewTarget = 0x5A
[2026-08-09 22:56:21.6205058] UGameViewportClient::InternalIndex = 0xC
[2026-08-09 22:56:21.6205290] UGameViewportClient::ObjectFlags = 0x8
[2026-08-09 22:56:21.6205516] UGameViewportClient::World = 0x78
[2026-08-09 22:56:21.6205749] UGameViewportClient::ActiveSplitscreenType = 0x70
[2026-08-09 22:56:21.6206043] UGameViewportClient::OnEndCursorOver = 0x1D6
[2026-08-09 22:56:21.6206307] UGameViewportClient::CustomTimeDilation = 0x64
[2026-08-09 22:56:21.6206547] UGameViewportClient::NamePrivate = 0x18
[2026-08-09 22:56:21.6206810] UGameViewportClient::InitialLifeSpan = 0x60
[2026-08-09 22:56:21.6207072] UGameViewportClient::AudioDeviceHandle = 0xF8
[2026-08-09 22:56:21.6207347] UGameViewportClient::bForceNetAddressable = 0x59
[2026-08-09 22:56:21.6207644] UGameViewportClient::InputPriority = 0x154
[2026-08-09 22:56:21.6207976] UGameViewportClient::bDisableSplitScreenOverride = 0x398
[2026-08-09 22:56:21.6208207] UGameViewportClient::Window = 0x100
[2026-08-09 22:56:21.6208462] UGameViewportClient::OuterPrivate = 0x20
[2026-08-09 22:56:21.6208708] UGameViewportClient::CurrentBufferVisualizationMode = 0x130
[2026-08-09 22:56:21.6208962] UGameViewportClient::bSuppressTransitionMessage = 0x88
[2026-08-09 22:56:21.6209193] UGameViewportClient::CurrentLumenVisualizationMode = 0x140
[2026-08-09 22:56:21.6209432] UGameViewportClient::CurrentNaniteVisualizationMode = 0x138
[2026-08-09 22:56:21.6209666] UGameViewportClient::CurrentVirtualShadowMapVisualizationMode = 0x148
[2026-08-09 22:56:21.6209907] UGameViewportClient::DebugProperties = 0x48
[2026-08-09 22:56:21.6210139] UGameViewportClient::EngineShowFlags = 0xB8
[2026-08-09 22:56:21.6210381] UGameViewportClient::AutoReceiveInput = 0x153
[2026-08-09 22:56:21.6210641] UGameViewportClient::GameLayerManagerPtr = 0x120
[2026-08-09 22:56:21.6210877] UGameViewportClient::OnClicked = 0x1D7
[2026-08-09 22:56:21.6211115] UGameViewportClient::OnActorBeginOverlap = 0x1D3
[2026-08-09 22:56:21.6211347] UGameViewportClient::HighResScreenshotDialog = 0x150
[2026-08-09 22:56:21.6211581] UGameViewportClient::OnInputTouchEnter = 0x1DB
[2026-08-09 22:56:21.6211853] UGameViewportClient::bHasAudioFocus = 0xFC
[2026-08-09 22:56:21.6212118] UGameViewportClient::OnEndPlay = 0x1DF
[2026-08-09 22:56:21.6212354] UGameViewportClient::ViewportOverlayWidget = 0x110
[2026-08-09 22:56:21.6212618] UGameViewportClient::MaxSplitscreenPlayers = 0x68
[2026-08-09 22:56:21.6212912] UGameViewportClient::MouseCaptureMode = 0x39A
[2026-08-09 22:56:21.6213173] UGameViewportClient::Layers = 0x1A8
[2026-08-09 22:56:21.6213411] UGameViewportClient::SplitscreenInfo = 0x58
[2026-08-09 22:56:21.6213653] UGameViewportClient::StatHitchesData = 0x390
[2026-08-09 22:56:21.6213884] UGameViewportClient::OnBeginCursorOver = 0x1D5
[2026-08-09 22:56:21.6214126] UGameViewportClient::StatUnitData = 0x388
[2026-08-09 22:56:21.6214359] UGameViewportClient::ViewModeIndex = 0xB0
[2026-08-09 22:56:21.6214594] UGameViewportClient::Viewport = 0xE8
[2026-08-09 22:56:21.6214834] UGameViewportClient::ViewportConsole = 0x40
[2026-08-09 22:56:21.6215077] UGameViewportClient::bHideCursorDuringCapture = 0x39B
[2026-08-09 22:56:21.6215346] UGameViewportClient::DetachFence = 0x280
[2026-08-09 22:56:21.6215597] UGameViewportClient::CreationTime = 0x158
[2026-08-09 22:56:21.6215833] UGameViewportClient::bIgnoreInput = 0x399
[2026-08-09 22:56:21.6216113] UGameViewportClient::bActorEnableCollision = 0x5C
[2026-08-09 22:56:21.6216351] UGameViewportClient::bIsMouseOverClient = 0x39D
[2026-08-09 22:56:21.6216666] UGameViewportClient::OnInputTouchEnd = 0x1DA
[2026-08-09 22:56:21.6216907] UGameViewportClient::bHasDeferredComponentRegistration = 0x5C
[2026-08-09 22:56:21.6217143] UGameViewportClient::AttachmentReplication = 0x70
[2026-08-09 22:56:21.6217397] UGameViewportClient::DefaultUpdateOverlapsMethodDuringLevelStreaming = 0x5F
[2026-08-09 22:56:21.6217676] UGameViewportClient::InputComponent = 0x160
[2026-08-09 22:56:21.6217923] UGameViewportClient::LastRenderTime = 0x17C
[2026-08-09 22:56:21.6218156] UGameViewportClient::MinNetUpdateFrequency = 0x174
[2026-08-09 22:56:21.6218386] UGameViewportClient::NetCullDistanceSquared = 0x168
[2026-08-09 22:56:21.6218656] UGameViewportClient::OnActorEndOverlap = 0x1D4
[2026-08-09 22:56:21.6218943] UGameViewportClient::NetDormancy = 0x151
[2026-08-09 22:56:21.6219219] UGameViewportClient::NetDriverName = 0x148
[2026-08-09 22:56:21.6219471] UGameViewportClient::NetTag = 0x16C
[2026-08-09 22:56:21.6219724] UGameViewportClient::NetPriority = 0x178
[2026-08-09 22:56:21.6219976] UGameViewportClient::NetUpdateFrequency = 0x170
[2026-08-09 22:56:21.6220274] UGameViewportClient::OnActorHit = 0x1DD
[2026-08-09 22:56:21.6220527] UGameViewportClient::OnDestroyed = 0x1DE
[2026-08-09 22:56:21.6220746] UGameViewportClient::OnInputTouchBegin = 0x1D9
[2026-08-09 22:56:21.6220988] UGameViewportClient::OnInputTouchLeave = 0x1DC
[2026-08-09 22:56:21.6221244] UGameViewportClient::OnReleased = 0x1D8
[2026-08-09 22:56:21.6221497] UGameViewportClient::OnTakeAnyDamage = 0x1D0
[2026-08-09 22:56:21.6221814] UGameViewportClient::OnTakePointDamage = 0x1D1
[2026-08-09 22:56:21.6222105] UGameViewportClient::OnTakeRadialDamage = 0x1D2
[2026-08-09 22:56:21.6222355] UGameViewportClient::ParentComponent = 0x1B8
[2026-08-09 22:56:21.6222643] UGameViewportClient::PrimaryActorTick = 0x28
[2026-08-09 22:56:21.6222936] UGameViewportClient::RayTracingGroupId = 0x6C
[2026-08-09 22:56:21.6223210] UGameViewportClient::RemoteRole = 0x68
[2026-08-09 22:56:21.6223461] UGameViewportClient::ReplicatedComponentsInfo = 0x1F0
[2026-08-09 22:56:21.6223739] UGameViewportClient::ReplicatedMovement = 0xD0
[2026-08-09 22:56:21.6224019] UGameViewportClient::ReplicatedSubObjects = 0x1E0
[2026-08-09 22:56:21.6224271] UGameViewportClient::Role = 0x150
[2026-08-09 22:56:21.6224522] UGameViewportClient::RootComponent = 0x198
[2026-08-09 22:56:21.6224753] UGameViewportClient::SpawnCollisionHandlingMethod = 0x152
[2026-08-09 22:56:21.6224989] UGameViewportClient::Tags = 0x1C0
[2026-08-09 22:56:21.6225238] UGameViewportClient::TimerHandle_LifeSpanExpired = 0x1A0
[2026-08-09 22:56:21.6225506] UGameViewportClient::UpdateOverlapsMethodDuringLevelStreaming = 0x5E
[2026-08-09 22:56:21.6225764] UGameViewportClient::InternalIndex_Private = 0xC
[2026-08-09 22:56:21.6226024] UGameViewportClient::UEP_TotalSize = 0x28
[2026-08-09 22:56:21.6226276] UGameViewportClient::bShowTitleSafeZone = 0x6C
[2026-08-09 22:56:21.6226526] UGameViewportClient::bIsPlayInEditorViewport = 0x6C
[2026-08-09 22:56:21.6226783] UGameViewportClient::bDisableWorldRendering = 0x6C
[2026-08-09 22:56:21.6227030] UGameViewportClient::HardwareCursorCache = 0x160
[2026-08-09 22:56:21.6227274] UGameViewportClient::HardwareCursors = 0x1B0
[2026-08-09 22:56:21.6227521] UGameViewportClient::CursorWidgets = 0x200
[2026-08-09 22:56:21.6227768] UGameViewportClient::ActorHasBegunPlay = 0x5D
[2026-08-09 22:56:21.6228055] UGameViewportClient::bNetTemporary = 0x58
[2026-08-09 22:56:21.6228319] UGameViewportClient::bActorIsBeingConstructed = 0x5D
[2026-08-09 22:56:21.6228567] UGameViewportClient::bNetStartup = 0x58
[2026-08-09 22:56:21.6228810] UGameViewportClient::bOnlyRelevantToOwner = 0x58
[2026-08-09 22:56:21.6229056] UGameViewportClient::bAlwaysRelevant = 0x58
[2026-08-09 22:56:21.6229304] UGameViewportClient::bReplicateMovement = 0x58
[2026-08-09 22:56:21.6229562] UGameViewportClient::bCallPreReplication = 0x58
[2026-08-09 22:56:21.6229906] UGameViewportClient::bCallPreReplicationForReplay = 0x58
[2026-08-09 22:56:21.6230168] UGameViewportClient::bHidden = 0x58
[2026-08-09 22:56:21.6231397] UGameViewportClient::bTearOff = 0x59
[2026-08-09 22:56:21.6231903] UGameViewportClient::bExchangedRoles = 0x59
[2026-08-09 22:56:21.6232198] UGameViewportClient::bNetLoadOnClient = 0x59
[2026-08-09 22:56:21.6232381] UGameViewportClient::bNetUseOwnerRelevancy = 0x59
[2026-08-09 22:56:21.6232564] UGameViewportClient::bRelevantForNetworkReplays = 0x59
[2026-08-09 22:56:21.6232728] UGameViewportClient::bRelevantForLevelBounds = 0x59
[2026-08-09 22:56:21.6232896] UGameViewportClient::bReplayRewindable = 0x59
[2026-08-09 22:56:21.6233068] UGameViewportClient::bAllowTickBeforeBeginPlay = 0x5A
[2026-08-09 22:56:21.6233233] UGameViewportClient::bAutoDestroyWhenFinished = 0x5A
[2026-08-09 22:56:21.6233436] UGameViewportClient::bCanBeDamaged = 0x5A
[2026-08-09 22:56:21.6233619] UGameViewportClient::bBlockInput = 0x5A
[2026-08-09 22:56:21.6233787] UGameViewportClient::bCollideWhenPlacing = 0x5A
[2026-08-09 22:56:21.6233953] UGameViewportClient::bGenerateOverlapEventsDuringLevelStreaming = 0x5A
[2026-08-09 22:56:21.6234118] UGameViewportClient::bIgnoresOriginShifting = 0x5A
[2026-08-09 22:56:21.6234280] UGameViewportClient::bHasRegisteredAllComponents = 0x5C
[2026-08-09 22:56:21.6234444] UGameViewportClient::bEnableAutoLODGeneration = 0x5B
[2026-08-09 22:56:21.6234610] UGameViewportClient::bIsEditorOnlyActor = 0x5B
[2026-08-09 22:56:21.6234806] UGameViewportClient::bActorSeamlessTraveled = 0x5B
[2026-08-09 22:56:21.6234986] UGameViewportClient::bReplicates = 0x5B
[2026-08-09 22:56:21.6235243] UGameViewportClient::bCanBeInCluster = 0x5B
[2026-08-09 22:56:21.6235420] UGameViewportClient::bAllowReceiveTickEventOnDedicatedServer = 0x5B
[2026-08-09 22:56:21.6235592] UGameViewportClient::bNetCheckedInitialPhysicsState = 0x5B
[2026-08-09 22:56:21.6235762] UGameViewportClient::bReplicateUsingRegisteredSubObjectList = 0x5B
[2026-08-09 22:56:21.6235920] UGameViewportClient::bHasFinishedSpawning = 0x5C
[2026-08-09 22:56:21.6236125] UGameViewportClient::bActorInitialized = 0x5C
[2026-08-09 22:56:21.6236301] UGameViewportClient::bActorBeginningPlayFromLevelStreaming = 0x5C
[2026-08-09 22:56:21.6236517] UGameViewportClient::bTickFunctionsRegistered = 0x5C
[2026-08-09 22:56:21.6236752] UGameViewportClient::bRunningUserConstructionScript = 0x5C
[2026-08-09 22:56:21.6236997] UGameViewportClient::bActorIsBeingDestroyed = 0x5D
[2026-08-09 22:56:21.6237244] UGameViewportClient::bActorWantsDestroyDuringBeginPlay = 0x5D
[2026-08-09 22:56:21.6237574] UGameViewportClient::bAsyncPhysicsTickEnabled = 0x5D
[2026-08-09 22:56:21.6237880] UGameViewportClient::Owner = 0x140
[2026-08-09 22:56:21.6238175] UGameViewportClient::Children = 0x188
[2026-08-09 22:56:21.6238483] UPlayer::UEP_TotalSize = 0x48
[2026-08-09 22:56:21.6238820] UPlayer::ConfiguredLanSpeed = 0x40
[2026-08-09 22:56:21.6239080] UPlayer::ConfiguredInternetSpeed = 0x3C
[2026-08-09 22:56:21.6239325] UPlayer::CurrentNetSpeed = 0x38
[2026-08-09 22:56:21.6239561] ULocalPlayer::AspectRatioAxisConstraint = 0xB8
[2026-08-09 22:56:21.6239807] ULocalPlayer::SlateOperations = 0x1E0
[2026-08-09 22:56:21.6240139] ULocalPlayer::CachedUniqueNetId = 0x48
[2026-08-09 22:56:21.6240363] ULocalPlayer::ControllerId = 0xE0
[2026-08-09 22:56:21.6240584] ULocalPlayer::ViewportClient = 0x78
[2026-08-09 22:56:21.6240879] ULocalPlayer::bSentSplitJoin = 0xC8
[2026-08-09 22:56:21.6241124] ULocalPlayer::PlatformUserId = 0x100
[2026-08-09 22:56:21.6241328] ULocalPlayer::UEP_TotalSize = 0x298
[2026-08-09 22:56:21.6241565] UWorld::BlockTillLevelStreamingCompletedEpoch = 0x144
[2026-08-09 22:56:21.6241859] UWorld::bAllowAudioPlayback = 0x13E
[2026-08-09 22:56:21.6242183] UWorld::ActiveLevelCollectionIndex = 0x190
[2026-08-09 22:56:21.6242458] UWorld::AudioTimeSeconds = 0x678
[2026-08-09 22:56:21.6242651] UWorld::CommittedPersistentLevelName = 0x700
[2026-08-09 22:56:21.6242843] UWorld::bInTick = 0x13B
[2026-08-09 22:56:21.6243032] UWorld::CleanupWorldTag = 0x70C
[2026-08-09 22:56:21.6243232] UWorld::LWILastAssignedUID = 0x258
[2026-08-09 22:56:21.6243424] UWorld::BuildStreamingDataTimer = 0x448
[2026-08-09 22:56:21.6243621] UWorld::bTickNewlySpawned = 0x13B
[2026-08-09 22:56:21.6243859] UWorld::AuthorityGameMode = 0x150
[2026-08-09 22:56:21.6244275] UWorld::DeltaRealTimeSeconds = 0x680
[2026-08-09 22:56:21.6244575] UWorld::DeltaTimeSeconds = 0x684
[2026-08-09 22:56:21.6245195] UWorld::bSupportsMakingInvisibleTransactionRequests = 0xDA
[2026-08-09 22:56:21.6245560] UWorld::bPlayersOnly = 0x13D
[2026-08-09 22:56:21.6245905] UWorld::ExtraReferencedObjects = 0x68
[2026-08-09 22:56:21.6246228] UWorld::PreparingLevelNames = 0x6F0
[2026-08-09 22:56:21.6246419] UWorld::IsInBlockTillLevelStreamingCompleted = 0x140
[2026-08-09 22:56:21.6246589] UWorld::bIsRunningConstructionScript = 0x13C
[2026-08-09 22:56:21.6246757] UWorld::bAllowDeferredPhysicsStateCreation = 0x108
[2026-08-09 22:56:21.6246944] UWorld::LastRenderTime = 0x130
[2026-08-09 22:56:21.6247117] UWorld::LastTimeUnbuiltLightingWasEncountered = 0x658
[2026-08-09 22:56:21.6247300] UWorld::bHasEverBeenInitialized = 0x13F
[2026-08-09 22:56:21.6247486] UWorld::NextSwitchCountdown = 0x6C0
[2026-08-09 22:56:21.6247750] UWorld::bMaterialParameterCollectionInstanceNeedsDeferredUpdate = 0x13F
[2026-08-09 22:56:21.6248007] UWorld::RealTimeSeconds = 0x670
[2026-08-09 22:56:21.6248292] UWorld::NextURL = 0x6E0
[2026-08-09 22:56:21.6248573] UWorld::NumStreamingLevelsBeingLoaded = 0x6DA
[2026-08-09 22:56:21.6248865] UWorld::PauseDelay = 0x688
[2026-08-09 22:56:21.6249102] UWorld::PerModuleDataObjects = 0x78
[2026-08-09 22:56:21.6249400] UWorld::bIsDefaultLevel = 0x13C
[2026-08-09 22:56:21.6249940] UWorld::PlayerNum = 0x618
[2026-08-09 22:56:21.6250187] UWorld::bAggressiveLOD = 0x13C
[2026-08-09 22:56:21.6250352] UWorld::StreamingLevelsPrefix = 0xC8
[2026-08-09 22:56:21.6250520] UWorld::bIsLevelStreamingFrozen = 0x13B
[2026-08-09 22:56:21.6250683] UWorld::bTriggerPostLoadMap = 0x13B
[2026-08-09 22:56:21.6250845] UWorld::StreamingVolumeUpdateDelay = 0x61C
[2026-08-09 22:56:21.6251006] UWorld::bIsBuilt = 0x13B
[2026-08-09 22:56:21.6251168] UWorld::TimeSeconds = 0x660
[2026-08-09 22:56:21.6251334] UWorld::UnpausedTimeSeconds = 0x668
[2026-08-09 22:56:21.6251495] UWorld::bShouldForceVisibleStreamingLevels = 0x13E
[2026-08-09 22:56:21.6251658] UWorld::bSupportsMakingVisibleTransactionRequests = 0xD8
[2026-08-09 22:56:21.6251818] UWorld::bPlayersOnlyPending = 0x13D
[2026-08-09 22:56:21.6251979] UWorld::bWorldWasLoadedThisTick = 0x13B
[2026-08-09 22:56:21.6252249] UWorld::bPostTickComponentUpdate = 0x13B
[2026-08-09 22:56:21.6252470] UWorld::bShouldSimulatePhysics = 0x13C
[2026-08-09 22:56:21.6252694] UWorld::bIsWorldInitialized = 0x13B
[2026-08-09 22:56:21.6252925] UWorld::bDoDelayedUpdateCullDistanceVolumes = 0x13C
[2026-08-09 22:56:21.6253152] UWorld::bRequestedBlockOnAsyncLoading = 0x13C
[2026-08-09 22:56:21.6253373] UWorld::bDropDetail = 0x13C
[2026-08-09 22:56:21.6253591] UWorld::bActorsInitialized = 0x13C
[2026-08-09 22:56:21.6253820] UWorld::bBegunPlay = 0x13D
[2026-08-09 22:56:21.6254070] UWorld::bIsCameraMoveableWhenPaused = 0x13E
[2026-08-09 22:56:21.6254273] UWorld::bMatchStarted = 0x13D
[2026-08-09 22:56:21.6254481] UWorld::bStartup = 0x13D
[2026-08-09 22:56:21.6254826] UWorld::bAreConstraintsDirty = 0x13E
[2026-08-09 22:56:21.6255003] UWorld::bIsTearingDown = 0x13D
[2026-08-09 22:56:21.6255159] UWorld::bKismetScriptError = 0x13D
[2026-08-09 22:56:21.6255320] UWorld::bDebugPauseExecution = 0x13D
[2026-08-09 22:56:21.6255477] UWorld::bRequiresHitProxies = 0x13E
[2026-08-09 22:56:21.6255635] UWorld::bShouldTick = 0x13E
[2026-08-09 22:56:21.6255796] UWorld::bStreamingDataDirty = 0x13E
[2026-08-09 22:56:21.6255959] UWorld::bShouldForceUnloadStreamingLevels = 0x13E
[2026-08-09 22:56:21.6256129] UWorld::URL = 0x540
[2026-08-09 22:56:21.6256323] UWorld::bMarkedObjectsPendingKill = 0x708
[2026-08-09 22:56:21.6256508] UWorld::UEP_TotalSize = 0x898
[2026-08-09 22:56:21.6256815] UDataTable::RowStruct = 0x28
[2026-08-09 22:56:21.6257097] UDataTable::RowMap = 0x30
[2026-08-09 22:56:21.6257322] UDataTable::UEP_TotalSize = 0xB0
[2026-08-09 22:56:21.6257566] UDataTable::ImportKeyField = 0x88
[2026-08-09 22:56:21.6257737] UDataTable::bStripFromClientBuilds = 0x80
[2026-08-09 22:56:21.6257908] UDataTable::bIgnoreExtraFields = 0x80
[2026-08-09 22:56:21.6258069] UDataTable::bIgnoreMissingFields = 0x80
[2026-08-09 22:56:21.6258232] FUObjectItem::Object = 0x0
[2026-08-09 22:56:21.6258389] FUObjectItem::Flags = 0x8
[2026-08-09 22:56:21.6258635] FUObjectItem::ClusterRootIndex = 0xC
[2026-08-09 22:56:21.6258887] FUObjectItem::SerialNumber = 0x10
[2026-08-09 22:56:21.6259106] FUObjectItem::UEP_TotalSize = 0x18
[2026-08-09 22:56:21.6259350] FUObjectArray::ObjFirstGCIndex = 0x0
[2026-08-09 22:56:21.6259789] FUObjectArray::ObjLastNonGCIndex = 0x4
[2026-08-09 22:56:21.6260132] FUObjectArray::MaxObjectsNotConsideredByGC = 0x8
[2026-08-09 22:56:21.6260465] FUObjectArray::ObjObjects = 0x10
[2026-08-09 22:56:21.6260741] FUObjectArray::UObjectCreateListeners = 0x68
[2026-08-09 22:56:21.6261028] FUObjectArray::OpenForDisregardForGC = 0xC
[2026-08-09 22:56:21.6261249] FUObjectArray::UObjectDeleteListeners = 0x78
[2026-08-09 22:56:21.6261449] FUObjectArray::ObjAvailableList = 0x58
[2026-08-09 22:56:21.6261682] FUObjectArray::PrimarySerialNumber = 0xB0
[2026-08-09 22:56:21.6261882] FUObjectArray::UEP_TotalSize = 0xB8
[2026-08-09 22:56:21.6262057] TUObjectArray::NumChunks = 0x1C
[2026-08-09 22:56:21.6262214] TUObjectArray::Objects = 0x0
[2026-08-09 22:56:21.6262428] TUObjectArray::UEP_TotalSize = 0x20
[2026-08-09 22:56:21.6262637] TUObjectArray::PreAllocatedObjects = 0x8
[2026-08-09 22:56:21.6262845] TUObjectArray::MaxElements = 0x10
[2026-08-09 22:56:21.6263585] TUObjectArray::NumElements = 0x14
[2026-08-09 22:56:21.6263791] TUObjectArray::MaxChunks = 0x18
[2026-08-09 22:56:21.6263959] 
##### MEMBER OFFSETS END (Coalesced) #####

[2026-08-09 22:56:21.6264412] Unreal Engine modules (non-modular):
[2026-08-09 22:56:21.6265622] MainExe @ 0x7ff7b8060000 size=0x9fa5000
[2026-08-09 22:56:21.6273875] [Inventory Menu Optimizer] Waiting for exact class-owned UI construction events; no recurring lifecycle callback or bytecode change is active.
[2026-08-09 22:56:21.6300431] [StutterFixPack 0.4.4b] player equipment passives preserved on unchanged inventory refreshes; H6 item-dependency filtering remains active for all other inventory callbacks.
[2026-08-09 22:56:21.6355662] [StutterFixPack.ProcessEvent.SFP044GlobalBattlePassiveKillPre] Added prehook with Id '0X2800000000000001'!
[2026-08-09 22:56:21.6356410] [StutterFixPack 0.4.4b] battle broadcast preserved; destructive reflection-only suppression remains active for exact PalPassiveSkillBase OnChangeBattleMode, UI OnStartPassiveSkill, and UI OnEndPassiveSkill targets in every context; no native dispatcher, RVA/hash gate, parent scope, replay, or cross-frame target state.
[2026-08-09 22:56:21.6357203] m_shared_functions: 0x18e1a423318
[2026-08-09 22:56:21.6466112] Input source set to: Win32Async
[2026-08-09 22:56:21.6501170] [UE4SS.LoadMap.LuaModImpl] Added prehook with Id '0X2040000000000001'!
[2026-08-09 22:56:21.6501869] [UE4SS.LoadMap.LuaModImpl] Added posthook with Id '0X40000000000002'!
[2026-08-09 22:56:21.6542439] [UE4SS.InitGameState.LuaModImpl] Added prehook with Id '0X2010000000000001'!
[2026-08-09 22:56:21.6543073] [UE4SS.InitGameState.LuaModImpl] Added posthook with Id '0X10000000000002'!
[2026-08-09 22:56:21.6591556] [UE4SS.BeginPlay.LuaModImpl] Added prehook with Id '0X2008000000000001'!
[2026-08-09 22:56:21.6592337] [UE4SS.BeginPlay.LuaModImpl] Added posthook with Id '0X8000000000002'!
[2026-08-09 22:56:21.6644201] [UE4SS.EndPlay.LuaModImpl] Added prehook with Id '0X2004000000000001'!
[2026-08-09 22:56:21.6644897] [UE4SS.EndPlay.LuaModImpl] Added posthook with Id '0X4000000000002'!
[2026-08-09 22:56:21.6645188] [UnknownMod.StaticConstructObject.PostHook] Added posthook with Id '0X1000000000000002'!
[2026-08-09 22:56:21.7052545] [UnknownMod.ULocalPlayerExec.PreHook] Added prehook with Id '0X2000400000000001'!
[2026-08-09 22:56:21.7053472] [UnknownMod.ULocalPlayerExec.PostHook] Added posthook with Id '0X400000000002'!
[2026-08-09 22:56:21.7097713] [UnknownMod.CallFunctionByNameWithArguments.PreHook] Added prehook with Id '0X2000800000000001'!
[2026-08-09 22:56:21.7098199] [UnknownMod.CallFunctionByNameWithArguments.PostHook] Added posthook with Id '0X800000000002'!
[2026-08-09 22:56:21.7130431] [UnknownMod.ProcessConsoleExec.PostHook] Added posthook with Id '0X400000000000001'!
[2026-08-09 22:56:21.7130920] [UnknownMod.ProcessConsoleExec.PreHook] Added prehook with Id '0X2400000000000002'!
[2026-08-09 22:56:21.7131244] [UnknownMod.ProcessConsoleExec.PostHook] Added posthook with Id '0X400000000000003'!
[2026-08-09 22:56:21.7131524] [UnknownMod.ProcessConsoleExec.PostHook] Added posthook with Id '0X400000000000004'!
[2026-08-09 22:56:21.7131744] [UnknownMod.ProcessConsoleExec.PostHook] Added posthook with Id '0X400000000000005'!
[2026-08-09 22:56:21.7131930] Enabling custom events
[2026-08-09 22:56:21.7188240] [UE4SS.ProcessLocalScriptFunction.LuaModImplScriptHook] Added posthook with Id '0X80000000000001'!
[2026-08-09 22:56:21.7189470] Starting mods (from mods.txt (E:\steam\steamapps\common\Palworld\Mods\NativeMods\UE4SS\Mods\mods.txt) load order)...
[2026-08-09 22:56:21.7194209] Mod 'CheatManagerEnablerMod' disabled in mods.txt.
[2026-08-09 22:56:21.7194714] Mod 'ConsoleCommandsMod' disabled in mods.txt.
[2026-08-09 22:56:21.7194956] Mod 'ConsoleEnablerMod' disabled in mods.txt.
[2026-08-09 22:56:21.7195184] Mod 'SplitScreenMod' disabled in mods.txt.
[2026-08-09 22:56:21.7195388] Mod 'LineTraceMod' disabled in mods.txt.
[2026-08-09 22:56:21.7195619] Starting Lua mod 'BPML_GenericFunctions'
[2026-08-09 22:56:21.7208658] Starting Lua mod 'BPModLoaderMod'
[2026-08-09 22:56:21.7755940] [Lua] [BPModLoaderMod] Mods/BPModLoaderMod/load_order.txt not present or no matching mods, loading all BP mods in random order.
[2026-08-09 22:56:21.7757182] [Lua] [BPModLoaderMod] PalScUI == table: 0000018E63F76ED0
[2026-08-09 22:56:21.7757700] [Lua] [BPModLoaderMod]     AssetName == ModActor_C
[2026-08-09 22:56:21.7758165] [Lua] [BPModLoaderMod]     Name == PalScUI
[2026-08-09 22:56:21.7758528] [Lua] [BPModLoaderMod]     AssetPath == /Game/Mods/PalScUI/ModActor
[2026-08-09 22:56:21.7758983] [Lua] [BPModLoaderMod]     AssetNameAsFName == FNameUserdata: 0000018E51A9F7E8
[2026-08-09 22:56:21.7759350] [Lua] [BPModLoaderMod] FastTravelFromAnywhere == table: 0000018E63F76B50
[2026-08-09 22:56:21.7759700] [Lua] [BPModLoaderMod]     AssetName == ModActor_C
[2026-08-09 22:56:21.7760046] [Lua] [BPModLoaderMod]     Name == FastTravelFromAnywhere
[2026-08-09 22:56:21.7760435] [Lua] [BPModLoaderMod]     AssetPath == /Game/Mods/FastTravelFromAnywhere/ModActor
[2026-08-09 22:56:21.7760839] [Lua] [BPModLoaderMod]     AssetNameAsFName == FNameUserdata: 0000018E51A9F7E8
[2026-08-09 22:56:21.7761246] [Lua] [BPModLoaderMod] BetterSearchBlueprintBeta == table: 0000018E63F76C90
[2026-08-09 22:56:21.7761662] [Lua] [BPModLoaderMod]     AssetName == ModActor_C
[2026-08-09 22:56:21.7762102] [Lua] [BPModLoaderMod]     Name == BetterSearchBlueprintBeta
[2026-08-09 22:56:21.7762464] [Lua] [BPModLoaderMod]     AssetPath == /Game/Mods/BetterSearchBlueprintBeta/ModActor
[2026-08-09 22:56:21.7762911] [Lua] [BPModLoaderMod]     AssetNameAsFName == FNameUserdata: 0000018E51A9F7E8
[2026-08-09 22:56:21.7763408] [Lua] [BPModLoaderMod] PalAnalyzer == table: 0000018E63F769D0
[2026-08-09 22:56:21.7763874] [Lua] [BPModLoaderMod]     AssetName == ModActor_C
[2026-08-09 22:56:21.7764162] [Lua] [BPModLoaderMod]     Name == PalAnalyzer
[2026-08-09 22:56:21.7764441] [Lua] [BPModLoaderMod]     AssetPath == /Game/Mods/PalAnalyzer/ModActor
[2026-08-09 22:56:21.7764741] [Lua] [BPModLoaderMod]     AssetNameAsFName == FNameUserdata: 0000018E51A9F7E8
[2026-08-09 22:56:21.7765069] [Lua] [BPModLoaderMod] Pal Expedition Station Unlock - No Type - No Time_P == table: 0000018E63F77610
[2026-08-09 22:56:21.7765397] [Lua] [BPModLoaderMod]     AssetName == ModActor_C
[2026-08-09 22:56:21.7765653] [Lua] [BPModLoaderMod]     Name == Pal Expedition Station Unlock - No Type - No Time_P
[2026-08-09 22:56:21.7765893] [Lua] [BPModLoaderMod]     AssetPath == /Game/Mods/Pal Expedition Station Unlock - No Type - No Time_P/ModActor
[2026-08-09 22:56:21.7766156] [Lua] [BPModLoaderMod]     AssetNameAsFName == FNameUserdata: 0000018E51A9F7E8
[2026-08-09 22:56:21.7766860] [UE4SS.EngineTick.LuaModImpl] Added prehook with Id '0X2020000000000003'!
[2026-08-09 22:56:21.7767460] Starting Lua mod 'AncientRelicRecyclerOptimization'
[2026-08-09 22:56:21.7789312] [RegisterHook] Registered native hook (5, 6) for Function /Script/Pal.PalUIMapObjectRecyclerModel:RequestSetPowerOn
[2026-08-09 22:56:21.7790196] [NotifyOnNewObject] Registered notification for /Script/Pal.PalMapObjectRecyclerModel
[2026-08-09 22:56:21.7790646] [Lua] [AncientRelicRecyclerOptimization] optimized power guard started: interval=5000ms
[2026-08-09 22:56:21.7790920] Starting Lua mod 'AntiStickTransport'
[2026-08-09 22:56:21.7819144] [Lua] [AntiStickTransport] loaded: v8.5.78 (stallLearn limits, user 20:23 approved: STALL_STEP=10 progressive l-up (was one-shot level+2 -> freeze storm) + STALL_COOLDOWN=60 post-unfreeze no-stall window (fixes self-proving cycle); base = v8.5.77 (user 20:13 approved: hook-first restore chain - RETRY backoff 60->900s (live-lookup almost never fires when object absent) + tombstone cache-first probe (0ms revive for mis-killed) + tombstone hook-revive in onAvailablePost (object rebuild -> game OnAvailable -> instant revive, kills 'count piles to thousands' + fixes fake re-add); base = v8.5.76-restorefix (P0 restore-chain fixes, user 18:38 approved: RETRY_MAX_AGE 600->1800 anti-miskill + tombstone probe 30s + cache-hit fast-lane restore (FAST_RESTORE_MAX=16, 0ms no-limit) + probe re-add full posture (recovering + dyn.l reset); base = v8.5.75-release (RELEASE build: stallLearn (ant-farm fix - l learns stall water level, freeze intervenes) + Convert fallback removed (never-leaves-last-item fix, probe-proven) + cache-restore (low 52) + audit fixes; probes stripped; freeze batch throttle REVERTED (user 07:43: continuous stuck worse than rare spike); v8.5.74 stallLearn + v8.5.75 nocontinue + clean restart verified no crash 07:49 (earlier crash = env residue after version switching, e.model ruled CLEAN by user red-line)) (USER 05:23: REMOVED Convert fallback freeze (onAssignPre + onAssignPost) - probe evidence 03:45: assign-pre-FREEZE=3 all count=1 = dispatch-time freeze real, convert never moves last <=LOW item; USER 05:07 confirmed scenario exists; doFreeze now SINGLE entry = onUpdatePre (post-transport lock, Product/Convert unified); stallLearn kept (ant-farm fix)) (USER 04:55: STALL LEARNING - l no longer = production-rate*2; dynLearn watches count-drop on onUpdatePre (reuses n, zero extra countModel): 60s no significant drop = stall/ant-farm -> l raised to stall level+2 -> freeze intervenes (unfreeze stops dispatch, pal freed, batch cycle forms); safe: only-raise guard + stallBoost reset to LOW on unfreeze; LoadMap clears stallWatch; kills dyn deadlock: count 21-30 > l=11 never freezes) (USER 03:38: evidence probe for convert fallback - logs assign-pre/post-TRY and FREEZE markers) (USER 03:38: evidence probe for convert fallback - logs assign-pre/post-TRY and FREEZE markers to measure if dispatch-time freeze actually fires; no logic change) (AUDIT-FIX: 1) findObjectByFull now checks IsValid() return value (was only pcall ok - invalid obj could reach GetFullName = AV); 2) tombstone probe wrapped in callGuard (reentry protection, matches restoreOne). Scheme A kept: cache-first restore (model/director refs + valid fallback to StaticFindObject) - USER DECISION 19:47, risk accepted: dangling valid-false-true -> AV (formal-style, LoadMap clears frozen->tombstone mitigates world-switch; residual: same-world streaming/rebuild) (EXPERIMENT: restore uses cached model/director refs like formal v2.0.1 - 0ms, valid() fallback to StaticFindObject; risk: dangling valid-false-true -> AV = formal-style crash; purpose: verify cache-restore fps vs fresh-lookup 38ms; base = v8.5.70-stagger RETRY=1) (stagger 8->1 (USER 14:32: RETRY_MAX_PER_TICK 8->1, restore spike flattening - batch restore of 8 = 171ms single-frame = sub-20fps dip; 1/tick = 38ms stays above 20fps; expiry rate 0.03/s实测 30x headroom, no backlog; cache-ref route (formal v2.0.1) proven dead: cross-frame UObject dangling -> valid() false-true -> crash 0x1d/0xa; state probe stays DISABLED) (state probe DISABLED by user 14:13 - perf focus) (ALIGN FORMAL pre-pause: no 60s window, ledger 64, restore no filter, fresh director safe, LoadMap tombstone) (FIX LOSE-MINERS: LoadMap keeps frozen->tombstone probe, rebind, never-discard) (= v8.5.65-logfix logic + probes no-op, crash-safe chain, LOG_FILE, silent when 0; recommended FREEZE=30 DYNMODE=0)[2026-08-09 22:56:21.7823741] [Lua] [AntiStickTransport] config: unknown key ignored: DEBUG_ASSIGN[2026-08-09 22:56:21.7824499] [Lua] [AntiStickTransport] LOW=20 (freeze when count<=20, transport allowed at 21+)  FREEZE=20s  DRYRUN=0  MAXACTIVE=99  CONVERT=1[2026-08-09 22:56:21.7824847] [Lua] [AntiStickTransport] log file SKIPPED: io library unavailable[2026-08-09 22:56:21.7839423] [RegisterHook] Registered native hook (7, 8) for Function /Script/Pal.PalBaseCampModuleTransportItemDirector:OnUpdateMapObjectContainer
[2026-08-09 22:56:21.7852773] [RegisterHook] Registered native hook (9, 10) for Function /Script/Pal.PalBaseCampModuleTransportItemDirector:OnAvailableMapObjectConcreteModel
[2026-08-09 22:56:21.7865270] [RegisterHook] Registered native hook (11, 12) for Function /Script/Pal.PalBaseCampModuleTransportItemDirector:OnAssignWorkTransportItemTarget
[2026-08-09 22:56:21.7876936] [RegisterHook] Registered native hook (13, 14) for Function /Script/Pal.PalBaseCampModuleTransportItemDirector:OnAssignWorkRequirement
[2026-08-09 22:56:21.7877566] [Lua] [AntiStickTransport] hooks: container=ok onAvailable=ok assign=ok requirement=ok tick=timer:loop+pre:onUpdatePre loadmap:ok[2026-08-09 22:56:21.7877958] [Lua] [AntiStickTransport] LIVE: sources with count<=20 frozen 20s (unconditional restore on expire); WHILE-FROZEN dispatches are now canceled.[2026-08-09 22:56:21.7878403] Starting Lua mod 'BaseCampNoOverweight'
[2026-08-09 22:56:21.7904048] [RegisterHook] Registered native hook (15, 16) for Function /Script/Pal.PalPlayerController:OnOverWeightInventory
[2026-08-09 22:56:21.7904762] [Lua] [BaseCampNoOverweight] loaded; temporary base-camp MaxInventoryWeight override enabled
[2026-08-09 22:56:21.7905085] Starting Lua mod 'BetterSearch'
[2026-08-09 22:56:21.8421458] [Lua] [BetterSearch] LANGUAGE_DETECTED culture=zh-Hans; using=zh_cn
[2026-08-09 22:56:21.8610515] [NotifyOnNewObject] Registered notification for /Game/Pal/Blueprint/UI/UserInterface/Common/WBP_BoxPalList.WBP_BoxPalList_C
[2026-08-09 22:56:21.8612096] [Lua] [BetterSearch] P132_BOX_IDENTITY_DIAGNOSTICS_READY search_closed=false(function-not-loaded); sort_open=false(function-not-loaded); page_update=false(function-not-loaded); destruct=false(function-not-loaded); notify=true; no_find_all_of=true; no_timer=true; no_widget_mutation=true; scalar_only=true; retained_uobject=false
[2026-08-09 22:56:21.8612851] [Lua] [BetterSearch] P132_BOX_IDENTITY_DIAGNOSTICS_INSTALL success=true; result=true; error=true; exact_hooks_only=true; no_find_all_of=true; no_timer=true; context_handoff=BS_SetBoxListContext; lua_retained_uobject=false
[2026-08-09 22:56:21.8658383] [NotifyOnNewObject] Registered notification for /Game/Pal/Blueprint/UI/UserInterface/Common/WBP_BoxPalList.WBP_BoxPalList_C
[2026-08-09 22:56:21.8659781] [Lua] [BetterSearch] waiting for the native Pal Box class to load
[2026-08-09 22:56:21.8735945] [NotifyOnNewObject] Registered notification for /Game/Pal/Blueprint/UI/UserInterface/IngameMenu/PalBox/WBP_IngameMenu_PalBoxLockerList.WBP_IngameMenu_PalBoxLockerList_C
[2026-08-09 22:56:21.8737408] [Lua] [BetterSearch] BS140_DIMENSION_SUPPORT_WAITING class=exact-locker-list; notify_only=true; scan=false; timer=false; lua_retained_uobject=false
[2026-08-09 22:56:21.8857824] [NotifyOnNewObject] Registered notification for /Game/Pal/Blueprint/UI/UserInterface/Common/WBP_BoxPalListBase.WBP_BoxPalListBase_C
[2026-08-09 22:56:21.8859471] [Lua] [BetterSearch] BS150_SLOT_COLLECTION_DIAGNOSTICS_WAITING class=box-list-base; notify_only=true; retained_uobject=false; timer=false; scan=false
[2026-08-09 22:56:21.8987384] [NotifyOnNewObject] Registered notification for /Game/Pal/Blueprint/UI/UserInterface/Common/WBP_GlobalBoxPalList.WBP_GlobalBoxPalList_C
[2026-08-09 22:56:21.8988765] [Lua] [BetterSearch] BS150_GLOBAL_SUPPORT_WAITING class=exact-global-box-list; notify_only=true; scan=false; timer=false; lua_retained_uobject=false
[2026-08-09 22:56:21.8989448] [Lua] [BetterSearch] P23_FIX9_REQUESTSORT_HOOK_DISABLED token_source=eager-blueprint-dispatch; cache_sort_info_hook=false
[2026-08-09 22:56:21.8989951] [Lua] [BetterSearch] P23_FIX9_SEARCH_REQUEST_HOOK_DISABLED token_source=eager-blueprint-dispatch; cache_sort_info_hook=false; reset_setting_hook=false; sort_onsetup_hook=false
[2026-08-09 22:56:21.9100413] [Lua] [BetterSearch] P133_SEARCH_HOOK_MATRIX cache_sort_info=false; native_reset=true; snapshot_source=eager-blueprint-dispatch; native_reset_target=blueprint-manager; native_reset_focus_guard=true; custom_clear=true
[2026-08-09 22:56:21.9101424] [NotifyOnNewObject] Registered notification for /Game/Pal/Blueprint/UI/PalStorage/WBP_PalStorageSearchSettingWindow.WBP_PalStorageSearchSettingWindow_C
[2026-08-09 22:56:21.9101945] [Lua] [BetterSearch] waiting for the native Pal Box search window class to load
[2026-08-09 22:56:21.9102515] [Lua] [BetterSearch] C61_SORT_ONSETUP_HOOK_DISABLED source=startup; widget_call=false; executor_read=false; opacity_write=false
[2026-08-09 22:56:21.9103148] [Lua] [BetterSearch] BS150_FEATURE_READY version=1.5.0; base=1.4.1; global_palbox=exact-list-context-and-filter; match_page=bounded-event-driven-first-highlighted-page; page_ready=SetCharacterSlots-collection-plus-exact-UpdateSlotFiltering-count; page_read=ue4ss-out-param-table; step_delay=blueprint-0.05; max_steps=64; transaction_checks=request-generation-plus-exact-box-plus-exact-page-control-plus-world; diagnostics=bounded; no_find_all_of_added=true; no_timer_polling=true; no_global_scan=true; no_force_destroy=true; no_lua_transient_widget_retention=true
[2026-08-09 22:56:21.9103830] [Lua] [BetterSearch] BS141_METRIC_FILTER_READY version=1.5.0; mode=minimum-inclusive-highlight-filter; metric_inputs=true; numeric_only=true; invalid_text=guarded-rollback; steppers=blueprint-owned-plus-minus-one; idle_probe=false; on_change_sample_budget=12; rank_source=IndividualParameter.GetRank; star_formula=max-rank-minus-one; talent_source=IndividualParameter.SaveParameter-UPROPERTY; talents=HP+Shot+Defense; get_save_parameter_call=false; native_sort=unchanged-first-passive-only; custom_reorder=false; swap_rpc=false; timer_added=false; global_scan_added=false; force_destroy=false; retained_transient_uobject=false
[2026-08-09 22:56:21.9104344] [Lua] [BetterSearch] P133_BACKSPACE_READY handler=blueprint-bubbling-OnKeyUp; nonempty_delete=editable-text-native-keydown; release_guard=focused-backspace-handled-by-panel; protected_fields=BS_NameInput|BS_StarsInput|BS_TotalIVInput; focus_test=keyboard-or-any-user; lua_ignore_close_event=false; delayed_callback=false; keybind=false; close_hook=false
[2026-08-09 22:56:21.9104767] [Lua] [BetterSearch] P23_ALPHA_SPECIES_IDENTITY_READY method=pure-lua-boss-prefix-canonicalization; candidate_count=unchanged; extra_ufunction_call=false; delayed_callback=false; retained_uobject=false; lifecycle_change=false; blueprint_change=false
[2026-08-09 22:56:21.9105199] [Lua] [BetterSearch] P141_NON_OVERLAP_LAYOUT_READY passive_cells=6; passive_tail_visibility=Hidden; categories=4; category_row=dedicated; header_row=dedicated; page_buttons=2; match_mode=1; metric_inputs=2; metric_steppers=4; metric_rows=dedicated; stepper_rectangles=dedicated; clear_row=dedicated; backspace=blueprint-bubbling-onkeyup-release-guard-all-editable-fields; layout=p141-non-overlap-930x154; duplicate_append=false; global_button_hook=false; delayed_callback=false
[2026-08-09 22:56:21.9105676] [Lua] [BetterSearch] P134_TOOLTIP_OWNERSHIP_READY count=6; properties=BS_PassiveTooltip1..6; owner=blueprint-panel-uproperty; runtime_create=lua-synchronous; sparse_cell_hide=retain-tooltip; fallback_raw_rich_text=false; timer=false; scan=false; force_destroy=false
[2026-08-09 22:56:21.9106214] [Lua] [BetterSearch] P23_DIAGNOSTIC_MODE manager_singleton=true; blueprint_panel_owned=true; blueprint_panel_primary_only=true; lua_dynamic_name_widgets=false; candidate_click=blueprint-dispatch; clear_click=blueprint-dispatch; metric_input=blueprint-dispatch-kinds-18-19; global_button_hook_registered=false; global_button_callback_for_name_clear=false; cache_sort_info_hook=false; reset_setting_hook=false; passive_click=blueprint-dispatch-fix13; category_click=blueprint-dispatch-fix13; page_click=blueprint-dispatch-fix13; match_mode_click=blueprint-dispatch-fix13; suggestion_render=lua-sync-into-blueprint-widgets-transitional; passive_grid=lua-in-blueprint-host-transitional; hierarchy_traversal=false; delayed_widget_callback=false; search_close_hook=false; sort_onsetup_hook=false; lua_queue_plan=false; lua_page_reset=false; search_plan_shadow=live-validated; submit_shadow=exact-event-transaction-only; plan_queue_shadow=bounded-16-enqueue-only; lazy_consumer=inactive-until-search-window; search_plan_execution=blueprint-dispatch; update_slot_filtering=true
[2026-08-09 22:56:21.9106696] [Lua] [BetterSearch] P133_CLEAR_RESET_MODE custom_clear=blueprint-dispatch; native_reset=exact-search-window-hook-to-blueprint; lua_focus_guard=all-editable-fields; blueprint_focus_guard=all-editable-fields; state_clear=lua-during-blueprint-dispatch; metric_visual_write_guard=true; name_visual=blueprint; candidate_visual=blueprint; passive_visual=lua-sync-transitional; global_button_callback=false; delayed_callbacks=false; focus_changed=false
[2026-08-09 22:56:21.9107127] [Lua] [BetterSearch] P23_FIX17_RELEASE_CANDIDATE_BOOT_SAFE_READY base=proven-lazy-consumer; world_epoch_source=lua-session-monotonic; consumer_module_loaded=false; execution_bridge_loaded=false; activation=first-successful-search-window-setup; title_boot_intervention=false; splash_intervention=false; login_intervention=false; bounded_queue_size=16; blueprint_event=BS_ExecutePlanRequest; lua_direct_queue_plan=false; ui_layout=p141-non-overlap-930x154
[2026-08-09 22:56:21.9107746] [Lua] [BetterSearch] P23_FIX15_PLAN_QUEUE_READY max_queue_size=16; bounded=true; scalar_only=true; enqueue_only=true; queue_consumer=false; dequeue=false; game_state_mutation=false; queue_plan=false; request_sort=false; auto_confirm=false; broadcast=false; close=false; widget_call=false; delayed_callback=false; retained_uobject=false
[2026-08-09 22:56:21.9108236] [Lua] [BetterSearch] P23_FIX15_PLAN_QUEUE_INSTALL success=true; error=nil; max_queue_size=16; bounded=true; scalar_only=true; enqueue_only=true; queue_consumer=false; dequeue=false; game_state_mutation=false; queue_plan=false; request_sort=false; auto_confirm=false
[2026-08-09 22:56:21.9108943] [Lua] [BetterSearch] P21_BRIDGE_PURE_PING_OK protocol=1; request_id=1; response=PONG
[2026-08-09 22:56:21.9179309] [NotifyOnNewObject] Registered notification for /Game/Mods/BetterSearchBlueprintBeta/ModActor.ModActor_C
[2026-08-09 22:56:21.9180966] [Lua] [BetterSearch] P22_BRIDGE_READY pure_ping=true; dispatch_hook=false; actor_notify=true; existing_count=0; hook_error=dispatch-function-not-loaded; manager_singleton=true; candidate_visual=blueprint-owned-controls; clear_visual=blueprint-owned-controls; native_sort=false
[2026-08-09 22:56:21.9181625] [Lua] [BetterSearch] P22_BRIDGE_SUMMARY reason=startup; pure_ping_checks=1; pure_ping_failures=0; actor_observed=0; actor_unique=0; surface_checks=0; surface_failures=0; notify_registration_failures=0; dispatch_hook_attempts=0; dispatch_hook_failures=0; dispatch_calls=0; dispatch_failures=0; blueprint_validation_checks=0; blueprint_validation_failures=0; manager_observations=0; manager_primary=0; manager_standby=0; manager_duplicates=0; manager_write_failures=0
[2026-08-09 22:56:21.9182365] [Lua] [BetterSearch] P23_BRIDGE_MANAGER_PANEL_READY pure_ping=true; registration=true; bs_lua_dispatch=true; manager_singleton=true; blueprint_panel_owned=true; candidate_click_dispatch=true; clear_click_dispatch=true; global_button_hook_registered=false; native_sort=false; error=nil
[2026-08-09 22:56:21.9218564] [Lua] [BetterSearch] P23_FIX15_SUBMIT_HOOK_DEFERRED attempt=1; source=startup; function=BndEvt__WBP_PalStorageSortSettingWindow_WBP_CommonButton_1_K2Node_ComponentBoundEvent_1_OnClicked__DelegateSignature; path=/Game/Pal/Blueprint/UI/PalStorage/WBP_PalStorageSearchSettingWindow.WBP_PalStorageSearchSettingWindow_C:BndEvt__WBP_PalStorageSortSettingWindow_WBP_CommonButton_1_K2Node_ComponentBoundEvent_1_OnClicked__DelegateSignature; reason=ufunction-not-in-memory; broad_scan=false
[2026-08-09 22:56:21.9219687] [NotifyOnNewObject] Registered notification for /Game/Pal/Blueprint/UI/PalStorage/WBP_PalStorageSearchSettingWindow.WBP_PalStorageSearchSettingWindow_C
[2026-08-09 22:56:21.9220256] [Lua] [BetterSearch] P23_FIX15_SUBMIT_SHADOW_READY initial_registered=false; notify_registered=true; function=BndEvt__WBP_PalStorageSortSettingWindow_WBP_CommonButton_1_K2Node_ComponentBoundEvent_1_OnClicked__DelegateSignature; exact_hook=true; class_scoped=true; broad_scan=false; transaction_only=true; scalar_copy=true; queue_shadow=true; queue_consumer=false; game_state_mutation=false; queue_plan=false; request_sort=false; auto_confirm=false; broadcast=false; close=false; widget_call=false; delayed_callback=false; retained_uobject=false
[2026-08-09 22:56:21.9220813] [Lua] [BetterSearch] P23_FIX15_SUBMIT_SHADOW_INSTALL success=true; error=nil; exact_hook=true; broad_scan=false; transaction_only=true; queue_shadow=true; queue_consumer=false; game_state_mutation=false; queue_plan=false; request_sort=false; auto_confirm=false
[2026-08-09 22:56:21.9221499] [Lua] [BetterSearch] P23_FIX17_RELEASE_CANDIDATE_RUNTIME_READY function=CommonButton_1_OnClicked; exact_hook=true; base=boot-safe-lazy-consumer; broad_scan=false; transaction_only=true; scalar_copy=true; max_queue_size=16; bounded=true; consumer_module_loaded=false; execution_bridge_loaded=false; activation=first-successful-search-window-setup; title_boot_intervention=false; single_dequeue=true; execution=blueprint-dispatch-request; blueprint_event=BS_ExecutePlanRequest; blueprint_validation=true; queue_plan=blueprint-owned; request_sort=blueprint-native; auto_confirm=blueprint-latent; lua_direct_queue_plan=false; compile_required=true; pak_changed=true; lua_only=false
[2026-08-09 22:56:21.9221879] [Lua] [BetterSearch] P23_FIX14_STATUS_KEY_DISABLED key=F10; register_keybind=false
[2026-08-09 22:56:21.9222252] [Lua] [BetterSearch] P141_EDITABLE_INPUT_BOUNDARY mode=blueprint-trigger-lua-sync-read; components=BS_NameInput|BS_StarsInput|BS_TotalIVInput; metric_keyboard=numeric; metric_validation=digits-and-range; metric_invalid_write=blueprint-guarded-rollback; metric_steppers=blueprint-buttons-kinds-20-21; same-stack-get-text=true; lua_ignore_close_event=false; backspace=blueprint-bubbling-onkeyup-release-guard-all-editable-fields; keydown_deletion=native; convert-to-lua-string-immediately=true; keybinds=false; lua-delayed-ftext-read=false; blueprint_delay=false; close_hook=false; retained_uobject=false
[2026-08-09 22:56:21.9222995] [Lua] [BetterSearch] Better Search 1.5.0 loaded: max_selected=4; suggestions=4; debug=false; native_sort=blueprint-owned-safe-first-passive-only; palbox_context=exact-search-closed-self; dimension_storage=exact-locker-list-search-closed-self-plus-owned-page-control; global_storage=exact-global-list-search-closed-self-plus-owned-page-control; global_filter=exact-global-update-slot-filtering; first_match_page=blueprint-capture-plus-scalar-lua-page-candidate; global_page_map=native-DataIndexToPageNum; page_fallback=absolute-slot-index-div-30-or-page0; page_sync=blueprint-page-control-plus-context-branch; name_search=candidate-required-character-id-only; stars_filter=minimum-inclusive-highlight-only; total_iv_filter=hp+shot+defense-minimum-inclusive-highlight-only; filtering_changed=true; language_support=17-steam-interface-languages; manager_singleton=true; blueprint_panel_owned=true; search_plan_execution=blueprint-dispatch; hierarchy_traversal=false; delayed_widget_callback=false; global_scan_added=false; timer_added=false; polling_added=false; forced_destroy=false; lua_transient_widget_retention=false; core=p1-pure-lua-compat; bridge=p21-roundtrip-plus-p22-manager-plus-p23-panel; bs_lua_dispatch=true; blueprint_pak_modified=true; blueprint_pak=p150-global-first-match-page; backspace=blueprint-bubbling-onkeyup-release-guard-all-editable-fields; fixed_control_overlays=true; ui_layout=p141-non-overlap-930x154
[2026-08-09 22:56:21.9223491] Starting Lua mod 'DismantlingConveyorBulkInsert'
[2026-08-09 22:56:21.9245544] Starting Lua mod 'ExpandedPalBox256'
[2026-08-09 22:56:21.9254894] [NotifyOnNewObject] Registered notification for /Script/Pal.PalPlayerDataPalStorage
[2026-08-09 22:56:21.9260365] [RegisterHook] Registered native hook (17, 18) for Function /Script/Engine.PlayerController:ClientRestart
[2026-08-09 22:56:21.9264726] [RegisterHook] Registered native hook (19, 20) for Function /Script/Engine.PlayerController:ServerAcknowledgePossession
[2026-08-09 22:56:21.9265132] [Lua] [ExpandedPalBox256] Mod loaded successfully. PalBox capacity expanded to 256 pages.
[2026-08-09 22:56:21.9265443] Starting Lua mod 'FullSphereSummon'
[2026-08-09 22:56:21.9279769] Starting Lua mod 'KeepShiningLuckyPals'
[2026-08-09 22:56:21.9301484] [RegisterHook] Registered native hook (21, 22) for Function /Script/Pal.PalCharacterParameterComponent:OnInitialize_AfterSetIndividualParameter
[2026-08-09 22:56:21.9302311] [Lua] [KeepShiningLuckyPals v1.0.1] Hook registered: /Script/Pal.PalCharacterParameterComponent:OnInitialize_AfterSetIndividualParameter
[2026-08-09 22:56:21.9302676] [Lua] [KeepShiningLuckyPals v1.0.1] loaded - captured Lucky glow without chime, wild untouched
[2026-08-09 22:56:21.9303117] Starting Lua mod 'MapandFastTravelUnlocker'
[2026-08-09 22:56:21.9381275] Error executing script: ...ods\UE4SS\Mods\MapandFastTravelUnlocker\Scripts\main.lua:26: Tried to register a hook with Lua function 'RegisterHook' but no UFunction with the specified name was found.
Function Name: /Script/Pal.PalPlayerState:OnRep_LoginData
stack traceback:
	[C]: in function 'RegisterHook'
	...ods\UE4SS\Mods\MapandFastTravelUnlocker\Scripts\main.lua:26: in main chunk
stack traceback:
	[C]: in function 'RegisterHook'
	...ods\UE4SS\Mods\MapandFastTravelUnlocker\Scripts\main.lua:26: in main chunk
[2026-08-09 22:56:21.9381988] Failed to execute main script: E:\steam\steamapps\common\Palworld\Mods\NativeMods\UE4SS\Mods\MapandFastTravelUnlocker\Scripts\main.lua
[2026-08-09 22:56:21.9382282] Starting Lua mod 'MiniBasePals'
[2026-08-09 22:56:21.9405009] [RegisterHook] Registered native hook (23, 24) for Function /Script/Pal.PalCharacterParameterComponent:OnInitialize_AfterSetIndividualParameter
[2026-08-09 22:56:21.9405838] Starting Lua mod 'PalboxAnywhere'
[2026-08-09 22:56:21.9465449] Starting Lua mod 'PalStuckDiagnostic'
[2026-08-09 22:56:21.9507525] [Lua] [PalStuckDiagnostic] v1.9.15 loaded[2026-08-09 22:56:21.9508300] [Lua] [PalStuckDiagnostic] all dev flags off (production mode)[2026-08-09 22:56:21.9508736] Starting Lua mod 'PalworldAutoLockpick'
[2026-08-09 22:56:21.9538847] [RegisterHook] Registered native hook (25, 26) for Function /Script/Pal.PalPickingGameProcessor:StartNewGame
[2026-08-09 22:56:21.9546841] [RegisterHook] Registered native hook (27, 28) for Function /Script/Pal.PalPickingGameProcessor:SetPickingToolPosition
[2026-08-09 22:56:21.9552682] [RegisterHook] Registered native hook (29, 30) for Function /Script/Pal.PalPickingGameProcessor:AddPickingToolPosition
[2026-08-09 22:56:21.9559203] [RegisterHook] Registered native hook (31, 32) for Function /Script/Pal.PalPickingGameProcessor:AddPickingToolPositionLoop
[2026-08-09 22:56:21.9567279] [RegisterHook] Registered native hook (33, 34) for Function /Script/Pal.PalPickingGameProcessor:AddKeyPosition
[2026-08-09 22:56:21.9574957] [RegisterHook] Registered native hook (35, 36) for Function /Script/Pal.PalPickingGameProcessor:SetKeyPosition
[2026-08-09 22:56:21.9575593] [Lua] [PalworldAutoLockpick] ready (6 hooks)
[2026-08-09 22:56:21.9576034] Starting Lua mod 'PalworldKeymapCenter'
[2026-08-09 22:56:21.9591362] [Lua] [PalworldKeymapCenter] bootstrap source=@E:\steam\steamapps\common\Palworld\Mods\NativeMods\UE4SS\Mods\PalworldKeymapCenter\Scripts\main.lua
[2026-08-09 22:56:21.9591798] [Lua] [PalworldKeymapCenter] bootstrap source dir=E:\steam\steamapps\common\Palworld\Mods\NativeMods\UE4SS\Mods\PalworldKeymapCenter\Scripts\
[2026-08-09 22:56:21.9592130] [Lua] [PalworldKeymapCenter] bootstrap lifecycle recovery armed
[2026-08-09 22:56:21.9605982] [Lua] [PalworldKeymapCenter] bootstrap package path selected: E:\steam\steamapps\common\Palworld\Mods\NativeMods\UE4SS\Mods\PalworldKeymapCenter\Scripts\ (source)
[2026-08-09 22:56:21.9606466] [Lua] [PalworldKeymapCenter] bootstrap ready after 1 attempt(s)
[2026-08-09 22:56:21.9606828] Starting Lua mod 'SCUI'
[2026-08-09 22:56:21.9682599] [RegisterHook] Registered native hook (37, 38) for Function /Script/Engine.PlayerController:ClientRestart
[2026-08-09 22:56:21.9683764] Starting Lua mod 'SCWDBaseShift'
[2026-08-09 22:56:21.9689498] Main script 'main.lua' not found in scripts directory: E:\steam\steamapps\common\Palworld\Mods\NativeMods\UE4SS\Mods\SCWDBaseShift\Scripts -- Ensure your script file uses the correct casing.
[2026-08-09 22:56:21.9690078] Starting Lua mod 'PrecisionPickup'
[2026-08-09 22:56:21.9693634] Main script 'main.lua' not found in scripts directory: E:\steam\steamapps\common\Palworld\Mods\NativeMods\UE4SS\Mods\PrecisionPickup\Scripts -- Ensure your script file uses the correct casing.
[2026-08-09 22:56:21.9694142] Starting Lua mod 'AlwaysWinFishing'
[2026-08-09 22:56:21.9707614] [Lua] [AlwaysWinFishingLua] loaded[2026-08-09 22:56:21.9708387] Starting Lua mod 'InventoryMenuOptimizer'
[2026-08-09 22:56:21.9749696] [NotifyOnNewObject] Registered notification for /Game/Pal/Blueprint/UI/Inventory/WBP_PalPlayerInventoryScrollList.WBP_PalPlayerInventoryScrollList_C
[2026-08-09 22:56:21.9750604] [Lua] [Inventory Menu Optimizer] Waiting for the exact player-scroll class event that owns the Setup hook; no recurring registration work is active.
[2026-08-09 22:56:21.9751023] [NotifyOnNewObject] Registered notification for /Game/Pal/Blueprint/UI/Inventory/WBP_PalItemListBlock.WBP_PalItemListBlock_C
[2026-08-09 22:56:21.9751372] [Lua] [Inventory Menu Optimizer] Waiting for the exact item-list class event that precedes Add Item Container; no recurring registration work is active.
[2026-08-09 22:56:21.9751759] [NotifyOnNewObject] Registered notification for /Game/Pal/Blueprint/UI/UserInterface/MainMenu/InventoryEquipment/WBP_InventoryEquipment.WBP_InventoryEquipment_C
[2026-08-09 22:56:21.9752110] [Lua] [Inventory Menu Optimizer] Waiting for the exact inventory-equipment class event that owns Easy Bulk; no recurring registration work is active.
[2026-08-09 22:56:21.9752495] [NotifyOnNewObject] Registered notification for /Game/Pal/Blueprint/UI/UserInterface/IngameMenu/Chest/WBP_IngameMenu_ItemSearchList.WBP_IngameMenu_ItemSearchList_C
[2026-08-09 22:56:21.9752798] [Lua] [Inventory Menu Optimizer] Waiting for the exact Item Retrieval class event that owns its optional hook; no recurring registration work is active.
[2026-08-09 22:56:21.9753207] Starting Lua mod 'Keybinds'
[2026-08-09 22:56:21.9765856] Starting mods (from enabled.txt (E:\steam\steamapps\common\Palworld\Mods\NativeMods\UE4SS\Mods), no defined load order)...
[2026-08-09 22:56:21.9771054] Event loop start
[2026-08-09 22:56:22.4436263] [PalSchema] Loader 'enums' initialized.
[2026-08-09 22:56:22.4437073] [PalSchema] Loader 'raw' initialized.
[2026-08-09 22:56:22.4441116] [PalSchema] Loader 'blueprints' initialized.
[2026-08-09 22:56:22.4444152] [PalSchema] Loading mod: 8xStorageInvBags
[2026-08-09 22:56:22.4452097] [PalSchema] Loaded changes to BP_BuildObject_Box01_Iron_C
[2026-08-09 22:56:22.4452530] [PalSchema] Loaded changes to BP_BuildObject_Box02_Iron_C
[2026-08-09 22:56:22.4452836] [PalSchema] Loaded changes to BP_BuildObject_Container01_Iron_C
[2026-08-09 22:56:22.4453086] [PalSchema] Loaded changes to BP_BuildObject_CoolerBox_C
[2026-08-09 22:56:22.4453330] [PalSchema] Loaded changes to BP_BuildObject_ItemChest_02_C
[2026-08-09 22:56:22.4453609] [PalSchema] Loaded changes to BP_BuildObject_ItemChest_03_C
[2026-08-09 22:56:22.4453892] [PalSchema] Loaded changes to BP_BuildObject_ItemChest_04_C
[2026-08-09 22:56:22.4454151] [PalSchema] Loaded changes to BP_BuildObject_ItemChest_C
[2026-08-09 22:56:22.4454399] [PalSchema] Loaded changes to BP_BuildObject_Refrigerator_C
[2026-08-09 22:56:22.4454663] [PalSchema] Loaded changes to BP_PalGameSetting_C
[2026-08-09 22:56:22.4455443] [PalSchema] Loading mod: AlhaithamNPC
[2026-08-09 22:56:22.4480483] [PalSchema] Loading mod: AlwaysWinFishing
[2026-08-09 22:56:22.4481320] [PalSchema] Loading mod: AncientRelicRecyclerOptimization
[2026-08-09 22:56:22.4486255] [PalSchema] Loaded changes to BP_BuildObject_AncientRelicRecycler_C
[2026-08-09 22:56:22.4486854] [PalSchema] Loading mod: ArlecchinoNPC
[2026-08-09 22:56:22.4512954] [PalSchema] Loading mod: AutoPickup
[2026-08-09 22:56:22.4513675] [PalSchema] Loading mod: BetterPalDisassembler
[2026-08-09 22:56:22.4514101] [PalSchema] Loading mod: DehyaNPC
[2026-08-09 22:56:22.4536745] [PalSchema] Loading mod: DogCoinDrops100to300
[2026-08-09 22:56:22.4577906] [PalSchema] Loading mod: GoldSchematicDropRateIncreased
[2026-08-09 22:56:22.4658313] [PalSchema] Loading mod: GoldWorldTreeRelicDropRateIncreased
[2026-08-09 22:56:22.4659188] [PalSchema] Loading mod: MavuikaNPC
[2026-08-09 22:56:22.4683656] [PalSchema] Loading mod: PalSchemaSurgeryTableUnlocker
[2026-08-09 22:56:22.4698623] [PalSchema] Loading mod: RaidenNPC
[2026-08-09 22:56:22.4726801] [PalSchema] Loading mod: Rainbow Traits probability 1
[2026-08-09 22:56:22.4738248] [PalSchema] Loading mod: ShenheNPC
[2026-08-09 22:56:22.4765623] [PalSchema] Loading mod: SuperStacksNoLag
[2026-08-09 22:56:22.4775179] [PalSchema] Loaded changes to BP_PalBaseCampManager_C
[2026-08-09 22:56:22.4775801] [PalSchema] Loaded changes to BP_PalGameSetting_C
[2026-08-09 22:56:22.4776462] [PalSchema] Loading mod: unlimited dashes and jumps 6
[2026-08-09 22:56:22.4784085] [PalSchema] Loading mod: XianyunNPC
[2026-08-09 22:56:22.4814479] [PalSchema] Loading mod: XilonenNPC
[2026-08-09 22:56:22.4842926] [PalSchema] Loading mod: YelanNPC
[2026-08-09 22:56:22.7147484] [Lua] [PalworldKeymapCenter] bootstrap recovered stalled game-thread load: generation 1
[2026-08-09 22:56:22.8706144] [Lua] [PalworldKeymapCenter] bootstrap ready after 2 attempt(s)
[2026-08-09 22:56:23.6236608] [Lua] [PalworldKeymapCenter] bootstrap recovered stalled game-thread load: generation 3
[2026-08-09 22:56:23.7751168] [Lua] [PalworldKeymapCenter] bootstrap ready after 3 attempt(s)
[2026-08-09 22:56:24.0860458] [PalSchema] DT_PalCombiUnique: 0 rows updated, 9 rows added, 0 rows deleted, 0 errors.
[2026-08-09 22:56:24.0894699] [PalSchema] DT_PalHumanParameter_Common: 0 rows updated, 18 rows added, 0 rows deleted, 0 errors.
[2026-08-09 22:56:24.0935972] [PalSchema] DT_PalDropItem_Common: 667 rows updated, 104 rows added, 0 rows deleted, 0 errors.
[2026-08-09 22:56:24.0941839] [PalSchema] DT_PalCharacterIconDataTable_Common: 0 rows updated, 18 rows added, 0 rows deleted, 0 errors.
[2026-08-09 22:56:24.0946338] [PalSchema] DT_PalBPClass_Common: 0 rows updated, 18 rows added, 0 rows deleted, 0 errors.
[2026-08-09 22:56:24.1315082] [PalSchema] DT_BossSpawnerLoactionData: 0 rows updated, 9 rows added, 0 rows deleted, 0 errors.
[2026-08-09 22:56:24.1386287] [PalSchema] DT_OperatingTablePassiveSkillDataTable: 54 rows updated, 61 rows added, 0 rows deleted, 0 errors.
[2026-08-09 22:56:24.1505477] [PalSchema] DT_WazaMasterLevel_Common: 0 rows updated, 310 rows added, 0 rows deleted, 0 errors.
[2026-08-09 22:56:24.2266410] [PalSchema] DT_ItemLotteryDataTable: 724 rows updated, 0 rows added, 0 rows deleted, 0 errors.
[2026-08-09 22:56:24.2288208] [PalSchema] DT_PassiveSkill_Main_Common: 45 rows updated, 11 rows added, 0 rows deleted, 0 errors.
[2026-08-09 22:56:24.4091760] [PalSchema] Loader 'resources' initialized.
[2026-08-09 22:56:24.4714116] [PalSchema] Loader 'pals' initialized.
[2026-08-09 22:56:24.4715033] [PalSchema] Loader 'npcs' initialized.
[2026-08-09 22:56:24.4726276] [PalSchema] Loader 'items' initialized.
[2026-08-09 22:56:24.4726666] [PalSchema] Loader 'skins' initialized.
[2026-08-09 22:56:24.4726933] [PalSchema] Loader 'appearance' initialized.
[2026-08-09 22:56:24.4727252] [PalSchema] Loader 'buildings' initialized.
[2026-08-09 22:56:24.4787182] [PalSchema] Loader 'helpguide' initialized.
[2026-08-09 22:56:24.4789566] [PalSchema] Loader 'spawns' initialized.
[2026-08-09 22:56:24.4789984] [PalSchema] Language override not set, using system language (zh-Hans).
[2026-08-09 22:56:24.4790195] [PalSchema] Loader 'translations' initialized.
[2026-08-09 22:56:24.4792968] [PalSchema] Loading mod: 8xStorageInvBags
[2026-08-09 22:56:24.4797944] [PalSchema] Modified Item 'AdditionalInventory_001'
[2026-08-09 22:56:24.4798299] [PalSchema] Modified Item 'AdditionalInventory_002'
[2026-08-09 22:56:24.4798594] [PalSchema] Modified Item 'AdditionalInventory_003'
[2026-08-09 22:56:24.4798857] [PalSchema] Modified Item 'AdditionalInventory_004'
[2026-08-09 22:56:24.4803587] [PalSchema] Loading mod: AlhaithamNPC
[2026-08-09 22:56:24.4817570] [PalSchema] Applied changes to BP_PalSpawner_Sheets_2_1_forest_1_C
[2026-08-09 22:56:24.4823428] Added new spawn: (EXEC_Alhaitham_BOSS @ [X: -239882.000, Y: 148912.000, Z: 1050.000])
[2026-08-09 22:56:24.4872580] [PalSchema] Loading mod: AlwaysWinFishing
[2026-08-09 22:56:24.4874602] [PalSchema] Loading mod: AncientRelicRecyclerOptimization
[2026-08-09 22:56:24.4882232] [PalSchema] Loading mod: ArlecchinoNPC
[2026-08-09 22:56:24.4900092] [PalSchema] Applied changes to BP_PalSpawner_Sheets_yamijima_7_2_DarkArea_C
[2026-08-09 22:56:24.4907753] Added new spawn: (EXEC_Arlecchino_BOSS @ [X: -647047.000, Y: -352561.000, Z: 30106.000])
[2026-08-09 22:56:24.4917706] [PalSchema] Loading mod: AutoPickup
[2026-08-09 22:56:24.4919022] [PalSchema] Loading mod: BetterPalDisassembler
[2026-08-09 22:56:24.4920069] [PalSchema] Loading mod: DehyaNPC
[2026-08-09 22:56:24.4932584] [PalSchema] Applied changes to BP_PalSpawner_Sheets_4_1_dessert_1_C
[2026-08-09 22:56:24.4937741] [PalSchema] Applied changes to BP_PalSpawner_Sheets_4_2_dessert_1_C
[2026-08-09 22:56:24.4944608] Added new spawn: (EXEC_Dehya_BOSS @ [X: -6654.000, Y: 365825.000, Z: -865.000])
[2026-08-09 22:56:24.4954135] [PalSchema] Loading mod: DogCoinDrops100to300
[2026-08-09 22:56:24.4955370] [PalSchema] Loading mod: GoldSchematicDropRateIncreased
[2026-08-09 22:56:24.4958620] [PalSchema] Loading mod: GoldWorldTreeRelicDropRateIncreased
[2026-08-09 22:56:24.4959577] [PalSchema] Loading mod: MavuikaNPC
[2026-08-09 22:56:24.4975772] [PalSchema] Applied changes to BP_PalSpawner_Sheets_3_1_volcano_1_C
[2026-08-09 22:56:24.4982966] [PalSchema] Applied changes to BP_PalSpawner_Sheets_3_2_volcano_1_C
[2026-08-09 22:56:24.4989567] [PalSchema] Applied changes to BP_PalSpawner_Sheets_3_3_volcano_1_C
[2026-08-09 22:56:24.5000678] Added new spawn: (EXEC_Mavuika_BOSS @ [X: -368986.000, Y: -119996.000, Z: 55885.000])
[2026-08-09 22:56:24.5011373] [PalSchema] Loading mod: PalSchemaSurgeryTableUnlocker
[2026-08-09 22:56:24.5012662] [PalSchema] Loading mod: RaidenNPC
[2026-08-09 22:56:24.5024174] [PalSchema] Applied changes to BP_PalSpawner_Sheets_sakurajima_6_2_SakuraArea_C
[2026-08-09 22:56:24.5028956] Added new spawn: (EXEC_Raiden_BOSS @ [X: -7538.000, Y: -128131.000, Z: 4464.000])
[2026-08-09 22:56:24.5036333] [PalSchema] Loading mod: Rainbow Traits probability 1
[2026-08-09 22:56:24.5037481] [PalSchema] Loading mod: ShenheNPC
[2026-08-09 22:56:24.5047643] [PalSchema] Applied changes to BP_PalSpawner_Sheets_snow_5_1_snow_1_C
[2026-08-09 22:56:24.5053302] Added new spawn: (EXEC_Shenhe_BOSS @ [X: 41637.000, Y: 195384.000, Z: 7755.000])
[2026-08-09 22:56:24.5061606] [PalSchema] Loading mod: SuperStacksNoLag
[2026-08-09 22:56:24.5068041] [PalSchema] Loading mod: unlimited dashes and jumps 6
[2026-08-09 22:56:24.5069706] [PalSchema] Loading mod: XianyunNPC
[2026-08-09 22:56:24.5080412] [PalSchema] Applied changes to BP_PalSpawner_Sheets_snow_5_2_SnowGrass_C
[2026-08-09 22:56:24.5084942] Added new spawn: (EXEC_Xianyun_BOSS @ [X: -359943.000, Y: 272926.000, Z: 12830.000])
[2026-08-09 22:56:24.5093034] [PalSchema] Loading mod: XilonenNPC
[2026-08-09 22:56:24.5101430] [PalSchema] Applied changes to BP_PalSpawner_Sheets_2_1_forest_3_C
[2026-08-09 22:56:24.5105702] Added new spawn: (EXEC_Xilonen_BOSS @ [X: -240368.000, Y: 254981.000, Z: -1834.000])
[2026-08-09 22:56:24.5113374] [PalSchema] Loading mod: YelanNPC
[2026-08-09 22:56:24.5124555] [PalSchema] Applied changes to BP_PalSpawner_Sheets_1_3_water_C
[2026-08-09 22:56:24.5128884] Added new spawn: (EXEC_Yelan_BOSS @ [X: -283831.000, Y: 293226.000, Z: -1875.000])
[2026-08-09 22:56:24.5285596] [Lua] [PalworldKeymapCenter] bootstrap recovered stalled game-thread load: generation 5
[2026-08-09 22:56:24.6725815] [Lua] [PalworldKeymapCenter] bootstrap ready after 4 attempt(s)
[2026-08-09 22:56:24.6799247] [NotifyOnNewObject] Registered notification for /Game/Pal/Blueprint/UI/UserInterface/ESCMenu/WBP_MenuESC.WBP_MenuESC_C
[2026-08-09 22:56:24.6799878] [Lua] [PalworldKeymapCenter] v0.6.3 loaded
[2026-08-09 22:56:24.7115098] [Lua] [BPModLoaderMod] Loading mod: PalScUI
[2026-08-09 22:56:24.7281851] [Lua] [BPModLoaderMod] Executing 'PostBeginPlay' for mod 'ModActor_C /Game/Pal/Maps/Splash/PL_PPSplash.PL_PPSplash:PersistentLevel.ModActor_C_2147482027'
[2026-08-09 22:56:24.7282955] [Lua] [BPModLoaderMod] Actor: ModActor_C /Game/Pal/Maps/Splash/PL_PPSplash.PL_PPSplash:PersistentLevel.ModActor_C_2147482027
[2026-08-09 22:56:24.7283410] [Lua] [BPModLoaderMod] Loading mod: FastTravelFromAnywhere
[2026-08-09 22:56:24.7846561] [Lua] [BPModLoaderMod] Actor: ModActor_C /Game/Pal/Maps/Splash/PL_PPSplash.PL_PPSplash:PersistentLevel.ModActor_C_2147481520
[2026-08-09 22:56:24.7847344] [Lua] [BPModLoaderMod] Loading mod: BetterSearchBlueprintBeta
[2026-08-09 22:56:24.7889395] [Lua] [BPModLoaderMod] Actor: ModActor_C /Game/Pal/Maps/Splash/PL_PPSplash.PL_PPSplash:PersistentLevel.ModActor_C_2147481519
[2026-08-09 22:56:24.7890208] [Lua] [BPModLoaderMod] Loading mod: PalAnalyzer
[2026-08-09 22:56:24.7977826] [Lua] [BPModLoaderMod] Executing 'PostBeginPlay' for mod 'ModActor_C /Game/Pal/Maps/Splash/PL_PPSplash.PL_PPSplash:PersistentLevel.ModActor_C_2147481518'
[2026-08-09 22:56:24.7979234] [Lua] [BPModLoaderMod] Actor: ModActor_C /Game/Pal/Maps/Splash/PL_PPSplash.PL_PPSplash:PersistentLevel.ModActor_C_2147481518
[2026-08-09 22:56:24.7979586] [Lua] [BPModLoaderMod] Loading mod: Pal Expedition Station Unlock - No Type - No Time_P
[2026-08-09 22:56:24.7981497] [Lua] [BPModLoaderMod] ModClass for 'Pal Expedition Station Unlock - No Type - No Time_P' is not valid
ObjectPath: 
PackageName: /Game/Mods/Pal Expedition Station Unlock - No Type - No Time_P/ModActor
AssetName: ModActor_C
[2026-08-09 22:56:24.8706032] [Lua] [BPModLoaderMod] Loading mod: PalScUI
[2026-08-09 22:56:24.8708869] [Lua] [BPModLoaderMod] Executing 'PostBeginPlay' for mod 'ModActor_C /Game/Pal/Maps/Splash/PL_PPSplash.PL_PPSplash:PersistentLevel.ModActor_C_2147481516'
[2026-08-09 22:56:24.8709579] [Lua] [BPModLoaderMod] Actor: ModActor_C /Game/Pal/Maps/Splash/PL_PPSplash.PL_PPSplash:PersistentLevel.ModActor_C_2147481516
[2026-08-09 22:56:24.8709901] [Lua] [BPModLoaderMod] Loading mod: FastTravelFromAnywhere
[2026-08-09 22:56:24.8717178] [Lua] [BPModLoaderMod] Actor: ModActor_C /Game/Pal/Maps/Splash/PL_PPSplash.PL_PPSplash:PersistentLevel.ModActor_C_2147481515
[2026-08-09 22:56:24.8717745] [Lua] [BPModLoaderMod] Loading mod: BetterSearchBlueprintBeta
[2026-08-09 22:56:24.8722433] [Lua] [BetterSearch] P22_MANAGER_PRIMARY source=notify-on-new-object; actor=1712755915360; world=1712972422016; primary=1712755915360; role=primary; epoch=1; duplicate_count=0; election_count=1; write_ok=true; write_error=nil; retained=false
[2026-08-09 22:56:24.8853538] [RegisterHook] Registered script hook (41, 41) for Function /Game/Mods/BetterSearchBlueprintBeta/ModActor.ModActor_C:BS_LuaDispatch
[2026-08-09 22:56:24.8855168] [Lua] [BetterSearch] P21_BRIDGE_DISPATCH_HOOK_REGISTERED source=actor-observed; function=/Game/Mods/BetterSearchBlueprintBeta/ModActor.ModActor_C:BS_LuaDispatch; hook=41; callback=blueprint-after; synchronous=true
[2026-08-09 22:56:24.8857641] [Lua] [BPModLoaderMod] Actor: ModActor_C /Game/Pal/Maps/Splash/PL_PPSplash.PL_PPSplash:PersistentLevel.ModActor_C_2147481514
[2026-08-09 22:56:24.8858189] [Lua] [BPModLoaderMod] Loading mod: PalAnalyzer
[2026-08-09 22:56:24.8862914] [Lua] [BPModLoaderMod] Executing 'PostBeginPlay' for mod 'ModActor_C /Game/Pal/Maps/Splash/PL_PPSplash.PL_PPSplash:PersistentLevel.ModActor_C_2147481513'
[2026-08-09 22:56:24.8863824] [Lua] [BPModLoaderMod] Actor: ModActor_C /Game/Pal/Maps/Splash/PL_PPSplash.PL_PPSplash:PersistentLevel.ModActor_C_2147481513
[2026-08-09 22:56:24.8864189] [Lua] [BPModLoaderMod] Loading mod: Pal Expedition Station Unlock - No Type - No Time_P
[2026-08-09 22:56:24.8865828] [Lua] [BPModLoaderMod] ModClass for 'Pal Expedition Station Unlock - No Type - No Time_P' is not valid
ObjectPath: 
PackageName: /Game/Mods/Pal Expedition Station Unlock - No Type - No Time_P/ModActor
AssetName: ModActor_C
[2026-08-09 22:56:24.8955009] [Lua] [BaseCampNoOverweight] ERROR: local player is not available yet
[2026-08-09 22:56:24.9185252] [RegisterHook] Registered script hook (42, 42) for Function /Game/Pal/Blueprint/UI/UserInterface/Common/WBP_BoxPalList.WBP_BoxPalList_C:OnClosedSearchWindow
[2026-08-09 22:56:24.9237138] [RegisterHook] Registered script hook (43, 43) for Function /Game/Pal/Blueprint/UI/UserInterface/Common/WBP_BoxPalList.WBP_BoxPalList_C:BndEvt__WBP_BoxPalList_WBP_BoxPalListBase_K2Node_ComponentBoundEvent_3_OnClickedSortButton__DelegateSignature
[2026-08-09 22:56:24.9289312] [RegisterHook] Registered script hook (44, 44) for Function /Game/Pal/Blueprint/UI/UserInterface/Common/WBP_BoxPalList.WBP_BoxPalList_C:OnUpdatePagePalBoxList
[2026-08-09 22:56:24.9345528] [RegisterHook] Registered script hook (45, 45) for Function /Game/Pal/Blueprint/UI/UserInterface/Common/WBP_BoxPalList.WBP_BoxPalList_C:Destruct
[2026-08-09 22:56:24.9406557] [RegisterHook] Registered script hook (46, 46) for Function /Game/Pal/Blueprint/UI/UserInterface/Common/WBP_BoxPalList.WBP_BoxPalList_C:UpdateSlotFiltering
[2026-08-09 22:56:24.9407593] [Lua] [BetterSearch] registered native Pal Box custom filter post-hook
[2026-08-09 22:56:24.9407938] [Lua] [BetterSearch] C62A_CALLBACK_ISOLATION_HOOK_MATRIX UPDATE_SLOT_FILTERING=true; BOX_LIST_SEARCH_CLOSED=false; SORT_SETTING_WINDOW_SETUP=false; LUA_QUEUE_PLAN=false; LUA_PAGE_RESET=false
[2026-08-09 22:56:24.9418169] Asset was found but not loaded, could be a package
[2026-08-09 22:56:24.9556148] [RegisterHook] Registered script hook (47, 47) for Function /Game/Pal/Blueprint/UI/UserInterface/IngameMenu/WBP_IngameMenu_CommonCharacterContainer.WBP_IngameMenu_CommonCharacterContainer_C:OnSetup
[2026-08-09 22:56:24.9557133] [Lua] [DismantlingConveyorBulkInsert] registered container OnSetup pre=47 post=47
[2026-08-09 22:56:24.9611156] [RegisterHook] Registered script hook (48, 48) for Function /Game/Pal/Blueprint/UI/UserInterface/IngameMenu/WBP_IngameMenu_CommonCharacterContainer.WBP_IngameMenu_CommonCharacterContainer_C:RegisterPalOperateInput
[2026-08-09 22:56:24.9611908] [Lua] [DismantlingConveyorBulkInsert] registered container RegisterPalOperateInput pre=48 post=48
[2026-08-09 22:56:24.9662176] [RegisterHook] Registered script hook (49, 49) for Function /Game/Pal/Blueprint/UI/UserInterface/IngameMenu/WBP_IngameMenu_CommonCharacterContainer.WBP_IngameMenu_CommonCharacterContainer_C:Destruct
[2026-08-09 22:56:24.9662950] [Lua] [DismantlingConveyorBulkInsert] registered container Destruct pre=49 post=49
[2026-08-09 22:56:24.9668340] [RegisterHook] Registered native hook (50, 51) for Function /Script/Pal.PalUserWidgetStackableUI:OnPreClose
[2026-08-09 22:56:24.9668724] [Lua] [DismantlingConveyorBulkInsert] registered stackable UI pre-close pre=50 post=51
[2026-08-09 22:56:24.9709775] [RegisterHook] Registered script hook (52, 52) for Function /Game/Pal/Blueprint/UI/UserInterface/Common/WBP_BoxPalList.WBP_BoxPalList_C:OnUpdatePagePalBoxList
[2026-08-09 22:56:24.9710481] [Lua] [DismantlingConveyorBulkInsert] registered box current-page update pre=52 post=52
[2026-08-09 22:56:24.9710786] [Lua] [DismantlingConveyorBulkInsert] ready; event-driven while idle and one bounded acknowledgement check while transferring
[2026-08-09 22:56:24.9714139] [RegisterHook] Registered native hook (53, 54) for Function /Script/Pal.PalPlayerCharacter:OnCompleteInitializeParameter
[2026-08-09 22:56:24.9754726] [RegisterHook] Registered script hook (55, 55) for Function /Game/Pal/Blueprint/Character/Player/Female/BP_Player_Female.BP_Player_Female_C:ReceiveEndPlay
[2026-08-09 22:56:24.9755524] [Lua] [FullSphereSummon][DISPATCH][ESSENTIAL] Lifecycle dispatcher registered. Version: 0.8.5
[2026-08-09 22:56:25.0319503] [Lua] [AlwaysWinFishingLua] patched object=BP_PalFishingSystem_C /Game/Pal/Maps/Splash/PL_PPSplash.PL_PPSplash:BP_PalFishingSystem_C_2147482132[2026-08-09 22:56:25.2987068] [Lua] [AlwaysWinFishingLua] patched object=BP_PalFishingSystem_C /Game/Pal/Blueprint/System/BP_PalFishingSystem.Default__BP_PalFishingSystem_C[2026-08-09 22:56:25.3207058] [RegisterHook] Registered script hook (56, 56) for Function /Game/Pal/Blueprint/UI/UserInterface/Common/WBP_BoxPalListBase.WBP_BoxPalListBase_C:SetCharacterSlots
[2026-08-09 22:56:27.6038151] [FCallbackGarbageCollector] Freed invalid callbacks!
[2026-08-09 22:56:28.7978925] [Lua] [PalworldKeymapCenter] LoadMapPre: abandoned old-world Lua references without touching tearing-down UObjects
[2026-08-09 22:56:28.8495469] [Lua] [Inventory Menu Optimizer] Could not register the exact Item Retrieval Machine post-hook: Was unable to register a hook with Lua function 'RegisterHook', information:
FunctionName: /Game/Pal/Blueprint/UI/UserInterface/IngameMenu/Chest/WBP_IngameMenu_ItemSearchList.WBP_IngameMenu_ItemSearchList_C:Update Item Stack Info
UFunction::Func: 0x0
ProcessInternal: 0x7ff7bb6a7b00
FUNC_Native: 0

stack traceback:
	[C]: in function 'RegisterHook'
	[C]: in function 'pcall'
	...eMods\UE4SS\Mods\InventoryMenuOptimizer\Scripts\main.lua:754: in upvalue 'ensure_item_search_hook'
	...eMods\UE4SS\Mods\InventoryMenuOptimizer\Scripts\main.lua:1112: in function <...eMods\UE4SS\Mods\InventoryMenuOptimizer\Scripts\main.lua:1104>
[2026-08-09 22:56:28.8496298] [Lua] [Inventory Menu Optimizer] The exact Item Retrieval class event did not expose its owned update hook yet; only Item Retrieval remains stock and this exact event notification stays armed.
[2026-08-09 22:56:28.9297152] [Lua] [BPModLoaderMod] Loading mod: PalScUI
[2026-08-09 22:56:28.9398005] [Lua] [BPModLoaderMod] Executing 'PostBeginPlay' for mod 'ModActor_C /Game/Pal/Maps/Login/PL_Login.PL_Login:PersistentLevel.ModActor_C_2147481284'
[2026-08-09 22:56:28.9399569] [Lua] [BPModLoaderMod] Actor: ModActor_C /Game/Pal/Maps/Login/PL_Login.PL_Login:PersistentLevel.ModActor_C_2147481284
[2026-08-09 22:56:28.9399877] [Lua] [BPModLoaderMod] Loading mod: FastTravelFromAnywhere
[2026-08-09 22:56:28.9841670] [Lua] [BPModLoaderMod] Actor: ModActor_C /Game/Pal/Maps/Login/PL_Login.PL_Login:PersistentLevel.ModActor_C_2147480777
[2026-08-09 22:56:28.9842890] [Lua] [BPModLoaderMod] Loading mod: BetterSearchBlueprintBeta
[2026-08-09 22:56:28.9959495] [Lua] [BetterSearch] P22_MANAGER_PRIMARY source=notify-on-new-object; actor=1712803646784; world=1713105883808; primary=1712803646784; role=primary; epoch=1; duplicate_count=0; election_count=1; write_ok=true; write_error=nil; retained=false
[2026-08-09 22:56:28.9961340] [Lua] [BPModLoaderMod] Actor: ModActor_C /Game/Pal/Maps/Login/PL_Login.PL_Login:PersistentLevel.ModActor_C_2147480776
[2026-08-09 22:56:28.9961683] [Lua] [BPModLoaderMod] Loading mod: PalAnalyzer
[2026-08-09 22:56:29.0052350] [Lua] [BPModLoaderMod] Executing 'PostBeginPlay' for mod 'ModActor_C /Game/Pal/Maps/Login/PL_Login.PL_Login:PersistentLevel.ModActor_C_2147480775'
[2026-08-09 22:56:29.0053565] [Lua] [BPModLoaderMod] Actor: ModActor_C /Game/Pal/Maps/Login/PL_Login.PL_Login:PersistentLevel.ModActor_C_2147480775
[2026-08-09 22:56:29.0053860] [Lua] [BPModLoaderMod] Loading mod: Pal Expedition Station Unlock - No Type - No Time_P
[2026-08-09 22:56:29.0055033] [Lua] [BPModLoaderMod] ModClass for 'Pal Expedition Station Unlock - No Type - No Time_P' is not valid
ObjectPath: 
PackageName: /Game/Mods/Pal Expedition Station Unlock - No Type - No Time_P/ModActor
AssetName: ModActor_C
[2026-08-09 22:56:30.6039785] [FCallbackGarbageCollector] Freed invalid callbacks!
[2026-08-09 22:56:30.6152789] [Lua] [PalworldKeymapCenter] LoadMapPre: abandoned old-world Lua references without touching tearing-down UObjects
[2026-08-09 22:56:30.6720383] [Lua] [BPModLoaderMod] Loading mod: PalScUI
[2026-08-09 22:56:30.7579535] [Lua] [BetterSearch] fail-open diagnostic (register_global_filter_hook): ...Mods\NativeMods\UE4SS\Mods\BetterSearch\Scripts\main.lua:4811: Was unable to register a hook with Lua function 'RegisterHook', information:
FunctionName: /Game/Pal/Blueprint/UI/UserInterface/Common/WBP_GlobalBoxPalList.WBP_GlobalBoxPalList_C:UpdateSlotFiltering
UFunction::Func: 0x0
ProcessInternal: 0x7ff7bb6a7b00
FUNC_Native: 0

stack traceback:
	[C]: in function 'RegisterHook'
	...Mods\NativeMods\UE4SS\Mods\BetterSearch\Scripts\main.lua:4811: in function <...Mods\NativeMods\UE4SS\Mods\BetterSearch\Scripts\main.lua:4810>
	[C]: in function 'pcall'
	...Mods\NativeMods\UE4SS\Mods\BetterSearch\Scripts\main.lua:4810: in upvalue 'register_lifecycle_hook'
	...ds/UE4SS/Mods/BetterSearch/Scripts/global_match_page.lua:294: in function <...ds/UE4SS/Mods/BetterSearch/Scripts/global_match_page.lua:293>
	(...tail calls...)
[2026-08-09 22:56:30.7692952] [Lua] [BetterSearch] fail-open diagnostic (register_global_search_close_hook): ...Mods\NativeMods\UE4SS\Mods\BetterSearch\Scripts\main.lua:4811: Was unable to register a hook with Lua function 'RegisterHook', information:
FunctionName: /Game/Pal/Blueprint/UI/UserInterface/Common/WBP_GlobalBoxPalList.WBP_GlobalBoxPalList_C:OnClosedSearchWindow
UFunction::Func: 0x0
ProcessInternal: 0x7ff7bb6a7b00
FUNC_Native: 0

stack traceback:
	[C]: in function 'RegisterHook'
	...Mods\NativeMods\UE4SS\Mods\BetterSearch\Scripts\main.lua:4811: in function <...Mods\NativeMods\UE4SS\Mods\BetterSearch\Scripts\main.lua:4810>
	[C]: in function 'pcall'
	...Mods\NativeMods\UE4SS\Mods\BetterSearch\Scripts\main.lua:4810: in upvalue 'register_lifecycle_hook'
	...ds/UE4SS/Mods/BetterSearch/Scripts/global_match_page.lua:300: in function <...ds/UE4SS/Mods/BetterSearch/Scripts/global_match_page.lua:293>
	(...tail calls...)
[2026-08-09 22:56:30.7811125] [Lua] [BetterSearch] fail-open diagnostic (register_global_page_hook): ...Mods\NativeMods\UE4SS\Mods\BetterSearch\Scripts\main.lua:4811: Was unable to register a hook with Lua function 'RegisterHook', information:
FunctionName: /Game/Pal/Blueprint/UI/UserInterface/Common/WBP_GlobalBoxPalList.WBP_GlobalBoxPalList_C:BndEvt__WBP_GlobalBoxPalList_WBP_BoxPalListBase_K2Node_ComponentBoundEvent_3_OnUpdatedPage__DelegateSignature
UFunction::Func: 0x0
ProcessInternal: 0x7ff7bb6a7b00
FUNC_Native: 0

stack traceback:
	[C]: in function 'RegisterHook'
	...Mods\NativeMods\UE4SS\Mods\BetterSearch\Scripts\main.lua:4811: in function <...Mods\NativeMods\UE4SS\Mods\BetterSearch\Scripts\main.lua:4810>
	[C]: in function 'pcall'
	...Mods\NativeMods\UE4SS\Mods\BetterSearch\Scripts\main.lua:4810: in upvalue 'register_lifecycle_hook'
	...ds/UE4SS/Mods/BetterSearch/Scripts/global_match_page.lua:306: in function <...ds/UE4SS/Mods/BetterSearch/Scripts/global_match_page.lua:293>
	(...tail calls...)
[2026-08-09 22:56:30.8286669] [Lua] [BPModLoaderMod] Executing 'PostBeginPlay' for mod 'ModActor_C /Game/Pal/Maps/Title/PL_Title.PL_Title:PersistentLevel.ModActor_C_2147480631'
[2026-08-09 22:56:30.8287853] [Lua] [BPModLoaderMod] Actor: ModActor_C /Game/Pal/Maps/Title/PL_Title.PL_Title:PersistentLevel.ModActor_C_2147480631
[2026-08-09 22:56:30.8288204] [Lua] [BPModLoaderMod] Loading mod: FastTravelFromAnywhere
[2026-08-09 22:56:30.8711756] [Lua] [BPModLoaderMod] Actor: ModActor_C /Game/Pal/Maps/Title/PL_Title.PL_Title:PersistentLevel.ModActor_C_2147480124
[2026-08-09 22:56:30.8712872] [Lua] [BPModLoaderMod] Loading mod: BetterSearchBlueprintBeta
[2026-08-09 22:56:30.8836142] [Lua] [BetterSearch] P22_MANAGER_PRIMARY source=notify-on-new-object; actor=1712869100928; world=1712524003680; primary=1712869100928; role=primary; epoch=1; duplicate_count=0; election_count=1; write_ok=true; write_error=nil; retained=false
[2026-08-09 22:56:30.8838065] [Lua] [BPModLoaderMod] Actor: ModActor_C /Game/Pal/Maps/Title/PL_Title.PL_Title:PersistentLevel.ModActor_C_2147480123
[2026-08-09 22:56:30.8838466] [Lua] [BPModLoaderMod] Loading mod: PalAnalyzer
[2026-08-09 22:56:30.8913856] [Lua] [BPModLoaderMod] Executing 'PostBeginPlay' for mod 'ModActor_C /Game/Pal/Maps/Title/PL_Title.PL_Title:PersistentLevel.ModActor_C_2147480122'
[2026-08-09 22:56:30.8914751] [Lua] [BPModLoaderMod] Actor: ModActor_C /Game/Pal/Maps/Title/PL_Title.PL_Title:PersistentLevel.ModActor_C_2147480122
[2026-08-09 22:56:30.8915045] [Lua] [BPModLoaderMod] Loading mod: Pal Expedition Station Unlock - No Type - No Time_P
[2026-08-09 22:56:30.8916184] [Lua] [BPModLoaderMod] ModClass for 'Pal Expedition Station Unlock - No Type - No Time_P' is not valid
ObjectPath: 
PackageName: /Game/Mods/Pal Expedition Station Unlock - No Type - No Time_P/ModActor
AssetName: ModActor_C
[2026-08-09 22:56:35.0071529] [Lua] [PalStuckDiagnostic] net-mode undetermined after grace; proceeding as server (pal-based check still catches a client)[2026-08-09 22:56:35.0072489] [NotifyOnNewObject] Registered notification for /Script/Pal.PalCharacter
[2026-08-09 22:56:35.0072779] [NotifyOnNewObject] Registered notification for /Script/Pal.PalBaseCampModel
[2026-08-09 22:56:35.0073061] [Lua] [PalStuckDiagnostic] event-driven cache updates active (NotifyOnNewObject bound)[2026-08-09 22:56:35.0332148] [Lua] [PalStuckDiagnostic] direct worker iteration unavailable: handle->pal map is empty (FindAllOf returned no pals) (falling back to throttled FindAllOf, once per 30s)[2026-08-09 22:57:13.3288884] [Lua] [PalworldKeymapCenter] LoadMapPre: abandoned old-world Lua references without touching tearing-down UObjects
[2026-08-09 22:57:15.6880619] [Lua] [Inventory Menu Optimizer] Could not register the exact player inventory Setup post-hook from its owning class event: Was unable to register a hook with Lua function 'RegisterHook', information:
FunctionName: /Game/Pal/Blueprint/UI/Inventory/WBP_PalPlayerInventoryScrollList.WBP_PalPlayerInventoryScrollList_C:Setup
UFunction::Func: 0x0
ProcessInternal: 0x7ff7bb6a7b00
FUNC_Native: 0

stack traceback:
	[C]: in function 'RegisterHook'
	[C]: in function 'pcall'
	...eMods\UE4SS\Mods\InventoryMenuOptimizer\Scripts\main.lua:772: in upvalue 'ensure_player_scroll_hook'
	...eMods\UE4SS\Mods\InventoryMenuOptimizer\Scripts\main.lua:995: in function <...eMods\UE4SS\Mods\InventoryMenuOptimizer\Scripts\main.lua:987>
[2026-08-09 22:57:15.6881577] [Lua] [Inventory Menu Optimizer] The exact player-scroll class event did not expose its own Setup hook yet; shared staging remains stock and this exact event notification stays armed.
[2026-08-09 22:57:16.0497333] [Inventory Menu Optimizer] Optimized the stock Easy Bulk list traversal, including nested inventory blocks, without changing slot or transfer state.
[2026-08-09 22:57:16.0503304] [Inventory Menu Optimizer] Activated Easy Bulk; shared inventory/storage slot staging remains stock and no idle readiness work was registered.
[2026-08-09 22:57:16.0597654] [Lua] [Inventory Menu Optimizer] Easy Bulk activated independently from the exact inventory-equipment class event; shared inventory/storage staging is still waiting for its own class events and no idle readiness worker is active.
[2026-08-09 22:57:16.6565961] [Lua] [ExpandedPalBox256] Successfully set PalBox pages to 256 (7680 slots total)
[2026-08-09 22:57:16.6600458] [RegisterHook] Registered script hook (57, 57) for Function /Game/Pal/Blueprint/Component/OtomoHolder/BP_OtomoPalHolderComponent.BP_OtomoPalHolderComponent_C:ActivateOtomo
[2026-08-09 22:57:16.6632613] [RegisterHook] Registered script hook (58, 58) for Function /Game/Pal/Blueprint/Component/OtomoHolder/BP_OtomoPalHolderComponent.BP_OtomoPalHolderComponent_C:InactivateCurrentOtomo
[2026-08-09 22:57:16.6695441] [RegisterHook] Registered script hook (59, 59) for Function /Game/Mods/PalScUI/SimpleCmd.SimpleCmd_C:ReceiveBeginPlay
[2026-08-09 22:57:16.6751580] [RegisterHook] Registered script hook (60, 60) for Function /Game/Mods/PalScUI/UI/WazaItem.WazaItem_C:AddWaza
[2026-08-09 22:57:16.6805764] [RegisterHook] Registered script hook (61, 61) for Function /Game/Mods/PalScUI/UI/PskItem.PskItem_C:AddPsk
[2026-08-09 22:57:16.6852844] [RegisterHook] Registered script hook (62, 62) for Function /Game/Mods/PalScUI/UI/MYWaza.MYWaza_C:DeleteWaza
[2026-08-09 22:57:16.6904239] [RegisterHook] Registered script hook (63, 63) for Function /Game/Mods/PalScUI/UI/MyPsk.MyPsk_C:DeletePsk
[2026-08-09 22:57:16.6922592] [RegisterHook] Registered script hook (64, 64) for Function /Game/Pal/Blueprint/Controller/AIAction/Otomo/BP_AIAction_OtomoFollow.BP_AIAction_OtomoFollow_C:SetInitialValue
[2026-08-09 22:57:16.6941242] [RegisterHook] Registered script hook (65, 65) for Function /Game/Pal/Blueprint/Controller/AIAction/Otomo/BP_AIAction_OtomoFollow.BP_AIAction_OtomoFollow_C:SetInitialValue
[2026-08-09 22:57:16.6993044] [RegisterHook] Registered script hook (66, 66) for Function /Game/Mods/PalScUI/SCUI.SCUI_C:Event_SC
[2026-08-09 22:57:16.7118929] [Lua] [ExpandedPalBox256] Successfully set PalBox pages to 256 (7680 slots total)
[2026-08-09 22:57:17.4249639] [Lua] [PalStuckDiagnostic] event: new PalBaseCampModel appeared[2026-08-09 22:57:17.4254995] [Lua] [PalStuckDiagnostic] event: new PalBaseCampModel appeared[2026-08-09 22:57:17.4257618] [Lua] [PalStuckDiagnostic] event: new PalBaseCampModel appeared[2026-08-09 22:57:17.4258818] [Lua] [PalStuckDiagnostic] event: new PalBaseCampModel appeared[2026-08-09 22:57:17.4260388] [Lua] [PalStuckDiagnostic] event: new PalBaseCampModel appeared[2026-08-09 22:57:17.4261873] [Lua] [PalStuckDiagnostic] event: new PalBaseCampModel appeared[2026-08-09 22:57:17.4263274] [Lua] [PalStuckDiagnostic] event: new PalBaseCampModel appeared[2026-08-09 22:57:17.4264576] [Lua] [PalStuckDiagnostic] event: new PalBaseCampModel appeared[2026-08-09 22:57:17.4266424] [Lua] [PalStuckDiagnostic] event: new PalBaseCampModel appeared[2026-08-09 22:57:17.4268230] [Lua] [PalStuckDiagnostic] event: new PalBaseCampModel appeared[2026-08-09 22:57:17.5845803] [Lua] [CreativeMenu] CreativeMenu 1.2.4 by Okaetsu loaded.
[2026-08-09 22:57:18.5668745] [RegisterHook] Registered script hook (67, 67) for Function /Game/Pal/Blueprint/UI/UserInterface/IngameMenu/Chest/WBP_IngameMenu_ItemSearchList.WBP_IngameMenu_ItemSearchList_C:Update Item Stack Info
[2026-08-09 22:57:18.5671829] [Lua] [Inventory Menu Optimizer] Scoped Item Retrieval Machine synchronization hook is registered; activation still depends on shared deferred slots.
[2026-08-09 22:57:18.5672790] [Lua] [Inventory Menu Optimizer] The Item Retrieval hook is ready, but shared deferred slots are inactive; Item Retrieval remains stock without disabling another capability.
[2026-08-09 22:57:18.6420557] [RegisterHook] Registered script hook (68, 68) for Function /Game/Pal/Blueprint/UI/Inventory/WBP_PalPlayerInventoryScrollList.WBP_PalPlayerInventoryScrollList_C:Setup
[2026-08-09 22:57:18.6421571] [Lua] [Inventory Menu Optimizer] Registered the player inventory Setup hook from its owning player-scroll class event.
[2026-08-09 22:57:18.6810831] [RegisterHook] Registered script hook (69, 69) for Function /Game/Pal/Blueprint/UI/UserInterface/IngameMenu/PalBox/WBP_IngameMenu_PalBoxLockerList.WBP_IngameMenu_PalBoxLockerList_C:UpdateSlotFiltering
[2026-08-09 22:57:18.6954640] [RegisterHook] Registered script hook (70, 70) for Function /Game/Pal/Blueprint/UI/UserInterface/IngameMenu/PalBox/WBP_IngameMenu_PalBoxLockerList.WBP_IngameMenu_PalBoxLockerList_C:OnClosedSearchWindow
[2026-08-09 22:57:18.6956364] [Lua] [BetterSearch] BS140_DIMENSION_SUPPORT_READY filter=exact-locker-list-update-slot-filtering; context=exact-locker-list-search-closed-self; page_control=self-owned; manager=current-same-world; scan=false; timer=false; hierarchy_traversal=false; forced_destroy=false; lua_retained_uobject=false
[2026-08-09 22:57:22.1244017] [Lua] [BPModLoaderMod] Loading mod: PalScUI
[2026-08-09 22:57:22.1375942] [Lua] [BPModLoaderMod] Executing 'PostBeginPlay' for mod 'ModActor_C /Game/Pal/Maps/MainWorld_5/PL_MainWorld5.PL_MainWorld5:PersistentLevel.ModActor_C_2147390738'
[2026-08-09 22:57:22.1376864] [Lua] [BPModLoaderMod] Actor: ModActor_C /Game/Pal/Maps/MainWorld_5/PL_MainWorld5.PL_MainWorld5:PersistentLevel.ModActor_C_2147390738
[2026-08-09 22:57:22.1377158] [Lua] [BPModLoaderMod] Loading mod: FastTravelFromAnywhere
[2026-08-09 22:57:22.1392527] [Lua] [BPModLoaderMod] Actor: ModActor_C /Game/Pal/Maps/MainWorld_5/PL_MainWorld5.PL_MainWorld5:PersistentLevel.ModActor_C_2147390231
[2026-08-09 22:57:22.1392976] [Lua] [BPModLoaderMod] Loading mod: BetterSearchBlueprintBeta
[2026-08-09 22:57:22.1425575] [Lua] [BetterSearch] P22_MANAGER_PRIMARY source=notify-on-new-object; actor=1714825889504; world=1712898712832; primary=1714825889504; role=primary; epoch=1; duplicate_count=0; election_count=1; write_ok=true; write_error=nil; retained=false
[2026-08-09 22:57:22.1426833] [Lua] [BPModLoaderMod] Actor: ModActor_C /Game/Pal/Maps/MainWorld_5/PL_MainWorld5.PL_MainWorld5:PersistentLevel.ModActor_C_2147390230
[2026-08-09 22:57:22.1427159] [Lua] [BPModLoaderMod] Loading mod: PalAnalyzer
[2026-08-09 22:57:22.1499501] [Lua] [BPModLoaderMod] Executing 'PostBeginPlay' for mod 'ModActor_C /Game/Pal/Maps/MainWorld_5/PL_MainWorld5.PL_MainWorld5:PersistentLevel.ModActor_C_2147390229'
[2026-08-09 22:57:22.1533990] [Lua] [PalAnalyzer] Loading configs
[2026-08-09 22:57:22.1595202] [Lua] [BPModLoaderMod] Actor: ModActor_C /Game/Pal/Maps/MainWorld_5/PL_MainWorld5.PL_MainWorld5:PersistentLevel.ModActor_C_2147390229
[2026-08-09 22:57:22.1596070] [Lua] [BPModLoaderMod] Loading mod: Pal Expedition Station Unlock - No Type - No Time_P
[2026-08-09 22:57:22.1599471] [Lua] [BPModLoaderMod] ModClass for 'Pal Expedition Station Unlock - No Type - No Time_P' is not valid
ObjectPath: 
PackageName: /Game/Mods/Pal Expedition Station Unlock - No Type - No Time_P/ModActor
AssetName: ModActor_C
[2026-08-09 22:57:22.4330715] [Lua] [BaseCampNoOverweight] ERROR: local inventory is not available yet
[2026-08-09 22:57:22.4574800] [Lua] [AlwaysWinFishingLua] patched object=BP_PalFishingSystem_C /Game/Pal/Maps/MainWorld_5/PL_MainWorld5.PL_MainWorld5:BP_PalFishingSystem_C_2147479814[2026-08-09 22:57:24.4658868] [Lua] [BaseCampNoOverweight] periodic: inside_base=false
[2026-08-09 22:57:25.0976179] [Lua] [FullSphereSummon][DISPATCH][EVENT] Runtime mode detection: raw=Standalone normalized=standalone authority=true
[2026-08-09 22:57:25.1020979] [Lua] [FullSphereSummon][ESSENTIAL][2] config.txt loaded: 30 setting(s) applied over built-in defaults.
[2026-08-09 22:57:25.1022720] [Lua] [FullSphereSummon][DISPATCH][ESSENTIAL] Activating standalone backend | mode=standalone | GetNetMode=Standalone | authority=true | player=BP_Player_Female_C /Game/Pal/Maps/MainWorld_5/PL_MainWorld5.PL_MainWorld5:PersistentLevel.BP_Player_Female_C_2147479241
[2026-08-09 22:57:25.1162641] Asset loaded
[2026-08-09 22:57:25.1163345] Asset loaded
[2026-08-09 22:57:25.1179248] Asset was found but not loaded, could be a package
[2026-08-09 22:57:25.1299795] [RegisterHook] Registered script hook (71, 71) for Function /Game/Pal/Blueprint/Controller/BP_PalPlayerController.BP_PalPlayerController_C:ReceiveTick
[2026-08-09 22:57:25.1394643] [RegisterHook] Registered script hook (72, 72) for Function /Game/Pal/Blueprint/Controller/BP_PalPlayerController.BP_PalPlayerController_C:ReceiveTick
[2026-08-09 22:57:25.1419387] [RegisterHook] Registered script hook (73, 73) for Function /Game/Pal/Blueprint/Weapon/BP_ThrowWeaponBase.BP_ThrowWeaponBase_C:On Throw
[2026-08-09 22:57:25.1424297] [RegisterHook] Registered native hook (74, 75) for Function /Script/Pal.PalPlayerInput:OnChangeKeyConfig
[2026-08-09 22:57:25.1428677] [RegisterHook] Registered native hook (76, 77) for Function /Script/Pal.PalOtomoHolderComponentBase:OnChangeOtomoActive
[2026-08-09 22:57:25.1433212] [RegisterHook] Registered native hook (78, 79) for Function /Script/Pal.PalShooterComponent:ChangeIsShooting_ToServer
[2026-08-09 22:57:25.1436429] [RegisterHook] Registered native hook (80, 81) for Function /Script/Pal.PalPlayerController:ShooterComponent_ChangeIsShooting_ToServer
[2026-08-09 22:57:25.1468734] [RegisterHook] Registered script hook (82, 82) for Function /Game/Pal/Blueprint/Action/Palmi/BP_ActionSpawnOtomoPal.BP_ActionSpawnOtomoPal_C:OnBeginAction
[2026-08-09 22:57:25.1498646] [RegisterHook] Registered script hook (83, 83) for Function /Game/Pal/Blueprint/Action/Palmi/BP_ActionSpawnOtomoPal.BP_ActionSpawnOtomoPal_C:OnEndAction
[2026-08-09 22:57:25.1499222] [Lua] [FullSphereSummon][ESSENTIAL][2] Instant-mount chord enabled; inverse order uses remap-aware keyboard callbacks and an Xbox/XInput edge query only while gamepad Summon is held.
[2026-08-09 22:57:25.1499463] [Lua] [FullSphereSummon][ESSENTIAL][2] Hooks Registered for Session 1
[2026-08-09 22:57:25.1733566] [RegisterHook] Registered script hook (84, 84) for Function /Game/Pal/Blueprint/Weapon/Bullet/BP_ThrowPal_ThrowObject.BP_ThrowPal_ThrowObject_C:OnHit
[2026-08-09 22:57:25.1734537] [Lua] [FullSphereSummon][ESSENTIAL][2] Projectile OnHit hook registered.
[2026-08-09 22:57:25.1737589] [Lua] [FullSphereSummon][ESSENTIAL][2] Mod Initialized and Ready.
[2026-08-09 22:57:25.1738023] [Lua] [FullSphereSummon][ESSENTIAL][2] Version: 0.8.5 (standalone)
[2026-08-09 22:57:26.5784070] [Lua] [BaseCampNoOverweight] periodic: max-weight override enabled, original=3100.00, stored=10000000000.00, effective=10000000000.00, current=507.46
[2026-08-09 22:57:26.5785395] [Lua] [BaseCampNoOverweight] periodic: inside_base=true
[2026-08-09 22:57:26.8403721] [Lua] [ExpandedPalBox256] Updated PlayerDataPalStorage to 256 pages.
[2026-08-09 22:57:26.8459965] [Lua] [ExpandedPalBox256] Updated PlayerDataPalStorage to 256 pages.
[2026-08-09 22:57:27.8048163] Asset loaded
[2026-08-09 22:57:27.8049634] [Lua] [FullSphereSummon][ESSENTIAL][2] Impact effect cached: NS_CriticalCatch
[2026-08-09 22:57:27.8050629] Asset loaded
[2026-08-09 22:57:27.8051084] [Lua] [FullSphereSummon][ESSENTIAL][2] Impact sound event cached: AKE_Player_Sphere_HitPal_Bounced
[2026-08-09 22:57:28.5741233] [Lua] [BaseCampNoOverweight] periodic: max-weight override enabled, original=3100.00, stored=10000000000.00, effective=10000000000.00, current=507.46
[2026-08-09 22:58:35.2546922] [Lua] [PalStuckDiagnostic] ready (42 base workers tracked)[2026-08-09 22:59:01.5897880] [RegisterHook] Registered script hook (85, 85) for Function /Game/Pal/Blueprint/UI/Inventory/WBP_PalItemListBlock.WBP_PalItemListBlock_C:EditCreatedSlotWidget
[2026-08-09 22:59:01.6010779] [RegisterHook] Registered script hook (86, 86) for Function /Game/Pal/Blueprint/UI/Inventory/WBP_PalItemListBlock.WBP_PalItemListBlock_C:Add Item Container
[2026-08-09 22:59:01.6011612] [Lua] [Inventory Menu Optimizer] Registered both shared item-list hooks from their owning class event.
[2026-08-09 22:59:02.7917388] [Inventory Menu Optimizer] An owned Easy Bulk byte changed before reactivation; no unknown byte was overwritten.
[2026-08-09 22:59:02.7918111] [Inventory Menu Optimizer] The complete Easy Bulk contract was unavailable; only Easy Bulk remains on stock behavior.
[2026-08-09 22:59:02.7923968] [Inventory Menu Optimizer] Activated shared inventory/storage slot staging; Easy Bulk remains stock and no idle readiness work was registered.
[2026-08-09 22:59:02.8016466] [Lua] [Inventory Menu Optimizer] Shared inventory/storage deferred-slot staging activated from the exact player-scroll/item-list readiness events (64 slots/frame, 5.0 ms budget). Easy Bulk status: stock; no idle readiness worker is active.
[2026-08-09 22:59:02.8017021] [Lua] [Inventory Menu Optimizer] Item Retrieval Machine synchronization is active for this lifecycle.
[2026-08-09 22:59:05.0143958] [Lua] [Inventory Menu Optimizer] Configured 133 deferred player widgets before input; final safety repairs: 4.
[2026-08-09 22:59:05.0144860] [Lua] [Inventory Menu Optimizer] Built 137 deferred stock slots for one inventory block.
[2026-08-09 22:59:07.8811219] [Lua] [Inventory Menu Optimizer] Built 431 deferred stock slots for one inventory block.
[2026-08-09 22:59:08.2276815] [Lua] [Inventory Menu Optimizer] Configured 126 deferred player widgets before input; final safety repairs: 11.
[2026-08-09 22:59:08.2280177] [Lua] [Inventory Menu Optimizer] Built 137 deferred stock slots for one inventory block.
[2026-08-09 22:59:10.8437240] [Lua] [BaseCampNoOverweight] periodic: max-weight override enabled, original=3100.00, stored=10000000000.00, effective=10000000000.00, current=507.46
[2026-08-09 22:59:15.0405210] [Lua] [Inventory Menu Optimizer] Synchronized 266 Item Retrieval Machine inventory slots in one pass and skipped the redundant stock loop.
[2026-08-09 22:59:16.8726358] [Lua] [Inventory Menu Optimizer] Deferred machine synchronization will retry on the next model update (...eMods\UE4SS\Mods\InventoryMenuOptimizer\Scripts\main.lua:509: dispenser model is unavailable).
[2026-08-09 22:59:16.8727286] [Lua] [Inventory Menu Optimizer] Configured 137 deferred player widgets before input; final safety repairs: 0.
[2026-08-09 22:59:16.8727513] [Lua] [Inventory Menu Optimizer] Built 137 deferred stock slots for one inventory block.
[2026-08-09 22:59:17.6483885] [Lua] [Inventory Menu Optimizer] Synchronized 266 Item Retrieval Machine inventory slots in one pass.
[2026-08-09 22:59:19.9788191] [Lua] [Inventory Menu Optimizer] Synchronized 403 Item Retrieval Machine inventory slots in one pass.
[2026-08-09 22:59:19.9789208] [Lua] [Inventory Menu Optimizer] Configured 137 deferred player widgets before input; final safety repairs: 0.
[2026-08-09 22:59:19.9789493] [Lua] [Inventory Menu Optimizer] Built 137 deferred stock slots for one inventory block.
