[2026-08-09 10:27:54.5868616] Console created
[2026-08-09 10:27:54.5985011] UE4SS - v3.0.1 Beta #0 - Git SHA #c838a8ac
[2026-08-09 10:27:54.5985781] Timezone: Asia/Shanghai
[2026-08-09 10:27:54.5986365] UE4SS Build Configuration: Game__Shipping__Win64 (MSVC)
[2026-08-09 10:27:54.6020472] Setting up mods...
[2026-08-09 10:27:54.6021828] Loading mods from: E:\steam\steamapps\common\Palworld\Mods\NativeMods\UE4SS\Mods
[2026-08-09 10:27:54.6279493] Starting mods (from mods.txt (E:\steam\steamapps\common\Palworld\Mods\NativeMods\UE4SS\Mods\mods.txt) load order)...
[2026-08-09 10:27:54.6290507] Starting C++ mod 'PalSchema'
[2026-08-09 10:27:54.6412119] [PalSchema] Config loaded.
[2026-08-09 10:27:54.7280755] [PalSchema] Found UBlueprintGeneratedClass::PostLoadDefaultObject: 0x7ff66b8f16b0
[2026-08-09 10:27:54.9026091] [PalSchema] Found UDataTable::Serialize: 0x7ff66ba64700
[2026-08-09 10:27:54.9667953] [PalSchema] Found UWorld::CleanupWorld: 0x7ff66c1034e0
[2026-08-09 10:27:54.9831153] [PalSchema] Found AGameModeBase::InitGameState: 0x7ff66baeeb60
[2026-08-09 10:27:55.1882757] [PalSchema] Found FName::ToString_Wchar: 0x7ff669d54c70
[2026-08-09 10:27:55.2345717] [PalSchema] Found UClass::GetDefaultObject: 0x7ff66812fc80
[2026-08-09 10:27:55.4415235] [PalSchema] Found UPalDynamicItemWorldSubsystem::Create_ServerInternal: 0x7ff669723cd0
[2026-08-09 10:27:55.4416312] [PalSchema] Found UPalDynamicItemWorldSubsystem::ApplyWorldSaveData: 0x7ff66971d208
[2026-08-09 10:27:55.4521957] [PalSchema] Found ValidateDynamicItemSaveData: 0x7ff66973b150
[2026-08-09 10:27:55.5408555] [PalSchema] Found UPalItemSlot::UpdateItem_ServerInternal: 0x7ff6698374a0
[2026-08-09 10:27:55.5409973] [PalSchema] Found UPalItemContainer::ApplySaveData: 0x7ff66980e12e
[2026-08-09 10:27:55.7789441] [PalSchema] Found ValidateWorldSaveDynamicItemStaticIds: 0x7ff669a92100
[2026-08-09 10:27:55.8493777] [PalSchema] Found GetObjectsOfClass: 0x7ff669ef3850
[2026-08-09 10:27:55.9095066] [PalSchema] Found AsyncTask: 0x7ff669c099d0
[2026-08-09 10:27:56.0070571] [PalSchema] Found FMemory::Free: 0x7ff669c57900
[2026-08-09 10:27:56.0211362] [PalSchema] Found FName::Constructor: 0x7ff669d43820
[2026-08-09 10:27:56.0805814] [PalSchema] Found UStruct::StaticLink: 0x7ff669e00720
[2026-08-09 10:27:56.0841921] [PalSchema] Found UClass::AssembleReferenceTokenStream: 0x7ff669e0cd40
[2026-08-09 10:27:56.1307651] [PalSchema] Found FFieldClass::GetNameToFieldClassMap: 0x7ff669e185d0
[2026-08-09 10:27:56.1417548] [PalSchema] Found UObjectGlobals::StaticFindObject: 0x7ff669eeab40
[2026-08-09 10:27:56.3400275] [PalSchema] Found FField::IsA: 0x7ff667a3cf50
[2026-08-09 10:27:56.3528963] [PalSchema] Found FPakPlatformFile::GetPakFolders: 0x7ff66b63bd10
[2026-08-09 10:27:56.5111400] [PalSchema] PalSchema v0.6.1 by Okaetsu loaded.
[2026-08-09 10:27:56.5112498] Starting C++ mod 'StutterFixPack'
[2026-08-09 10:27:56.5113250] Starting C++ mod 'InventoryMenuOptimizer'
[2026-08-09 10:27:56.5118571] Starting mods (from enabled.txt (E:\steam\steamapps\common\Palworld\Mods\NativeMods\UE4SS\Mods), no defined load order)...
[2026-08-09 10:27:56.5122358] Mod 'BasePalSpawnImprovements' has enabled.txt, starting mod.
[2026-08-09 10:27:56.5127147] Mod 'CaptureBosses' has enabled.txt, starting mod.
[2026-08-09 10:27:56.5127789] CaptureBosses by yakuzadeso
[2026-08-09 10:27:56.5129790] Mod 'PalAnalyzerCN' has enabled.txt, starting mod.
[2026-08-09 10:27:56.5130260] [PalAnalyzerCN] start_mod called
[2026-08-09 10:27:56.5130565] [PalAnalyzerCN] constructed
[2026-08-09 10:27:56.5132154] No specific game configuration found, using default configuration file
[2026-08-09 10:27:56.5132415] Config: E:\steam\steamapps\common\Palworld\Mods\NativeMods\UE4SS\UE4SS-settings.ini

[2026-08-09 10:27:56.5132634] root directory: E:\steam\steamapps\common\Palworld\Mods\NativeMods\UE4SS
[2026-08-09 10:27:56.5132849] working directory: E:\steam\steamapps\common\Palworld\Mods\NativeMods\UE4SS
[2026-08-09 10:27:56.5133064] game executable directory: E:\steam\steamapps\common\Palworld\Pal\Binaries\Win64
[2026-08-09 10:27:56.5133375] game executable: E:\steam\steamapps\common\Palworld\Pal\Binaries\Win64\Palworld-Win64-Shipping.exe (161359872 bytes)


[2026-08-09 10:27:56.5134205] mods directories: 
[2026-08-09 10:27:56.5134458] [0] E:\steam\steamapps\common\Palworld\Mods\NativeMods\UE4SS\Mods
[2026-08-09 10:27:56.5134669] 
[2026-08-09 10:27:56.5134879] log directory: E:\steam\steamapps\common\Palworld\Mods\NativeMods\UE4SS
[2026-08-09 10:27:56.5135152] object dumper directory: E:\steam\steamapps\common\Palworld\Mods\NativeMods\UE4SS


[2026-08-09 10:27:56.5252751] MemberVariableLayout.ini loaded
[2026-08-09 10:27:56.5254088] 
##### MEMBER OFFSETS START (MemberVariableLayout) #####

[2026-08-09 10:27:56.5254489] UObjectBase::bUseSoftwareCursorWidgets = 0x250
[2026-08-09 10:27:56.5254812] UObjectBase::ClassPrivate = 0x10
[2026-08-09 10:27:56.5255152] UObjectBase::ViewportFrame = 0xF0
[2026-08-09 10:27:56.5255453] UObjectBase::MouseLockMode = 0x39C
[2026-08-09 10:27:56.5255751] UObjectBase::bFindCameraComponentWhenViewTarget = 0x5A
[2026-08-09 10:27:56.5256058] UObjectBase::InternalIndex = 0xC
[2026-08-09 10:27:56.5256344] UObjectBase::ObjectFlags = 0x8
[2026-08-09 10:27:56.5256632] UObjectBase::World = 0x78
[2026-08-09 10:27:56.5256923] UObjectBase::ActiveSplitscreenType = 0x70
[2026-08-09 10:27:56.5257251] UObjectBase::OnEndCursorOver = 0x1D6
[2026-08-09 10:27:56.5257641] UObjectBase::CustomTimeDilation = 0x64
[2026-08-09 10:27:56.5257973] UObjectBase::NamePrivate = 0x18
[2026-08-09 10:27:56.5258291] UObjectBase::InitialLifeSpan = 0x60
[2026-08-09 10:27:56.5258597] UObjectBase::AudioDeviceHandle = 0xF8
[2026-08-09 10:27:56.5258906] UObjectBase::bForceNetAddressable = 0x59
[2026-08-09 10:27:56.5259208] UObjectBase::InputPriority = 0x154
[2026-08-09 10:27:56.5259511] UObjectBase::bDisableSplitScreenOverride = 0x398
[2026-08-09 10:27:56.5259813] UObjectBase::Window = 0x100
[2026-08-09 10:27:56.5260114] UObjectBase::OuterPrivate = 0x20
[2026-08-09 10:27:56.5260421] UObjectBase::CurrentBufferVisualizationMode = 0x130
[2026-08-09 10:27:56.5260733] UObjectBase::bSuppressTransitionMessage = 0x88
[2026-08-09 10:27:56.5261033] UObjectBase::CurrentLumenVisualizationMode = 0x140
[2026-08-09 10:27:56.5261320] UObjectBase::CurrentNaniteVisualizationMode = 0x138
[2026-08-09 10:27:56.5261627] UObjectBase::CurrentVirtualShadowMapVisualizationMode = 0x148
[2026-08-09 10:27:56.5261944] UObjectBase::DebugProperties = 0x48
[2026-08-09 10:27:56.5262254] UObjectBase::EngineShowFlags = 0xB8
[2026-08-09 10:27:56.5262557] UObjectBase::AutoReceiveInput = 0x153
[2026-08-09 10:27:56.5262860] UObjectBase::GameLayerManagerPtr = 0x120
[2026-08-09 10:27:56.5263175] UObjectBase::OnClicked = 0x1D7
[2026-08-09 10:27:56.5263476] UObjectBase::OnActorBeginOverlap = 0x1D3
[2026-08-09 10:27:56.5263785] UObjectBase::HighResScreenshotDialog = 0x150
[2026-08-09 10:27:56.5264103] UObjectBase::OnInputTouchEnter = 0x1DB
[2026-08-09 10:27:56.5264432] UObjectBase::bHasAudioFocus = 0xFC
[2026-08-09 10:27:56.5264741] UObjectBase::OnEndPlay = 0x1DF
[2026-08-09 10:27:56.5265035] UObjectBase::ViewportOverlayWidget = 0x110
[2026-08-09 10:27:56.5265341] UObjectBase::MaxSplitscreenPlayers = 0x68
[2026-08-09 10:27:56.5265643] UObjectBase::MouseCaptureMode = 0x39A
[2026-08-09 10:27:56.5265948] UObjectBase::Layers = 0x1A8
[2026-08-09 10:27:56.5266249] UObjectBase::SplitscreenInfo = 0x58
[2026-08-09 10:27:56.5266547] UObjectBase::StatHitchesData = 0x390
[2026-08-09 10:27:56.5266845] UObjectBase::OnBeginCursorOver = 0x1D5
[2026-08-09 10:27:56.5267140] UObjectBase::StatUnitData = 0x388
[2026-08-09 10:27:56.5267425] UObjectBase::ViewModeIndex = 0xB0
[2026-08-09 10:27:56.5267705] UObjectBase::Viewport = 0xE8
[2026-08-09 10:27:56.5267997] UObjectBase::ViewportConsole = 0x40
[2026-08-09 10:27:56.5268295] UObjectBase::bHideCursorDuringCapture = 0x39B
[2026-08-09 10:27:56.5268588] UObjectBase::DetachFence = 0x280
[2026-08-09 10:27:56.5268886] UObjectBase::CreationTime = 0x158
[2026-08-09 10:27:56.5269183] UObjectBase::bIgnoreInput = 0x399
[2026-08-09 10:27:56.5269477] UObjectBase::bActorEnableCollision = 0x5C
[2026-08-09 10:27:56.5269770] UObjectBase::bIsMouseOverClient = 0x39D
[2026-08-09 10:27:56.5270141] UObjectBase::OnInputTouchEnd = 0x1DA
[2026-08-09 10:27:56.5270470] UObjectBase::bHasDeferredComponentRegistration = 0x5C
[2026-08-09 10:27:56.5270765] UObjectBase::AttachmentReplication = 0x70
[2026-08-09 10:27:56.5271050] UObjectBase::DefaultUpdateOverlapsMethodDuringLevelStreaming = 0x5F
[2026-08-09 10:27:56.5271348] UObjectBase::InputComponent = 0x160
[2026-08-09 10:27:56.5271637] UObjectBase::LastRenderTime = 0x17C
[2026-08-09 10:27:56.5271919] UObjectBase::MinNetUpdateFrequency = 0x174
[2026-08-09 10:27:56.5272237] UObjectBase::NetCullDistanceSquared = 0x168
[2026-08-09 10:27:56.5272537] UObjectBase::OnActorEndOverlap = 0x1D4
[2026-08-09 10:27:56.5272835] UObjectBase::NetDormancy = 0x151
[2026-08-09 10:27:56.5273117] UObjectBase::NetDriverName = 0x148
[2026-08-09 10:27:56.5273330] UObjectBase::NetTag = 0x16C
[2026-08-09 10:27:56.5273540] UObjectBase::NetPriority = 0x178
[2026-08-09 10:27:56.5274076] UObjectBase::NetUpdateFrequency = 0x170
[2026-08-09 10:27:56.5274526] UObjectBase::OnActorHit = 0x1DD
[2026-08-09 10:27:56.5274816] UObjectBase::OnDestroyed = 0x1DE
[2026-08-09 10:27:56.5275099] UObjectBase::OnInputTouchBegin = 0x1D9
[2026-08-09 10:27:56.5275386] UObjectBase::OnInputTouchLeave = 0x1DC
[2026-08-09 10:27:56.5275675] UObjectBase::OnReleased = 0x1D8
[2026-08-09 10:27:56.5275965] UObjectBase::OnTakeAnyDamage = 0x1D0
[2026-08-09 10:27:56.5276258] UObjectBase::OnTakePointDamage = 0x1D1
[2026-08-09 10:27:56.5276541] UObjectBase::OnTakeRadialDamage = 0x1D2
[2026-08-09 10:27:56.5276828] UObjectBase::ParentComponent = 0x1B8
[2026-08-09 10:27:56.5277115] UObjectBase::PrimaryActorTick = 0x28
[2026-08-09 10:27:56.5277400] UObjectBase::RayTracingGroupId = 0x6C
[2026-08-09 10:27:56.5277690] UObjectBase::RemoteRole = 0x68
[2026-08-09 10:27:56.5278021] UObjectBase::ReplicatedComponentsInfo = 0x1F0
[2026-08-09 10:27:56.5278324] UObjectBase::ReplicatedMovement = 0xD0
[2026-08-09 10:27:56.5278617] UObjectBase::ReplicatedSubObjects = 0x1E0
[2026-08-09 10:27:56.5278904] UObjectBase::Role = 0x150
[2026-08-09 10:27:56.5279193] UObjectBase::RootComponent = 0x198
[2026-08-09 10:27:56.5279480] UObjectBase::SpawnCollisionHandlingMethod = 0x152
[2026-08-09 10:27:56.5279765] UObjectBase::Tags = 0x1C0
[2026-08-09 10:27:56.5280055] UObjectBase::TimerHandle_LifeSpanExpired = 0x1A0
[2026-08-09 10:27:56.5280347] UObjectBase::UpdateOverlapsMethodDuringLevelStreaming = 0x5E
[2026-08-09 10:27:56.5280655] UObjectBase::InternalIndex_Private = 0xC
[2026-08-09 10:27:56.5280961] UObjectBase::UEP_TotalSize = 0x28
[2026-08-09 10:27:56.5281266] UObjectBase::bShowTitleSafeZone = 0x6C
[2026-08-09 10:27:56.5281560] UObjectBase::bIsPlayInEditorViewport = 0x6C
[2026-08-09 10:27:56.5281877] UObjectBase::bDisableWorldRendering = 0x6C
[2026-08-09 10:27:56.5282153] UObjectBase::HardwareCursorCache = 0x160
[2026-08-09 10:27:56.5282942] UObjectBase::HardwareCursors = 0x1B0
[2026-08-09 10:27:56.5283600] UObjectBase::CursorWidgets = 0x200
[2026-08-09 10:27:56.5283933] UObjectBase::ActorHasBegunPlay = 0x5D
[2026-08-09 10:27:56.5284165] UObjectBase::bNetTemporary = 0x58
[2026-08-09 10:27:56.5284415] UObjectBase::bActorIsBeingConstructed = 0x5D
[2026-08-09 10:27:56.5284745] UObjectBase::bNetStartup = 0x58
[2026-08-09 10:27:56.5285036] UObjectBase::bOnlyRelevantToOwner = 0x58
[2026-08-09 10:27:56.5285321] UObjectBase::bAlwaysRelevant = 0x58
[2026-08-09 10:27:56.5285656] UObjectBase::bReplicateMovement = 0x58
[2026-08-09 10:27:56.5285970] UObjectBase::bCallPreReplication = 0x58
[2026-08-09 10:27:56.5286262] UObjectBase::bCallPreReplicationForReplay = 0x58
[2026-08-09 10:27:56.5286580] UObjectBase::bHidden = 0x58
[2026-08-09 10:27:56.5286870] UObjectBase::bTearOff = 0x59
[2026-08-09 10:27:56.5287163] UObjectBase::bExchangedRoles = 0x59
[2026-08-09 10:27:56.5287422] UObjectBase::bNetLoadOnClient = 0x59
[2026-08-09 10:27:56.5287647] UObjectBase::bNetUseOwnerRelevancy = 0x59
[2026-08-09 10:27:56.5287874] UObjectBase::bRelevantForNetworkReplays = 0x59
[2026-08-09 10:27:56.5288141] UObjectBase::bRelevantForLevelBounds = 0x59
[2026-08-09 10:27:56.5288577] UObjectBase::bReplayRewindable = 0x59
[2026-08-09 10:27:56.5288940] UObjectBase::bAllowTickBeforeBeginPlay = 0x5A
[2026-08-09 10:27:56.5289312] UObjectBase::bAutoDestroyWhenFinished = 0x5A
[2026-08-09 10:27:56.5289663] UObjectBase::bCanBeDamaged = 0x5A
[2026-08-09 10:27:56.5289969] UObjectBase::bBlockInput = 0x5A
[2026-08-09 10:27:56.5290350] UObjectBase::bCollideWhenPlacing = 0x5A
[2026-08-09 10:27:56.5290691] UObjectBase::bGenerateOverlapEventsDuringLevelStreaming = 0x5A
[2026-08-09 10:27:56.5291001] UObjectBase::bIgnoresOriginShifting = 0x5A
[2026-08-09 10:27:56.5291231] UObjectBase::bHasRegisteredAllComponents = 0x5C
[2026-08-09 10:27:56.5291450] UObjectBase::bEnableAutoLODGeneration = 0x5B
[2026-08-09 10:27:56.5292318] UObjectBase::bIsEditorOnlyActor = 0x5B
[2026-08-09 10:27:56.5292934] UObjectBase::bActorSeamlessTraveled = 0x5B
[2026-08-09 10:27:56.5293281] UObjectBase::bReplicates = 0x5B
[2026-08-09 10:27:56.5293597] UObjectBase::bCanBeInCluster = 0x5B
[2026-08-09 10:27:56.5293924] UObjectBase::bAllowReceiveTickEventOnDedicatedServer = 0x5B
[2026-08-09 10:27:56.5294237] UObjectBase::bNetCheckedInitialPhysicsState = 0x5B
[2026-08-09 10:27:56.5294556] UObjectBase::bReplicateUsingRegisteredSubObjectList = 0x5B
[2026-08-09 10:27:56.5294862] UObjectBase::bHasFinishedSpawning = 0x5C
[2026-08-09 10:27:56.5295181] UObjectBase::bActorInitialized = 0x5C
[2026-08-09 10:27:56.5295909] UObjectBase::bActorBeginningPlayFromLevelStreaming = 0x5C
[2026-08-09 10:27:56.5296328] UObjectBase::bTickFunctionsRegistered = 0x5C
[2026-08-09 10:27:56.5296597] UObjectBase::bRunningUserConstructionScript = 0x5C
[2026-08-09 10:27:56.5296848] UObjectBase::bActorIsBeingDestroyed = 0x5D
[2026-08-09 10:27:56.5297097] UObjectBase::bActorWantsDestroyDuringBeginPlay = 0x5D
[2026-08-09 10:27:56.5297346] UObjectBase::bAsyncPhysicsTickEnabled = 0x5D
[2026-08-09 10:27:56.5297594] UObjectBase::Owner = 0x140
[2026-08-09 10:27:56.5297837] UObjectBase::Children = 0x188
[2026-08-09 10:27:56.5298079] UScriptStruct::ICppStructOps::Alignment = 0xC
[2026-08-09 10:27:56.5298330] UScriptStruct::ICppStructOps::Size = 0x8
[2026-08-09 10:27:56.5298579] UScriptStruct::ICppStructOps::UEP_TotalSize = 0x10
[2026-08-09 10:27:56.5298831] UStruct::DestructorLink = 0x80
[2026-08-09 10:27:56.5299082] UStruct::Children = 0x48
[2026-08-09 10:27:56.5299332] UStruct::ChildProperties = 0x50
[2026-08-09 10:27:56.5299584] UStruct::PostConstructLink = 0x88
[2026-08-09 10:27:56.5299859] UStruct::UnresolvedScriptProperties = 0xA0
[2026-08-09 10:27:56.5300145] UStruct::MinAlignment = 0x5C
[2026-08-09 10:27:56.5300411] UStruct::PropertiesSize = 0x58
[2026-08-09 10:27:56.5300635] UStruct::PropertyLink = 0x70
[2026-08-09 10:27:56.5300820] UStruct::RefLink = 0x78
[2026-08-09 10:27:56.5301047] UStruct::Script = 0x60
[2026-08-09 10:27:56.5301289] UStruct::ScriptAndPropertyObjectReferences = 0x90
[2026-08-09 10:27:56.5301533] UStruct::SuperStruct = 0x40
[2026-08-09 10:27:56.5301763] UStruct::UEP_TotalSize = 0xB0
[2026-08-09 10:27:56.5302053] UScriptStruct::UEP_TotalSize = 0xC0
[2026-08-09 10:27:56.5302365] UScriptStruct::StructFlags = 0xB0
[2026-08-09 10:27:56.5302674] UScriptStruct::CppStructOps = 0xB8
[2026-08-09 10:27:56.5302988] UScriptStruct::bPrepareCppStructOpsCompleted = 0xB4
[2026-08-09 10:27:56.5303386] UClass::ClassCastFlags = 0xD8
[2026-08-09 10:27:56.5303695] UClass::bLayoutChanging = 0xD1
[2026-08-09 10:27:56.5304015] UClass::ClassWithin = 0xE0
[2026-08-09 10:27:56.5304324] UClass::bCooked = 0xD0
[2026-08-09 10:27:56.5304636] UClass::ClassConfigName = 0xE8
[2026-08-09 10:27:56.5304946] UClass::ClassConstructor = 0xB0
[2026-08-09 10:27:56.5305250] UClass::ClassDefaultObject = 0x110
[2026-08-09 10:27:56.5305585] UClass::ClassFlags = 0xD4
[2026-08-09 10:27:56.5306224] UClass::ClassUnique = 0xC8
[2026-08-09 10:27:56.5306620] UClass::ClassVTableHelperCtorCaller = 0xB8
[2026-08-09 10:27:56.5306938] UClass::ReferenceTokenStream = 0x1E0
[2026-08-09 10:27:56.5307471] UClass::FirstOwnedClassRep = 0xCC
[2026-08-09 10:27:56.5307973] UClass::Interfaces = 0x1D0
[2026-08-09 10:27:56.5315441] UClass::NetFields = 0x100
[2026-08-09 10:27:56.5316064] UClass::SparseClassData = 0x118
[2026-08-09 10:27:56.5316281] UClass::SparseClassDataStruct = 0x120
[2026-08-09 10:27:56.5316464] UClass::FuncMap = 0x128
[2026-08-09 10:27:56.5316643] UClass::SuperFuncMap = 0x178
[2026-08-09 10:27:56.5316821] UClass::NativeFunctionLookupTable = 0x220
[2026-08-09 10:27:56.5316999] UClass::UEP_TotalSize = 0x230
[2026-08-09 10:27:56.5317172] UEnum::CppForm = 0x58
[2026-08-09 10:27:56.5317344] UEnum::CppType = 0x30
[2026-08-09 10:27:56.5317515] UEnum::EnumDisplayNameFn = 0x60
[2026-08-09 10:27:56.5317687] UEnum::Names = 0x48
[2026-08-09 10:27:56.5317854] UEnum::EnumFlags_Internal = 0x5C
[2026-08-09 10:27:56.5318024] UEnum::EnumPackage = 0x68
[2026-08-09 10:27:56.5318191] UEnum::UEP_TotalSize = 0x68
[2026-08-09 10:27:56.5318362] UFunction::EventGraphCallOffset = 0xD0
[2026-08-09 10:27:56.5318533] UFunction::EventGraphFunction = 0xC8
[2026-08-09 10:27:56.5318699] UFunction::RPCId = 0xBA
[2026-08-09 10:27:56.5318874] UFunction::FirstPropertyToInit = 0xC0
[2026-08-09 10:27:56.5319040] UFunction::Func = 0xD8
[2026-08-09 10:27:56.5319207] UFunction::FunctionFlags = 0xB0
[2026-08-09 10:27:56.5319373] UFunction::NumParms = 0xB4
[2026-08-09 10:27:56.5319540] UFunction::ParmsSize = 0xB6
[2026-08-09 10:27:56.5319705] UFunction::RPCResponseId = 0xBC
[2026-08-09 10:27:56.5319871] UFunction::ReturnValueOffset = 0xB8
[2026-08-09 10:27:56.5320042] UFunction::UEP_TotalSize = 0xE0
[2026-08-09 10:27:56.5320212] UField::Next = 0x28
[2026-08-09 10:27:56.5320378] UField::UEP_TotalSize = 0x30
[2026-08-09 10:27:56.5320551] FField::ClassPrivate = 0x8
[2026-08-09 10:27:56.5320721] FField::NamePrivate = 0x28
[2026-08-09 10:27:56.5320954] FField::FlagsPrivate = 0x30
[2026-08-09 10:27:56.5321267] FField::Next = 0x20
[2026-08-09 10:27:56.5321614] FField::Owner = 0x10
[2026-08-09 10:27:56.5321809] FField::UEP_TotalSize = 0x38
[2026-08-09 10:27:56.5321986] FProperty::ArrayDim = 0x38
[2026-08-09 10:27:56.5322156] FProperty::DestructorLinkNext = 0x68
[2026-08-09 10:27:56.5322326] FProperty::ElementSize = 0x3C
[2026-08-09 10:27:56.5322497] FProperty::NextRef = 0x60
[2026-08-09 10:27:56.5322665] FProperty::Offset_Internal = 0x4C
[2026-08-09 10:27:56.5322839] FProperty::PostConstructLinkNext = 0x70
[2026-08-09 10:27:56.5323013] FProperty::PropertyLinkNext = 0x58
[2026-08-09 10:27:56.5323180] FProperty::PropertyFlags = 0x40
[2026-08-09 10:27:56.5323350] FProperty::RepIndex = 0x48
[2026-08-09 10:27:56.5323523] FProperty::RepNotifyFunc = 0x50
[2026-08-09 10:27:56.5323696] FProperty::UEP_TotalSize = 0x78
[2026-08-09 10:27:56.5323864] FNumericProperty::ArrayDim = 0x38
[2026-08-09 10:27:56.5324045] FNumericProperty::DestructorLinkNext = 0x68
[2026-08-09 10:27:56.5324216] FNumericProperty::ElementSize = 0x3C
[2026-08-09 10:27:56.5324380] FNumericProperty::NextRef = 0x60
[2026-08-09 10:27:56.5324544] FNumericProperty::Offset_Internal = 0x4C
[2026-08-09 10:27:56.5324711] FNumericProperty::PostConstructLinkNext = 0x70
[2026-08-09 10:27:56.5324876] FNumericProperty::PropertyLinkNext = 0x58
[2026-08-09 10:27:56.5325041] FNumericProperty::PropertyFlags = 0x40
[2026-08-09 10:27:56.5325206] FNumericProperty::RepIndex = 0x48
[2026-08-09 10:27:56.5325371] FNumericProperty::RepNotifyFunc = 0x50
[2026-08-09 10:27:56.5325536] FNumericProperty::UEP_TotalSize = 0x78
[2026-08-09 10:27:56.5325704] FObjectPropertyBase::PropertyClass = 0x78
[2026-08-09 10:27:56.5325871] FObjectPropertyBase::UEP_TotalSize = 0x80
[2026-08-09 10:27:56.5326077] FStructProperty::Struct = 0x78
[2026-08-09 10:27:56.5326288] FStructProperty::UEP_TotalSize = 0x80
[2026-08-09 10:27:56.5326498] FArrayProperty::ArrayFlags = 0x80
[2026-08-09 10:27:56.5326707] FArrayProperty::Inner = 0x78
[2026-08-09 10:27:56.5326919] FArrayProperty::UEP_TotalSize = 0x88
[2026-08-09 10:27:56.5327130] FMapProperty::KeyProp = 0x78
[2026-08-09 10:27:56.5327342] FMapProperty::MapLayout = 0x88
[2026-08-09 10:27:56.5327553] FMapProperty::ValueProp = 0x80
[2026-08-09 10:27:56.5327762] FMapProperty::MapFlags = 0xA0
[2026-08-09 10:27:56.5328011] FMapProperty::UEP_TotalSize = 0xA8
[2026-08-09 10:27:56.5328245] FSetProperty::ElementProp = 0x78
[2026-08-09 10:27:56.5328455] FSetProperty::UEP_TotalSize = 0x98
[2026-08-09 10:27:56.5328664] FSetProperty::SetLayout = 0x80
[2026-08-09 10:27:56.5328877] FBoolProperty::FieldMask = 0x7B
[2026-08-09 10:27:56.5329087] FBoolProperty::ByteMask = 0x7A
[2026-08-09 10:27:56.5329294] FBoolProperty::FieldSize = 0x78
[2026-08-09 10:27:56.5329503] FBoolProperty::ByteOffset = 0x79
[2026-08-09 10:27:56.5329715] FBoolProperty::UEP_TotalSize = 0x80
[2026-08-09 10:27:56.5329927] FByteProperty::Enum = 0x78
[2026-08-09 10:27:56.5330140] FByteProperty::UEP_TotalSize = 0x80
[2026-08-09 10:27:56.5330407] FEnumProperty::Enum = 0x80
[2026-08-09 10:27:56.5330872] FEnumProperty::UEP_TotalSize = 0x88
[2026-08-09 10:27:56.5331160] FEnumProperty::UnderlyingProp = 0x78
[2026-08-09 10:27:56.5331396] FClassProperty::MetaClass = 0x80
[2026-08-09 10:27:56.5331616] FClassProperty::UEP_TotalSize = 0x88
[2026-08-09 10:27:56.5331832] FSoftClassProperty::MetaClass = 0x80
[2026-08-09 10:27:56.5332196] FSoftClassProperty::UEP_TotalSize = 0x88
[2026-08-09 10:27:56.5332417] FDelegateProperty::SignatureFunction = 0x78
[2026-08-09 10:27:56.5332635] FDelegateProperty::UEP_TotalSize = 0x80
[2026-08-09 10:27:56.5332859] FMulticastDelegateProperty::SignatureFunction = 0x78
[2026-08-09 10:27:56.5333086] FMulticastDelegateProperty::UEP_TotalSize = 0x80
[2026-08-09 10:27:56.5333305] FInterfaceProperty::InterfaceClass = 0x78
[2026-08-09 10:27:56.5333518] FInterfaceProperty::UEP_TotalSize = 0x80
[2026-08-09 10:27:56.5333736] FFieldPathProperty::PropertyClass = 0x78
[2026-08-09 10:27:56.5333960] FFieldPathProperty::UEP_TotalSize = 0x80
[2026-08-09 10:27:56.5334174] FWorldContext::ThisCurrentWorld = 0x2C0
[2026-08-09 10:27:56.5334385] FWorldContext::ExternalReferences = 0x2B0
[2026-08-09 10:27:56.5334601] FWorldContext::LastRemoteURL = 0x128
[2026-08-09 10:27:56.5334813] FWorldContext::ContextHandle = 0xA0
[2026-08-09 10:27:56.5335025] FWorldContext::PendingMapChangeFailureDescription = 0x1C8
[2026-08-09 10:27:56.5335242] FWorldContext::TravelURL = 0xA8
[2026-08-09 10:27:56.5335455] FWorldContext::TravelType = 0xB8
[2026-08-09 10:27:56.5335668] FWorldContext::LastURL = 0xC0
[2026-08-09 10:27:56.5335880] FWorldContext::LevelsToLoadForPendingMapChange = 0x1A8
[2026-08-09 10:27:56.5336099] FWorldContext::GarbageObjectsToVerify = 0x260
[2026-08-09 10:27:56.5336316] FWorldContext::bShouldCommitPendingMapChange = 0x1D8
[2026-08-09 10:27:56.5336526] FWorldContext::GameViewport = 0x200
[2026-08-09 10:27:56.5336736] FWorldContext::PIEInstance = 0x220
[2026-08-09 10:27:56.5336946] FWorldContext::PIEFixedTickSeconds = 0x258
[2026-08-09 10:27:56.5337161] FWorldContext::PIEPrefix = 0x228
[2026-08-09 10:27:56.5337371] FWorldContext::RunAsDedicated = 0x23C
[2026-08-09 10:27:56.5337583] FWorldContext::bWaitingOnOnlineSubsystem = 0x23D
[2026-08-09 10:27:56.5337793] FWorldContext::bIsPrimaryPIEInstance = 0x23E
[2026-08-09 10:27:56.5338003] FWorldContext::AudioDeviceID = 0x240
[2026-08-09 10:27:56.5338212] FWorldContext::CustomDescription = 0x248
[2026-08-09 10:27:56.5338463] FWorldContext::PIEAccumulatedTickSeconds = 0x25C
[2026-08-09 10:27:56.5338672] FWorldContext::UEP_TotalSize = 0x2C8
[2026-08-09 10:27:56.5338877] FOutputDevice::bAutoEmitLineTerminator = 0x9
[2026-08-09 10:27:56.5339088] FOutputDevice::bSuppressEventTag = 0x8
[2026-08-09 10:27:56.5339296] FOutputDevice::UEP_TotalSize = 0x10
[2026-08-09 10:27:56.5339502] FArchiveState::ArIsTextFormat = 0x28
[2026-08-09 10:27:56.5339712] FArchiveState::ArIsLoading = 0x28
[2026-08-09 10:27:56.5339925] FArchiveState::ArIsLoadingFromCookedPackage = 0x28
[2026-08-09 10:27:56.5340135] FArchiveState::ArPortFlags = 0x30
[2026-08-09 10:27:56.5340419] FArchiveState::ArIsTransacting = 0x28
[2026-08-09 10:27:56.5340641] FArchiveState::ArIsSaving = 0x28
[2026-08-09 10:27:56.5340847] FArchiveState::ArForceUnicode = 0x28
[2026-08-09 10:27:56.5341054] FArchiveState::ArIsModifyingWeakAndStrongReferences = 0x2B
[2026-08-09 10:27:56.5341308] FArchiveState::ArUseUnversionedPropertySerialization = 0x28
[2026-08-09 10:27:56.5341546] FArchiveState::ArWantBinaryPropertySerialization = 0x28
[2026-08-09 10:27:56.5341756] FArchiveState::ArIsObjectReferenceCollector = 0x2A
[2026-08-09 10:27:56.5341968] FArchiveState::ArIsPersistent = 0x29
[2026-08-09 10:27:56.5342179] FArchiveState::ArForceByteSwapping = 0x29
[2026-08-09 10:27:56.5342389] FArchiveState::ArIsError = 0x29
[2026-08-09 10:27:56.5342598] FArchiveState::ArUEVer = 0x40
[2026-08-09 10:27:56.5342814] FArchiveState::ArIsCriticalError = 0x29
[2026-08-09 10:27:56.5343025] FArchiveState::ArMaxSerializeSize = 0x38
[2026-08-09 10:27:56.5343235] FArchiveState::ArShouldSkipCompilingAssets = 0x29
[2026-08-09 10:27:56.5343447] FArchiveState::ArCustomPropertyList = 0x68
[2026-08-09 10:27:56.5343660] FArchiveState::ArContainsCode = 0x29
[2026-08-09 10:27:56.5343873] FArchiveState::ArIsNetArchive = 0x2B
[2026-08-09 10:27:56.5344082] FArchiveState::ArContainsMap = 0x29
[2026-08-09 10:27:56.5344295] FArchiveState::ArRequiresLocalizationGather = 0x29
[2026-08-09 10:27:56.5344505] FArchiveState::ArIgnoreArchetypeRef = 0x2A
[2026-08-09 10:27:56.5344720] FArchiveState::ArNoDelta = 0x2A
[2026-08-09 10:27:56.5344928] FArchiveState::ArNoIntraPropertyDelta = 0x2A
[2026-08-09 10:27:56.5345137] FArchiveState::ArIgnoreOuterRef = 0x2A
[2026-08-09 10:27:56.5345342] FArchiveState::ArIgnoreClassGeneratedByRef = 0x2A
[2026-08-09 10:27:56.5345551] FArchiveState::ArLicenseeUEVer = 0x48
[2026-08-09 10:27:56.5345756] FArchiveState::ArIgnoreClassRef = 0x2A
[2026-08-09 10:27:56.5345963] FArchiveState::ArAllowLazyLoading = 0x2A
[2026-08-09 10:27:56.5346174] FArchiveState::NextProxy = 0x90
[2026-08-09 10:27:56.5346381] FArchiveState::ArIsCountingMemory = 0x2B
[2026-08-09 10:27:56.5346588] FArchiveState::bCustomVersionsAreReset = 0x88
[2026-08-09 10:27:56.5346798] FArchiveState::ArEngineNetVer = 0x58
[2026-08-09 10:27:56.5347002] FArchiveState::ArShouldSkipBulkData = 0x2B
[2026-08-09 10:27:56.5347207] FArchiveState::ArIsFilterEditorOnly = 0x2B
[2026-08-09 10:27:56.5347412] FArchiveState::ArIsSaveGame = 0x2B
[2026-08-09 10:27:56.5347616] FArchiveState::ArUseCustomPropertyList = 0x2B
[2026-08-09 10:27:56.5347822] FArchiveState::UEP_TotalSize = 0x98
[2026-08-09 10:27:56.5348026] FArchiveState::ArSerializingDefaults = 0x2C
[2026-08-09 10:27:56.5348230] FArchiveState::ArEngineVer = 0x4C
[2026-08-09 10:27:56.5348436] FArchiveState::ArGameNetVer = 0x5C
[2026-08-09 10:27:56.5348642] FArchiveState::CustomVersionContainer = 0x60
[2026-08-09 10:27:56.5348846] FArchiveState::SerializedProperty = 0x78
[2026-08-09 10:27:56.5349057] AActor::bUseSoftwareCursorWidgets = 0x250
[2026-08-09 10:27:56.5349264] AActor::ClassPrivate = 0x10
[2026-08-09 10:27:56.5349469] AActor::ViewportFrame = 0xF0
[2026-08-09 10:27:56.5349673] AActor::MouseLockMode = 0x39C
[2026-08-09 10:27:56.5349879] AActor::bFindCameraComponentWhenViewTarget = 0x5A
[2026-08-09 10:27:56.5350087] AActor::InternalIndex = 0xC
[2026-08-09 10:27:56.5350331] AActor::ObjectFlags = 0x8
[2026-08-09 10:27:56.5350533] AActor::World = 0x78
[2026-08-09 10:27:56.5350735] AActor::ActiveSplitscreenType = 0x70
[2026-08-09 10:27:56.5350939] AActor::OnEndCursorOver = 0x1D6
[2026-08-09 10:27:56.5351141] AActor::CustomTimeDilation = 0x64
[2026-08-09 10:27:56.5351342] AActor::NamePrivate = 0x18
[2026-08-09 10:27:56.5351543] AActor::InitialLifeSpan = 0x60
[2026-08-09 10:27:56.5351747] AActor::AudioDeviceHandle = 0xF8
[2026-08-09 10:27:56.5352021] AActor::bForceNetAddressable = 0x59
[2026-08-09 10:27:56.5352229] AActor::InputPriority = 0x154
[2026-08-09 10:27:56.5352432] AActor::bDisableSplitScreenOverride = 0x398
[2026-08-09 10:27:56.5352634] AActor::Window = 0x100
[2026-08-09 10:27:56.5352840] AActor::OuterPrivate = 0x20
[2026-08-09 10:27:56.5353042] AActor::CurrentBufferVisualizationMode = 0x130
[2026-08-09 10:27:56.5353245] AActor::bSuppressTransitionMessage = 0x88
[2026-08-09 10:27:56.5353448] AActor::CurrentLumenVisualizationMode = 0x140
[2026-08-09 10:27:56.5353651] AActor::CurrentNaniteVisualizationMode = 0x138
[2026-08-09 10:27:56.5353876] AActor::CurrentVirtualShadowMapVisualizationMode = 0x148
[2026-08-09 10:27:56.5354089] AActor::DebugProperties = 0x48
[2026-08-09 10:27:56.5354296] AActor::EngineShowFlags = 0xB8
[2026-08-09 10:27:56.5354499] AActor::AutoReceiveInput = 0x153
[2026-08-09 10:27:56.5354700] AActor::GameLayerManagerPtr = 0x120
[2026-08-09 10:27:56.5354903] AActor::OnClicked = 0x1D7
[2026-08-09 10:27:56.5355103] AActor::OnActorBeginOverlap = 0x1D3
[2026-08-09 10:27:56.5355304] AActor::HighResScreenshotDialog = 0x150
[2026-08-09 10:27:56.5355506] AActor::OnInputTouchEnter = 0x1DB
[2026-08-09 10:27:56.5355708] AActor::bHasAudioFocus = 0xFC
[2026-08-09 10:27:56.5355908] AActor::OnEndPlay = 0x1DF
[2026-08-09 10:27:56.5356112] AActor::ViewportOverlayWidget = 0x110
[2026-08-09 10:27:56.5356312] AActor::MaxSplitscreenPlayers = 0x68
[2026-08-09 10:27:56.5356512] AActor::MouseCaptureMode = 0x39A
[2026-08-09 10:27:56.5356712] AActor::Layers = 0x1A8
[2026-08-09 10:27:56.5356913] AActor::SplitscreenInfo = 0x58
[2026-08-09 10:27:56.5357115] AActor::StatHitchesData = 0x390
[2026-08-09 10:27:56.5357317] AActor::OnBeginCursorOver = 0x1D5
[2026-08-09 10:27:56.5357519] AActor::StatUnitData = 0x388
[2026-08-09 10:27:56.5357724] AActor::ViewModeIndex = 0xB0
[2026-08-09 10:27:56.5357926] AActor::Viewport = 0xE8
[2026-08-09 10:27:56.5358129] AActor::ViewportConsole = 0x40
[2026-08-09 10:27:56.5358333] AActor::bHideCursorDuringCapture = 0x39B
[2026-08-09 10:27:56.5358540] AActor::DetachFence = 0x280
[2026-08-09 10:27:56.5358749] AActor::CreationTime = 0x158
[2026-08-09 10:27:56.5358949] AActor::bIgnoreInput = 0x399
[2026-08-09 10:27:56.5359152] AActor::bActorEnableCollision = 0x5C
[2026-08-09 10:27:56.5359357] AActor::bIsMouseOverClient = 0x39D
[2026-08-09 10:27:56.5359558] AActor::OnInputTouchEnd = 0x1DA
[2026-08-09 10:27:56.5359788] AActor::bHasDeferredComponentRegistration = 0x5C
[2026-08-09 10:27:56.5360087] AActor::AttachmentReplication = 0x70
[2026-08-09 10:27:56.5360308] AActor::DefaultUpdateOverlapsMethodDuringLevelStreaming = 0x5F
[2026-08-09 10:27:56.5360522] AActor::InputComponent = 0x160
[2026-08-09 10:27:56.5360726] AActor::LastRenderTime = 0x17C
[2026-08-09 10:27:56.5360933] AActor::MinNetUpdateFrequency = 0x174
[2026-08-09 10:27:56.5361134] AActor::NetCullDistanceSquared = 0x168
[2026-08-09 10:27:56.5361335] AActor::OnActorEndOverlap = 0x1D4
[2026-08-09 10:27:56.5361541] AActor::NetDormancy = 0x151
[2026-08-09 10:27:56.5361742] AActor::NetDriverName = 0x148
[2026-08-09 10:27:56.5361945] AActor::NetTag = 0x16C
[2026-08-09 10:27:56.5362148] AActor::NetPriority = 0x178
[2026-08-09 10:27:56.5362388] AActor::NetUpdateFrequency = 0x170
[2026-08-09 10:27:56.5362589] AActor::OnActorHit = 0x1DD
[2026-08-09 10:27:56.5362789] AActor::OnDestroyed = 0x1DE
[2026-08-09 10:27:56.5362994] AActor::OnInputTouchBegin = 0x1D9
[2026-08-09 10:27:56.5363195] AActor::OnInputTouchLeave = 0x1DC
[2026-08-09 10:27:56.5363400] AActor::OnReleased = 0x1D8
[2026-08-09 10:27:56.5363599] AActor::OnTakeAnyDamage = 0x1D0
[2026-08-09 10:27:56.5363799] AActor::OnTakePointDamage = 0x1D1
[2026-08-09 10:27:56.5364004] AActor::OnTakeRadialDamage = 0x1D2
[2026-08-09 10:27:56.5364203] AActor::ParentComponent = 0x1B8
[2026-08-09 10:27:56.5364407] AActor::PrimaryActorTick = 0x28
[2026-08-09 10:27:56.5364610] AActor::RayTracingGroupId = 0x6C
[2026-08-09 10:27:56.5364813] AActor::RemoteRole = 0x68
[2026-08-09 10:27:56.5365016] AActor::ReplicatedComponentsInfo = 0x1F0
[2026-08-09 10:27:56.5365219] AActor::ReplicatedMovement = 0xD0
[2026-08-09 10:27:56.5365421] AActor::ReplicatedSubObjects = 0x1E0
[2026-08-09 10:27:56.5365622] AActor::Role = 0x150
[2026-08-09 10:27:56.5365823] AActor::RootComponent = 0x198
[2026-08-09 10:27:56.5366023] AActor::SpawnCollisionHandlingMethod = 0x152
[2026-08-09 10:27:56.5366222] AActor::Tags = 0x1C0
[2026-08-09 10:27:56.5366423] AActor::TimerHandle_LifeSpanExpired = 0x1A0
[2026-08-09 10:27:56.5366623] AActor::UpdateOverlapsMethodDuringLevelStreaming = 0x5E
[2026-08-09 10:27:56.5366828] AActor::InternalIndex_Private = 0xC
[2026-08-09 10:27:56.5367597] AActor::UEP_TotalSize = 0x28
[2026-08-09 10:27:56.5367843] AActor::bShowTitleSafeZone = 0x6C
[2026-08-09 10:27:56.5368049] AActor::bIsPlayInEditorViewport = 0x6C
[2026-08-09 10:27:56.5368255] AActor::bDisableWorldRendering = 0x6C
[2026-08-09 10:27:56.5368458] AActor::HardwareCursorCache = 0x160
[2026-08-09 10:27:56.5368662] AActor::HardwareCursors = 0x1B0
[2026-08-09 10:27:56.5368864] AActor::CursorWidgets = 0x200
[2026-08-09 10:27:56.5369070] AActor::ActorHasBegunPlay = 0x5D
[2026-08-09 10:27:56.5369273] AActor::bNetTemporary = 0x58
[2026-08-09 10:27:56.5369482] AActor::bActorIsBeingConstructed = 0x5D
[2026-08-09 10:27:56.5369686] AActor::bNetStartup = 0x58
[2026-08-09 10:27:56.5369944] AActor::bOnlyRelevantToOwner = 0x58
[2026-08-09 10:27:56.5370253] AActor::bAlwaysRelevant = 0x58
[2026-08-09 10:27:56.5370464] AActor::bReplicateMovement = 0x58
[2026-08-09 10:27:56.5370667] AActor::bCallPreReplication = 0x58
[2026-08-09 10:27:56.5370873] AActor::bCallPreReplicationForReplay = 0x58
[2026-08-09 10:27:56.5371084] AActor::bHidden = 0x58
[2026-08-09 10:27:56.5371291] AActor::bTearOff = 0x59
[2026-08-09 10:27:56.5371497] AActor::bExchangedRoles = 0x59
[2026-08-09 10:27:56.5371711] AActor::bNetLoadOnClient = 0x59
[2026-08-09 10:27:56.5371913] AActor::bNetUseOwnerRelevancy = 0x59
[2026-08-09 10:27:56.5372623] AActor::bRelevantForNetworkReplays = 0x59
[2026-08-09 10:27:56.5373054] AActor::bRelevantForLevelBounds = 0x59
[2026-08-09 10:27:56.5373290] AActor::bReplayRewindable = 0x59
[2026-08-09 10:27:56.5373513] AActor::bAllowTickBeforeBeginPlay = 0x5A
[2026-08-09 10:27:56.5373722] AActor::bAutoDestroyWhenFinished = 0x5A
[2026-08-09 10:27:56.5373928] AActor::bCanBeDamaged = 0x5A
[2026-08-09 10:27:56.5374132] AActor::bBlockInput = 0x5A
[2026-08-09 10:27:56.5374338] AActor::bCollideWhenPlacing = 0x5A
[2026-08-09 10:27:56.5374549] AActor::bGenerateOverlapEventsDuringLevelStreaming = 0x5A
[2026-08-09 10:27:56.5374767] AActor::bIgnoresOriginShifting = 0x5A
[2026-08-09 10:27:56.5374976] AActor::bHasRegisteredAllComponents = 0x5C
[2026-08-09 10:27:56.5375182] AActor::bEnableAutoLODGeneration = 0x5B
[2026-08-09 10:27:56.5375391] AActor::bIsEditorOnlyActor = 0x5B
[2026-08-09 10:27:56.5375596] AActor::bActorSeamlessTraveled = 0x5B
[2026-08-09 10:27:56.5375803] AActor::bReplicates = 0x5B
[2026-08-09 10:27:56.5376015] AActor::bCanBeInCluster = 0x5B
[2026-08-09 10:27:56.5376223] AActor::bAllowReceiveTickEventOnDedicatedServer = 0x5B
[2026-08-09 10:27:56.5376434] AActor::bNetCheckedInitialPhysicsState = 0x5B
[2026-08-09 10:27:56.5376640] AActor::bReplicateUsingRegisteredSubObjectList = 0x5B
[2026-08-09 10:27:56.5376844] AActor::bHasFinishedSpawning = 0x5C
[2026-08-09 10:27:56.5377046] AActor::bActorInitialized = 0x5C
[2026-08-09 10:27:56.5377251] AActor::bActorBeginningPlayFromLevelStreaming = 0x5C
[2026-08-09 10:27:56.5377461] AActor::bTickFunctionsRegistered = 0x5C
[2026-08-09 10:27:56.5377670] AActor::bRunningUserConstructionScript = 0x5C
[2026-08-09 10:27:56.5377874] AActor::bActorIsBeingDestroyed = 0x5D
[2026-08-09 10:27:56.5378076] AActor::bActorWantsDestroyDuringBeginPlay = 0x5D
[2026-08-09 10:27:56.5378282] AActor::bAsyncPhysicsTickEnabled = 0x5D
[2026-08-09 10:27:56.5378493] AActor::Owner = 0x140
[2026-08-09 10:27:56.5378701] AActor::Children = 0x188
[2026-08-09 10:27:56.5378911] AGameModeBase::SpectatorClass = 0x2D0
[2026-08-09 10:27:56.5379116] AGameModeBase::HUDClass = 0x2C0
[2026-08-09 10:27:56.5379321] AGameModeBase::DefaultPlayerName = 0x300
[2026-08-09 10:27:56.5379525] AGameModeBase::ServerStatReplicatorClass = 0x2E0
[2026-08-09 10:27:56.5379796] AGameModeBase::GameSession = 0x2E8
[2026-08-09 10:27:56.5380080] AGameModeBase::ServerStatReplicator = 0x2F8
[2026-08-09 10:27:56.5380290] AGameModeBase::GameSessionClass = 0x2A0
[2026-08-09 10:27:56.5380497] AGameModeBase::OptionsString = 0x290
[2026-08-09 10:27:56.5380702] AGameModeBase::PlayerStateClass = 0x2B8
[2026-08-09 10:27:56.5380911] AGameModeBase::bUseSeamlessTravel = 0x318
[2026-08-09 10:27:56.5381114] AGameModeBase::bStartPlayersAsSpectators = 0x318
[2026-08-09 10:27:56.5381393] AGameModeBase::bPauseable = 0x318
[2026-08-09 10:27:56.5381629] AGameModeBase::UEP_TotalSize = 0x330
[2026-08-09 10:27:56.5381849] AGameMode::EngineMessageClass = 0x350
[2026-08-09 10:27:56.5382057] AGameMode::MinRespawnDelay = 0x348
[2026-08-09 10:27:56.5382260] AGameMode::InactivePlayerArray = 0x358
[2026-08-09 10:27:56.5382464] AGameMode::InactivePlayerStateLifeSpan = 0x368
[2026-08-09 10:27:56.5382667] AGameMode::NumBots = 0x344
[2026-08-09 10:27:56.5382869] AGameMode::NumSpectators = 0x33C
[2026-08-09 10:27:56.5383073] AGameMode::MatchState = 0x330
[2026-08-09 10:27:56.5383289] AGameMode::MaxInactivePlayers = 0x36C
[2026-08-09 10:27:56.5383493] AGameMode::NumPlayers = 0x340
[2026-08-09 10:27:56.5383696] AGameMode::NumTravellingPlayers = 0x34C
[2026-08-09 10:27:56.5383903] AGameMode::bHandleDedicatedServerReplays = 0x370
[2026-08-09 10:27:56.5384111] AGameMode::bDelayedStart = 0x338
[2026-08-09 10:27:56.5384317] AGameMode::UEP_TotalSize = 0x378
[2026-08-09 10:27:56.5384523] UEngine::bUseSoftwareCursorWidgets = 0x250
[2026-08-09 10:27:56.5384726] UEngine::ClassPrivate = 0x10
[2026-08-09 10:27:56.5384926] UEngine::ViewportFrame = 0xF0
[2026-08-09 10:27:56.5385127] UEngine::MouseLockMode = 0x39C
[2026-08-09 10:27:56.5385329] UEngine::bFindCameraComponentWhenViewTarget = 0x5A
[2026-08-09 10:27:56.5385536] UEngine::InternalIndex = 0xC
[2026-08-09 10:27:56.5385737] UEngine::ObjectFlags = 0x8
[2026-08-09 10:27:56.5385937] UEngine::World = 0x78
[2026-08-09 10:27:56.5386175] UEngine::ActiveSplitscreenType = 0x70
[2026-08-09 10:27:56.5386373] UEngine::OnEndCursorOver = 0x1D6
[2026-08-09 10:27:56.5386572] UEngine::CustomTimeDilation = 0x64
[2026-08-09 10:27:56.5386767] UEngine::NamePrivate = 0x18
[2026-08-09 10:27:56.5386964] UEngine::InitialLifeSpan = 0x60
[2026-08-09 10:27:56.5387169] UEngine::AudioDeviceHandle = 0xF8
[2026-08-09 10:27:56.5387367] UEngine::bForceNetAddressable = 0x59
[2026-08-09 10:27:56.5387564] UEngine::InputPriority = 0x154
[2026-08-09 10:27:56.5387760] UEngine::bDisableSplitScreenOverride = 0x398
[2026-08-09 10:27:56.5387957] UEngine::Window = 0x100
[2026-08-09 10:27:56.5388160] UEngine::OuterPrivate = 0x20
[2026-08-09 10:27:56.5388358] UEngine::CurrentBufferVisualizationMode = 0x130
[2026-08-09 10:27:56.5388554] UEngine::bSuppressTransitionMessage = 0x88
[2026-08-09 10:27:56.5388752] UEngine::CurrentLumenVisualizationMode = 0x140
[2026-08-09 10:27:56.5388950] UEngine::CurrentNaniteVisualizationMode = 0x138
[2026-08-09 10:27:56.5389148] UEngine::CurrentVirtualShadowMapVisualizationMode = 0x148
[2026-08-09 10:27:56.5389347] UEngine::DebugProperties = 0x48
[2026-08-09 10:27:56.5389937] UEngine::EngineShowFlags = 0xB8
[2026-08-09 10:27:56.5390357] UEngine::AutoReceiveInput = 0x153
[2026-08-09 10:27:56.5390585] UEngine::GameLayerManagerPtr = 0x120
[2026-08-09 10:27:56.5390794] UEngine::OnClicked = 0x1D7
[2026-08-09 10:27:56.5390993] UEngine::OnActorBeginOverlap = 0x1D3
[2026-08-09 10:27:56.5391193] UEngine::HighResScreenshotDialog = 0x150
[2026-08-09 10:27:56.5391390] UEngine::OnInputTouchEnter = 0x1DB
[2026-08-09 10:27:56.5391589] UEngine::bHasAudioFocus = 0xFC
[2026-08-09 10:27:56.5391786] UEngine::OnEndPlay = 0x1DF
[2026-08-09 10:27:56.5391981] UEngine::ViewportOverlayWidget = 0x110
[2026-08-09 10:27:56.5392179] UEngine::MaxSplitscreenPlayers = 0x68
[2026-08-09 10:27:56.5392378] UEngine::MouseCaptureMode = 0x39A
[2026-08-09 10:27:56.5392576] UEngine::Layers = 0x1A8
[2026-08-09 10:27:56.5392774] UEngine::SplitscreenInfo = 0x58
[2026-08-09 10:27:56.5392972] UEngine::StatHitchesData = 0x390
[2026-08-09 10:27:56.5393167] UEngine::OnBeginCursorOver = 0x1D5
[2026-08-09 10:27:56.5393363] UEngine::StatUnitData = 0x388
[2026-08-09 10:27:56.5393558] UEngine::ViewModeIndex = 0xB0
[2026-08-09 10:27:56.5393753] UEngine::Viewport = 0xE8
[2026-08-09 10:27:56.5393951] UEngine::ViewportConsole = 0x40
[2026-08-09 10:27:56.5394150] UEngine::bHideCursorDuringCapture = 0x39B
[2026-08-09 10:27:56.5394348] UEngine::DetachFence = 0x280
[2026-08-09 10:27:56.5394545] UEngine::CreationTime = 0x158
[2026-08-09 10:27:56.5394772] UEngine::bIgnoreInput = 0x399
[2026-08-09 10:27:56.5395067] UEngine::bActorEnableCollision = 0x5C
[2026-08-09 10:27:56.5395292] UEngine::bIsMouseOverClient = 0x39D
[2026-08-09 10:27:56.5395504] UEngine::OnInputTouchEnd = 0x1DA
[2026-08-09 10:27:56.5395712] UEngine::bHasDeferredComponentRegistration = 0x5C
[2026-08-09 10:27:56.5395919] UEngine::AttachmentReplication = 0x70
[2026-08-09 10:27:56.5396124] UEngine::DefaultUpdateOverlapsMethodDuringLevelStreaming = 0x5F
[2026-08-09 10:27:56.5396329] UEngine::InputComponent = 0x160
[2026-08-09 10:27:56.5396530] UEngine::LastRenderTime = 0x17C
[2026-08-09 10:27:56.5396736] UEngine::MinNetUpdateFrequency = 0x174
[2026-08-09 10:27:56.5396933] UEngine::NetCullDistanceSquared = 0x168
[2026-08-09 10:27:56.5397132] UEngine::OnActorEndOverlap = 0x1D4
[2026-08-09 10:27:56.5397331] UEngine::NetDormancy = 0x151
[2026-08-09 10:27:56.5397530] UEngine::NetDriverName = 0x148
[2026-08-09 10:27:56.5397726] UEngine::NetTag = 0x16C
[2026-08-09 10:27:56.5397925] UEngine::NetPriority = 0x178
[2026-08-09 10:27:56.5398168] UEngine::NetUpdateFrequency = 0x170
[2026-08-09 10:27:56.5398367] UEngine::OnActorHit = 0x1DD
[2026-08-09 10:27:56.5398565] UEngine::OnDestroyed = 0x1DE
[2026-08-09 10:27:56.5398763] UEngine::OnInputTouchBegin = 0x1D9
[2026-08-09 10:27:56.5398960] UEngine::OnInputTouchLeave = 0x1DC
[2026-08-09 10:27:56.5399160] UEngine::OnReleased = 0x1D8
[2026-08-09 10:27:56.5399358] UEngine::OnTakeAnyDamage = 0x1D0
[2026-08-09 10:27:56.5399556] UEngine::OnTakePointDamage = 0x1D1
[2026-08-09 10:27:56.5399759] UEngine::OnTakeRadialDamage = 0x1D2
[2026-08-09 10:27:56.5399957] UEngine::ParentComponent = 0x1B8
[2026-08-09 10:27:56.5400156] UEngine::PrimaryActorTick = 0x28
[2026-08-09 10:27:56.5400353] UEngine::RayTracingGroupId = 0x6C
[2026-08-09 10:27:56.5400554] UEngine::RemoteRole = 0x68
[2026-08-09 10:27:56.5400752] UEngine::ReplicatedComponentsInfo = 0x1F0
[2026-08-09 10:27:56.5400951] UEngine::ReplicatedMovement = 0xD0
[2026-08-09 10:27:56.5401149] UEngine::ReplicatedSubObjects = 0x1E0
[2026-08-09 10:27:56.5401351] UEngine::Role = 0x150
[2026-08-09 10:27:56.5401551] UEngine::RootComponent = 0x198
[2026-08-09 10:27:56.5401757] UEngine::SpawnCollisionHandlingMethod = 0x152
[2026-08-09 10:27:56.5401959] UEngine::Tags = 0x1C0
[2026-08-09 10:27:56.5402161] UEngine::TimerHandle_LifeSpanExpired = 0x1A0
[2026-08-09 10:27:56.5402363] UEngine::UpdateOverlapsMethodDuringLevelStreaming = 0x5E
[2026-08-09 10:27:56.5402576] UEngine::InternalIndex_Private = 0xC
[2026-08-09 10:27:56.5402777] UEngine::UEP_TotalSize = 0x28
[2026-08-09 10:27:56.5402982] UEngine::bShowTitleSafeZone = 0x6C
[2026-08-09 10:27:56.5403182] UEngine::bIsPlayInEditorViewport = 0x6C
[2026-08-09 10:27:56.5403381] UEngine::bDisableWorldRendering = 0x6C
[2026-08-09 10:27:56.5403578] UEngine::HardwareCursorCache = 0x160
[2026-08-09 10:27:56.5403781] UEngine::HardwareCursors = 0x1B0
[2026-08-09 10:27:56.5403989] UEngine::CursorWidgets = 0x200
[2026-08-09 10:27:56.5404195] UEngine::ActorHasBegunPlay = 0x5D
[2026-08-09 10:27:56.5404399] UEngine::bNetTemporary = 0x58
[2026-08-09 10:27:56.5404600] UEngine::bActorIsBeingConstructed = 0x5D
[2026-08-09 10:27:56.5404800] UEngine::bNetStartup = 0x58
[2026-08-09 10:27:56.5405000] UEngine::bOnlyRelevantToOwner = 0x58
[2026-08-09 10:27:56.5405198] UEngine::bAlwaysRelevant = 0x58
[2026-08-09 10:27:56.5405396] UEngine::bReplicateMovement = 0x58
[2026-08-09 10:27:56.5405598] UEngine::bCallPreReplication = 0x58
[2026-08-09 10:27:56.5405800] UEngine::bCallPreReplicationForReplay = 0x58
[2026-08-09 10:27:56.5406003] UEngine::bHidden = 0x58
[2026-08-09 10:27:56.5406205] UEngine::bTearOff = 0x59
[2026-08-09 10:27:56.5406406] UEngine::bExchangedRoles = 0x59
[2026-08-09 10:27:56.5406610] UEngine::bNetLoadOnClient = 0x59
[2026-08-09 10:27:56.5406809] UEngine::bNetUseOwnerRelevancy = 0x59
[2026-08-09 10:27:56.5407009] UEngine::bRelevantForNetworkReplays = 0x59
[2026-08-09 10:27:56.5407209] UEngine::bRelevantForLevelBounds = 0x59
[2026-08-09 10:27:56.5407410] UEngine::bReplayRewindable = 0x59
[2026-08-09 10:27:56.5407639] UEngine::bAllowTickBeforeBeginPlay = 0x5A
[2026-08-09 10:27:56.5407855] UEngine::bAutoDestroyWhenFinished = 0x5A
[2026-08-09 10:27:56.5408055] UEngine::bCanBeDamaged = 0x5A
[2026-08-09 10:27:56.5408258] UEngine::bBlockInput = 0x5A
[2026-08-09 10:27:56.5408459] UEngine::bCollideWhenPlacing = 0x5A
[2026-08-09 10:27:56.5408660] UEngine::bGenerateOverlapEventsDuringLevelStreaming = 0x5A
[2026-08-09 10:27:56.5408863] UEngine::bIgnoresOriginShifting = 0x5A
[2026-08-09 10:27:56.5409061] UEngine::bHasRegisteredAllComponents = 0x5C
[2026-08-09 10:27:56.5409258] UEngine::bEnableAutoLODGeneration = 0x5B
[2026-08-09 10:27:56.5409454] UEngine::bIsEditorOnlyActor = 0x5B
[2026-08-09 10:27:56.5409743] UEngine::bActorSeamlessTraveled = 0x5B
[2026-08-09 10:27:56.5409943] UEngine::bReplicates = 0x5B
[2026-08-09 10:27:56.5410184] UEngine::bCanBeInCluster = 0x5B
[2026-08-09 10:27:56.5410459] UEngine::bAllowReceiveTickEventOnDedicatedServer = 0x5B
[2026-08-09 10:27:56.5410678] UEngine::bNetCheckedInitialPhysicsState = 0x5B
[2026-08-09 10:27:56.5410881] UEngine::bReplicateUsingRegisteredSubObjectList = 0x5B
[2026-08-09 10:27:56.5411082] UEngine::bHasFinishedSpawning = 0x5C
[2026-08-09 10:27:56.5411284] UEngine::bActorInitialized = 0x5C
[2026-08-09 10:27:56.5411486] UEngine::bActorBeginningPlayFromLevelStreaming = 0x5C
[2026-08-09 10:27:56.5411685] UEngine::bTickFunctionsRegistered = 0x5C
[2026-08-09 10:27:56.5411883] UEngine::bRunningUserConstructionScript = 0x5C
[2026-08-09 10:27:56.5412081] UEngine::bActorIsBeingDestroyed = 0x5D
[2026-08-09 10:27:56.5412283] UEngine::bActorWantsDestroyDuringBeginPlay = 0x5D
[2026-08-09 10:27:56.5412485] UEngine::bAsyncPhysicsTickEnabled = 0x5D
[2026-08-09 10:27:56.5412688] UEngine::Owner = 0x140
[2026-08-09 10:27:56.5412889] UEngine::Children = 0x188
[2026-08-09 10:27:56.5413099] UGameViewportClient::bUseSoftwareCursorWidgets = 0x250
[2026-08-09 10:27:56.5413303] UGameViewportClient::ClassPrivate = 0x10
[2026-08-09 10:27:56.5413506] UGameViewportClient::ViewportFrame = 0xF0
[2026-08-09 10:27:56.5413707] UGameViewportClient::MouseLockMode = 0x39C
[2026-08-09 10:27:56.5413908] UGameViewportClient::bFindCameraComponentWhenViewTarget = 0x5A
[2026-08-09 10:27:56.5414111] UGameViewportClient::InternalIndex = 0xC
[2026-08-09 10:27:56.5414315] UGameViewportClient::ObjectFlags = 0x8
[2026-08-09 10:27:56.5414521] UGameViewportClient::World = 0x78
[2026-08-09 10:27:56.5414726] UGameViewportClient::ActiveSplitscreenType = 0x70
[2026-08-09 10:27:56.5414928] UGameViewportClient::OnEndCursorOver = 0x1D6
[2026-08-09 10:27:56.5415133] UGameViewportClient::CustomTimeDilation = 0x64
[2026-08-09 10:27:56.5415339] UGameViewportClient::NamePrivate = 0x18
[2026-08-09 10:27:56.5415545] UGameViewportClient::InitialLifeSpan = 0x60
[2026-08-09 10:27:56.5415749] UGameViewportClient::AudioDeviceHandle = 0xF8
[2026-08-09 10:27:56.5415960] UGameViewportClient::bForceNetAddressable = 0x59
[2026-08-09 10:27:56.5416163] UGameViewportClient::InputPriority = 0x154
[2026-08-09 10:27:56.5416363] UGameViewportClient::bDisableSplitScreenOverride = 0x398
[2026-08-09 10:27:56.5416567] UGameViewportClient::Window = 0x100
[2026-08-09 10:27:56.5416767] UGameViewportClient::OuterPrivate = 0x20
[2026-08-09 10:27:56.5416968] UGameViewportClient::CurrentBufferVisualizationMode = 0x130
[2026-08-09 10:27:56.5417170] UGameViewportClient::bSuppressTransitionMessage = 0x88
[2026-08-09 10:27:56.5417371] UGameViewportClient::CurrentLumenVisualizationMode = 0x140
[2026-08-09 10:27:56.5417570] UGameViewportClient::CurrentNaniteVisualizationMode = 0x138
[2026-08-09 10:27:56.5417773] UGameViewportClient::CurrentVirtualShadowMapVisualizationMode = 0x148
[2026-08-09 10:27:56.5417974] UGameViewportClient::DebugProperties = 0x48
[2026-08-09 10:27:56.5418172] UGameViewportClient::EngineShowFlags = 0xB8
[2026-08-09 10:27:56.5418370] UGameViewportClient::AutoReceiveInput = 0x153
[2026-08-09 10:27:56.5418573] UGameViewportClient::GameLayerManagerPtr = 0x120
[2026-08-09 10:27:56.5418774] UGameViewportClient::OnClicked = 0x1D7
[2026-08-09 10:27:56.5418990] UGameViewportClient::OnActorBeginOverlap = 0x1D3
[2026-08-09 10:27:56.5419200] UGameViewportClient::HighResScreenshotDialog = 0x150
[2026-08-09 10:27:56.5419400] UGameViewportClient::OnInputTouchEnter = 0x1DB
[2026-08-09 10:27:56.5419599] UGameViewportClient::bHasAudioFocus = 0xFC
[2026-08-09 10:27:56.5419798] UGameViewportClient::OnEndPlay = 0x1DF
[2026-08-09 10:27:56.5419997] UGameViewportClient::ViewportOverlayWidget = 0x110
[2026-08-09 10:27:56.5420202] UGameViewportClient::MaxSplitscreenPlayers = 0x68
[2026-08-09 10:27:56.5420401] UGameViewportClient::MouseCaptureMode = 0x39A
[2026-08-09 10:27:56.5420598] UGameViewportClient::Layers = 0x1A8
[2026-08-09 10:27:56.5420796] UGameViewportClient::SplitscreenInfo = 0x58
[2026-08-09 10:27:56.5420997] UGameViewportClient::StatHitchesData = 0x390
[2026-08-09 10:27:56.5421195] UGameViewportClient::OnBeginCursorOver = 0x1D5
[2026-08-09 10:27:56.5421394] UGameViewportClient::StatUnitData = 0x388
[2026-08-09 10:27:56.5421591] UGameViewportClient::ViewModeIndex = 0xB0
[2026-08-09 10:27:56.5421791] UGameViewportClient::Viewport = 0xE8
[2026-08-09 10:27:56.5422030] UGameViewportClient::ViewportConsole = 0x40
[2026-08-09 10:27:56.5422233] UGameViewportClient::bHideCursorDuringCapture = 0x39B
[2026-08-09 10:27:56.5422434] UGameViewportClient::DetachFence = 0x280
[2026-08-09 10:27:56.5422635] UGameViewportClient::CreationTime = 0x158
[2026-08-09 10:27:56.5422835] UGameViewportClient::bIgnoreInput = 0x399
[2026-08-09 10:27:56.5423034] UGameViewportClient::bActorEnableCollision = 0x5C
[2026-08-09 10:27:56.5423234] UGameViewportClient::bIsMouseOverClient = 0x39D
[2026-08-09 10:27:56.5423433] UGameViewportClient::OnInputTouchEnd = 0x1DA
[2026-08-09 10:27:56.5423632] UGameViewportClient::bHasDeferredComponentRegistration = 0x5C
[2026-08-09 10:27:56.5423832] UGameViewportClient::AttachmentReplication = 0x70
[2026-08-09 10:27:56.5424033] UGameViewportClient::DefaultUpdateOverlapsMethodDuringLevelStreaming = 0x5F
[2026-08-09 10:27:56.5424233] UGameViewportClient::InputComponent = 0x160
[2026-08-09 10:27:56.5424433] UGameViewportClient::LastRenderTime = 0x17C
[2026-08-09 10:27:56.5424633] UGameViewportClient::MinNetUpdateFrequency = 0x174
[2026-08-09 10:27:56.5424835] UGameViewportClient::NetCullDistanceSquared = 0x168
[2026-08-09 10:27:56.5425037] UGameViewportClient::OnActorEndOverlap = 0x1D4
[2026-08-09 10:27:56.5425238] UGameViewportClient::NetDormancy = 0x151
[2026-08-09 10:27:56.5425499] UGameViewportClient::NetDriverName = 0x148
[2026-08-09 10:27:56.5425786] UGameViewportClient::NetTag = 0x16C
[2026-08-09 10:27:56.5425998] UGameViewportClient::NetPriority = 0x178
[2026-08-09 10:27:56.5426206] UGameViewportClient::NetUpdateFrequency = 0x170
[2026-08-09 10:27:56.5426407] UGameViewportClient::OnActorHit = 0x1DD
[2026-08-09 10:27:56.5426610] UGameViewportClient::OnDestroyed = 0x1DE
[2026-08-09 10:27:56.5426813] UGameViewportClient::OnInputTouchBegin = 0x1D9
[2026-08-09 10:27:56.5427014] UGameViewportClient::OnInputTouchLeave = 0x1DC
[2026-08-09 10:27:56.5427220] UGameViewportClient::OnReleased = 0x1D8
[2026-08-09 10:27:56.5427422] UGameViewportClient::OnTakeAnyDamage = 0x1D0
[2026-08-09 10:27:56.5427622] UGameViewportClient::OnTakePointDamage = 0x1D1
[2026-08-09 10:27:56.5427826] UGameViewportClient::OnTakeRadialDamage = 0x1D2
[2026-08-09 10:27:56.5428030] UGameViewportClient::ParentComponent = 0x1B8
[2026-08-09 10:27:56.5428232] UGameViewportClient::PrimaryActorTick = 0x28
[2026-08-09 10:27:56.5428432] UGameViewportClient::RayTracingGroupId = 0x6C
[2026-08-09 10:27:56.5428633] UGameViewportClient::RemoteRole = 0x68
[2026-08-09 10:27:56.5428834] UGameViewportClient::ReplicatedComponentsInfo = 0x1F0
[2026-08-09 10:27:56.5429036] UGameViewportClient::ReplicatedMovement = 0xD0
[2026-08-09 10:27:56.5429242] UGameViewportClient::ReplicatedSubObjects = 0x1E0
[2026-08-09 10:27:56.5429443] UGameViewportClient::Role = 0x150
[2026-08-09 10:27:56.5429643] UGameViewportClient::RootComponent = 0x198
[2026-08-09 10:27:56.5429921] UGameViewportClient::SpawnCollisionHandlingMethod = 0x152
[2026-08-09 10:27:56.5430139] UGameViewportClient::Tags = 0x1C0
[2026-08-09 10:27:56.5430348] UGameViewportClient::TimerHandle_LifeSpanExpired = 0x1A0
[2026-08-09 10:27:56.5430551] UGameViewportClient::UpdateOverlapsMethodDuringLevelStreaming = 0x5E
[2026-08-09 10:27:56.5430755] UGameViewportClient::InternalIndex_Private = 0xC
[2026-08-09 10:27:56.5430957] UGameViewportClient::UEP_TotalSize = 0x28
[2026-08-09 10:27:56.5431160] UGameViewportClient::bShowTitleSafeZone = 0x6C
[2026-08-09 10:27:56.5431360] UGameViewportClient::bIsPlayInEditorViewport = 0x6C
[2026-08-09 10:27:56.5431560] UGameViewportClient::bDisableWorldRendering = 0x6C
[2026-08-09 10:27:56.5431764] UGameViewportClient::HardwareCursorCache = 0x160
[2026-08-09 10:27:56.5431967] UGameViewportClient::HardwareCursors = 0x1B0
[2026-08-09 10:27:56.5432167] UGameViewportClient::CursorWidgets = 0x200
[2026-08-09 10:27:56.5432366] UGameViewportClient::ActorHasBegunPlay = 0x5D
[2026-08-09 10:27:56.5432568] UGameViewportClient::bNetTemporary = 0x58
[2026-08-09 10:27:56.5432767] UGameViewportClient::bActorIsBeingConstructed = 0x5D
[2026-08-09 10:27:56.5432968] UGameViewportClient::bNetStartup = 0x58
[2026-08-09 10:27:56.5433170] UGameViewportClient::bOnlyRelevantToOwner = 0x58
[2026-08-09 10:27:56.5433370] UGameViewportClient::bAlwaysRelevant = 0x58
[2026-08-09 10:27:56.5433568] UGameViewportClient::bReplicateMovement = 0x58
[2026-08-09 10:27:56.5433770] UGameViewportClient::bCallPreReplication = 0x58
[2026-08-09 10:27:56.5433970] UGameViewportClient::bCallPreReplicationForReplay = 0x58
[2026-08-09 10:27:56.5434171] UGameViewportClient::bHidden = 0x58
[2026-08-09 10:27:56.5434370] UGameViewportClient::bTearOff = 0x59
[2026-08-09 10:27:56.5434568] UGameViewportClient::bExchangedRoles = 0x59
[2026-08-09 10:27:56.5434767] UGameViewportClient::bNetLoadOnClient = 0x59
[2026-08-09 10:27:56.5434966] UGameViewportClient::bNetUseOwnerRelevancy = 0x59
[2026-08-09 10:27:56.5435218] UGameViewportClient::bRelevantForNetworkReplays = 0x59
[2026-08-09 10:27:56.5435518] UGameViewportClient::bRelevantForLevelBounds = 0x59
[2026-08-09 10:27:56.5435755] UGameViewportClient::bReplayRewindable = 0x59
[2026-08-09 10:27:56.5435956] UGameViewportClient::bAllowTickBeforeBeginPlay = 0x5A
[2026-08-09 10:27:56.5436156] UGameViewportClient::bAutoDestroyWhenFinished = 0x5A
[2026-08-09 10:27:56.5436358] UGameViewportClient::bCanBeDamaged = 0x5A
[2026-08-09 10:27:56.5436560] UGameViewportClient::bBlockInput = 0x5A
[2026-08-09 10:27:56.5436763] UGameViewportClient::bCollideWhenPlacing = 0x5A
[2026-08-09 10:27:56.5436968] UGameViewportClient::bGenerateOverlapEventsDuringLevelStreaming = 0x5A
[2026-08-09 10:27:56.5437170] UGameViewportClient::bIgnoresOriginShifting = 0x5A
[2026-08-09 10:27:56.5437377] UGameViewportClient::bHasRegisteredAllComponents = 0x5C
[2026-08-09 10:27:56.5437582] UGameViewportClient::bEnableAutoLODGeneration = 0x5B
[2026-08-09 10:27:56.5437791] UGameViewportClient::bIsEditorOnlyActor = 0x5B
[2026-08-09 10:27:56.5437994] UGameViewportClient::bActorSeamlessTraveled = 0x5B
[2026-08-09 10:27:56.5438196] UGameViewportClient::bReplicates = 0x5B
[2026-08-09 10:27:56.5438399] UGameViewportClient::bCanBeInCluster = 0x5B
[2026-08-09 10:27:56.5438602] UGameViewportClient::bAllowReceiveTickEventOnDedicatedServer = 0x5B
[2026-08-09 10:27:56.5438810] UGameViewportClient::bNetCheckedInitialPhysicsState = 0x5B
[2026-08-09 10:27:56.5439023] UGameViewportClient::bReplicateUsingRegisteredSubObjectList = 0x5B
[2026-08-09 10:27:56.5439230] UGameViewportClient::bHasFinishedSpawning = 0x5C
[2026-08-09 10:27:56.5439549] UGameViewportClient::bActorInitialized = 0x5C
[2026-08-09 10:27:56.5439757] UGameViewportClient::bActorBeginningPlayFromLevelStreaming = 0x5C
[2026-08-09 10:27:56.5439959] UGameViewportClient::bTickFunctionsRegistered = 0x5C
[2026-08-09 10:27:56.5440162] UGameViewportClient::bRunningUserConstructionScript = 0x5C
[2026-08-09 10:27:56.5440369] UGameViewportClient::bActorIsBeingDestroyed = 0x5D
[2026-08-09 10:27:56.5440582] UGameViewportClient::bActorWantsDestroyDuringBeginPlay = 0x5D
[2026-08-09 10:27:56.5440816] UGameViewportClient::bAsyncPhysicsTickEnabled = 0x5D
[2026-08-09 10:27:56.5441037] UGameViewportClient::Owner = 0x140
[2026-08-09 10:27:56.5441240] UGameViewportClient::Children = 0x188
[2026-08-09 10:27:56.5441448] UPlayer::UEP_TotalSize = 0x48
[2026-08-09 10:27:56.5441663] UPlayer::ConfiguredLanSpeed = 0x40
[2026-08-09 10:27:56.5441863] UPlayer::ConfiguredInternetSpeed = 0x3C
[2026-08-09 10:27:56.5442067] UPlayer::CurrentNetSpeed = 0x38
[2026-08-09 10:27:56.5442273] ULocalPlayer::AspectRatioAxisConstraint = 0xB8
[2026-08-09 10:27:56.5442478] ULocalPlayer::SlateOperations = 0x1E0
[2026-08-09 10:27:56.5442687] ULocalPlayer::CachedUniqueNetId = 0x48
[2026-08-09 10:27:56.5442893] ULocalPlayer::ControllerId = 0xE0
[2026-08-09 10:27:56.5443097] ULocalPlayer::ViewportClient = 0x78
[2026-08-09 10:27:56.5443297] ULocalPlayer::bSentSplitJoin = 0xC8
[2026-08-09 10:27:56.5443498] ULocalPlayer::PlatformUserId = 0x100
[2026-08-09 10:27:56.5443701] ULocalPlayer::UEP_TotalSize = 0x298
[2026-08-09 10:27:56.5443905] UWorld::BlockTillLevelStreamingCompletedEpoch = 0x144
[2026-08-09 10:27:56.5444110] UWorld::bAllowAudioPlayback = 0x13E
[2026-08-09 10:27:56.5444315] UWorld::ActiveLevelCollectionIndex = 0x190
[2026-08-09 10:27:56.5444515] UWorld::AudioTimeSeconds = 0x678
[2026-08-09 10:27:56.5444723] UWorld::CommittedPersistentLevelName = 0x700
[2026-08-09 10:27:56.5444926] UWorld::bInTick = 0x13B
[2026-08-09 10:27:56.5445191] UWorld::CleanupWorldTag = 0x70C
[2026-08-09 10:27:56.5445588] UWorld::LWILastAssignedUID = 0x258
[2026-08-09 10:27:56.5445884] UWorld::BuildStreamingDataTimer = 0x448
[2026-08-09 10:27:56.5446228] UWorld::bTickNewlySpawned = 0x13B
[2026-08-09 10:27:56.5446452] UWorld::AuthorityGameMode = 0x150
[2026-08-09 10:27:56.5446662] UWorld::DeltaRealTimeSeconds = 0x680
[2026-08-09 10:27:56.5446868] UWorld::DeltaTimeSeconds = 0x684
[2026-08-09 10:27:56.5447074] UWorld::bSupportsMakingInvisibleTransactionRequests = 0xDA
[2026-08-09 10:27:56.5447343] UWorld::bPlayersOnly = 0x13D
[2026-08-09 10:27:56.5447553] UWorld::ExtraReferencedObjects = 0x68
[2026-08-09 10:27:56.5447760] UWorld::PreparingLevelNames = 0x6F0
[2026-08-09 10:27:56.5447963] UWorld::IsInBlockTillLevelStreamingCompleted = 0x140
[2026-08-09 10:27:56.5448171] UWorld::bIsRunningConstructionScript = 0x13C
[2026-08-09 10:27:56.5448375] UWorld::bAllowDeferredPhysicsStateCreation = 0x108
[2026-08-09 10:27:56.5448577] UWorld::LastRenderTime = 0x130
[2026-08-09 10:27:56.5448781] UWorld::LastTimeUnbuiltLightingWasEncountered = 0x658
[2026-08-09 10:27:56.5448984] UWorld::bHasEverBeenInitialized = 0x13F
[2026-08-09 10:27:56.5449188] UWorld::NextSwitchCountdown = 0x6C0
[2026-08-09 10:27:56.5449391] UWorld::bMaterialParameterCollectionInstanceNeedsDeferredUpdate = 0x13F
[2026-08-09 10:27:56.5449595] UWorld::RealTimeSeconds = 0x670
[2026-08-09 10:27:56.5449797] UWorld::NextURL = 0x6E0
[2026-08-09 10:27:56.5450001] UWorld::NumStreamingLevelsBeingLoaded = 0x6DA
[2026-08-09 10:27:56.5450205] UWorld::PauseDelay = 0x688
[2026-08-09 10:27:56.5450409] UWorld::PerModuleDataObjects = 0x78
[2026-08-09 10:27:56.5450617] UWorld::bIsDefaultLevel = 0x13C
[2026-08-09 10:27:56.5450822] UWorld::PlayerNum = 0x618
[2026-08-09 10:27:56.5451026] UWorld::bAggressiveLOD = 0x13C
[2026-08-09 10:27:56.5451227] UWorld::StreamingLevelsPrefix = 0xC8
[2026-08-09 10:27:56.5451432] UWorld::bIsLevelStreamingFrozen = 0x13B
[2026-08-09 10:27:56.5451637] UWorld::bTriggerPostLoadMap = 0x13B
[2026-08-09 10:27:56.5451842] UWorld::StreamingVolumeUpdateDelay = 0x61C
[2026-08-09 10:27:56.5452046] UWorld::bIsBuilt = 0x13B
[2026-08-09 10:27:56.5452247] UWorld::TimeSeconds = 0x660
[2026-08-09 10:27:56.5452448] UWorld::UnpausedTimeSeconds = 0x668
[2026-08-09 10:27:56.5452650] UWorld::bShouldForceVisibleStreamingLevels = 0x13E
[2026-08-09 10:27:56.5452852] UWorld::bSupportsMakingVisibleTransactionRequests = 0xD8
[2026-08-09 10:27:56.5453055] UWorld::bPlayersOnlyPending = 0x13D
[2026-08-09 10:27:56.5453257] UWorld::bWorldWasLoadedThisTick = 0x13B
[2026-08-09 10:27:56.5453460] UWorld::bPostTickComponentUpdate = 0x13B
[2026-08-09 10:27:56.5453687] UWorld::bShouldSimulatePhysics = 0x13C
[2026-08-09 10:27:56.5453900] UWorld::bIsWorldInitialized = 0x13B
[2026-08-09 10:27:56.5454104] UWorld::bDoDelayedUpdateCullDistanceVolumes = 0x13C
[2026-08-09 10:27:56.5454312] UWorld::bRequestedBlockOnAsyncLoading = 0x13C
[2026-08-09 10:27:56.5454515] UWorld::bDropDetail = 0x13C
[2026-08-09 10:27:56.5454762] UWorld::bActorsInitialized = 0x13C
[2026-08-09 10:27:56.5455044] UWorld::bBegunPlay = 0x13D
[2026-08-09 10:27:56.5455253] UWorld::bIsCameraMoveableWhenPaused = 0x13E
[2026-08-09 10:27:56.5455459] UWorld::bMatchStarted = 0x13D
[2026-08-09 10:27:56.5455662] UWorld::bStartup = 0x13D
[2026-08-09 10:27:56.5455867] UWorld::bAreConstraintsDirty = 0x13E
[2026-08-09 10:27:56.5456070] UWorld::bIsTearingDown = 0x13D
[2026-08-09 10:27:56.5456274] UWorld::bKismetScriptError = 0x13D
[2026-08-09 10:27:56.5456473] UWorld::bDebugPauseExecution = 0x13D
[2026-08-09 10:27:56.5456676] UWorld::bRequiresHitProxies = 0x13E
[2026-08-09 10:27:56.5456877] UWorld::bShouldTick = 0x13E
[2026-08-09 10:27:56.5457080] UWorld::bStreamingDataDirty = 0x13E
[2026-08-09 10:27:56.5457286] UWorld::bShouldForceUnloadStreamingLevels = 0x13E
[2026-08-09 10:27:56.5457490] UWorld::URL = 0x540
[2026-08-09 10:27:56.5457693] UWorld::bMarkedObjectsPendingKill = 0x708
[2026-08-09 10:27:56.5457898] UWorld::UEP_TotalSize = 0x898
[2026-08-09 10:27:56.5458108] UDataTable::RowStruct = 0x28
[2026-08-09 10:27:56.5458311] UDataTable::RowMap = 0x30
[2026-08-09 10:27:56.5458514] UDataTable::UEP_TotalSize = 0xB0
[2026-08-09 10:27:56.5458717] UDataTable::ImportKeyField = 0x88
[2026-08-09 10:27:56.5458918] UDataTable::bStripFromClientBuilds = 0x80
[2026-08-09 10:27:56.5459120] UDataTable::bIgnoreExtraFields = 0x80
[2026-08-09 10:27:56.5459326] UDataTable::bIgnoreMissingFields = 0x80
[2026-08-09 10:27:56.5459530] FUObjectItem::Object = 0x0
[2026-08-09 10:27:56.5459731] FUObjectItem::Flags = 0x8
[2026-08-09 10:27:56.5459934] FUObjectItem::ClusterRootIndex = 0xC
[2026-08-09 10:27:56.5460140] FUObjectItem::SerialNumber = 0x10
[2026-08-09 10:27:56.5460343] FUObjectItem::UEP_TotalSize = 0x18
[2026-08-09 10:27:56.5460548] FUObjectArray::ObjFirstGCIndex = 0x0
[2026-08-09 10:27:56.5460751] FUObjectArray::ObjLastNonGCIndex = 0x4
[2026-08-09 10:27:56.5460955] FUObjectArray::MaxObjectsNotConsideredByGC = 0x8
[2026-08-09 10:27:56.5461159] FUObjectArray::ObjObjects = 0x10
[2026-08-09 10:27:56.5461361] FUObjectArray::UObjectCreateListeners = 0x68
[2026-08-09 10:27:56.5461565] FUObjectArray::OpenForDisregardForGC = 0xC
[2026-08-09 10:27:56.5461768] FUObjectArray::UObjectDeleteListeners = 0x78
[2026-08-09 10:27:56.5461970] FUObjectArray::ObjAvailableList = 0x58
[2026-08-09 10:27:56.5462171] FUObjectArray::PrimarySerialNumber = 0xB0
[2026-08-09 10:27:56.5462371] FUObjectArray::UEP_TotalSize = 0xB8
[2026-08-09 10:27:56.5462572] TUObjectArray::NumChunks = 0x1C
[2026-08-09 10:27:56.5462772] TUObjectArray::Objects = 0x0
[2026-08-09 10:27:56.5462973] TUObjectArray::UEP_TotalSize = 0x20
[2026-08-09 10:27:56.5463174] TUObjectArray::PreAllocatedObjects = 0x8
[2026-08-09 10:27:56.5463376] TUObjectArray::MaxElements = 0x10
[2026-08-09 10:27:56.5463577] TUObjectArray::NumElements = 0x14
[2026-08-09 10:27:56.5463778] TUObjectArray::MaxChunks = 0x18
[2026-08-09 10:27:56.5463981] 
##### MEMBER OFFSETS END (MemberVariableLayout) #####

[2026-08-09 10:27:56.5466086] DebugGame Setting Enabled? false
[2026-08-09 10:27:56.5511037] PS Scan attempt 1 (Phase 2)
[2026-08-09 10:27:56.5512105] [PS] Reading image
[2026-08-09 10:27:56.5513859] [PS] Starting scan
[2026-08-09 10:27:56.9327257] [PS] Scan finished in 381.258ms
[2026-08-09 10:27:56.9328372] [PS] Found EngineVersion: 5.1
[2026-08-09 10:27:56.9328749] [PS] Found GUObjectArray: 0x7ff66fd70580
[2026-08-09 10:27:56.9329086] [PS] Found GMalloc: 0x7ff66fc97f18
[2026-08-09 10:27:56.9329421] [PS] Found FName::ToString: 0x7ff669d549f0
[2026-08-09 10:27:56.9329770] [PS] Found FName::FName(wchar_t*): 0x7ff669d43820
[2026-08-09 10:27:56.9330090] [PS] Found StaticConstructObject_Internal: 0x7ff669ee9190
[2026-08-09 10:27:56.9331402] [PS] Found FUObjectHashTables::Get(): 0x7ff669ef2ea0
[2026-08-09 10:27:56.9331833] [PS] Found GNatives: 0x7ff66fd6f030
[2026-08-09 10:27:56.9332202] [PS] Failed to find ConsoleManagerSingleton: ConsoleManagerSingleton: found 2 unique values [7FF669C40730, 7FF66AE32BB0]
[2026-08-09 10:27:56.9332512] [PS] You can supply your own AOB in 'UE4SS_Signatures/ConsoleManager.lua'
[2026-08-09 10:27:56.9332822] [PS] Found GameEngineTick: 0x7ff66bad3c80
[2026-08-09 10:27:56.9333185] PS scan successful
[2026-08-09 10:27:56.9338604] Running second pass of Lua override scans
[2026-08-09 10:27:56.9339157] Lua Scan attempt 1 (Phase 2)
[2026-08-09 10:27:56.9339735] Verifying FName constructor...
[2026-08-09 10:27:56.9378306] [UE4SS.FNameConstructor.FNameConstructorVerificationHook] Added posthook with Id '0X8000200000000001'!
[2026-08-09 10:27:57.0178029] [UE4SS.EngineTick.FNameConstructorUnhooker] Added prehook with Id '0X6020000000000001'!
[2026-08-09 10:27:57.0179266] FName constructor verified at 0x00007FF669D43820
[2026-08-09 10:27:57.0179878] Using engine version: 5.1
[2026-08-09 10:27:57.0180197] Waiting for object construction...
[2026-08-09 10:27:58.6264138] Locating KismetSystemLibrary...
[2026-08-09 10:27:58.6548567] Locating KismetSystemLibrary:Conv_NameToString...
[2026-08-09 10:28:07.0044667] Locating KismetSystemLibrary CDO...
[2026-08-09 10:28:07.0491877] Already constructed: ["/Script/CoreUObject", "Class"]
[2026-08-09 10:28:07.0493083] Already constructed: ["/Script/CoreUObject"]
[2026-08-09 10:28:07.0493756] Already constructed: ["/Script/CoreUObject", "Struct"]
[2026-08-09 10:28:07.0494169] Already constructed: ["/Script/Engine", "Pawn"]
[2026-08-09 10:28:07.0494477] Already constructed: ["/Script/Engine", "Character"]
[2026-08-09 10:28:07.0494713] Already constructed: ["/Script/Engine", "Actor"]
[2026-08-09 10:28:07.0496395] Already constructed: ["/Script/CoreUObject", "Vector"]
[2026-08-09 10:28:07.0501094] Already constructed: ["/Script/Engine", "Default__DefaultPawn"]
[2026-08-09 10:28:07.0502710] Already constructed: ["/Script/Engine", "HitResult"]
[2026-08-09 10:28:07.0507069] Already constructed: ["/Script/Engine", "Default__MaterialExpression"]
[2026-08-09 10:28:07.0507478] Already constructed: ["/Script/Engine", "ActorComponent"]
[2026-08-09 10:28:07.0508538] Already constructed: ["/Script/CoreUObject", "OrientedBox"]
[2026-08-09 10:28:07.0509049] Already constructed: ["/Script/Engine", "MovementComponent"]
[2026-08-09 10:28:07.0509642] Already constructed: ["/Script/Engine", "HUD"]
[2026-08-09 10:28:07.0509932] Already constructed: ["/Script/Engine", "PlayerController"]
[2026-08-09 10:28:07.0510713] Already constructed: ["/Script/Engine", "PlayerCameraManager"]
[2026-08-09 10:28:07.0512277] Already constructed: ["/Script/CoreUObject", "EInterpCurveMode"]
[2026-08-09 10:28:07.0514437] Already constructed: ["/Script/Engine", "ENetRole"]
[2026-08-09 10:28:07.0519641] Already constructed: ["/Script/MovieScene", "MovieSceneEditorData"]
[2026-08-09 10:28:07.0520220] Already constructed: ["/Script/UMG", "Widget"]
[2026-08-09 10:28:07.0521573] Already constructed: ["/Script/UMG", "ComboBoxString"]
[2026-08-09 10:28:07.0521997] Already constructed: ["/Script/CoreUObject", "Interface"]
[2026-08-09 10:28:07.0523261] Already constructed: ["/Script/CoreUObject", "DynamicClass"]
[2026-08-09 10:28:07.2502392] GameEngine::LoadMap address 0x7ff66c08e4c0
[2026-08-09 10:28:07.2503360] GameEngine::Tick address (vtable: 0x7ff5ebb60000; scan: 0x7ff66bad3c80)
[2026-08-09 10:28:07.2503672] WARNING: VTable and scan addresses differ for UGameEngine::Tick. Potentially customized vtables.
[2026-08-09 10:28:07.2503989] GameEngine: 0x152ef243250 GameEngine /Script/Engine.Default__GameEngine
[2026-08-09 10:28:07.2504279] VTable entries:
[2026-08-09 10:28:07.2504601] -8: 0x7ff66c0a2510
[2026-08-09 10:28:07.2504900] -7: 0x7ff66c0a2520
[2026-08-09 10:28:07.2505201] -6: 0x7ff669bf19f0
[2026-08-09 10:28:07.2505488] -5: 0x7ff66c081720
[2026-08-09 10:28:07.2505779] -4: 0x7ff66bacc9e0
[2026-08-09 10:28:07.2506072] -3: 0x7ff66bad3090
[2026-08-09 10:28:07.2506453] -2: 0x7ff66baceda0
[2026-08-09 10:28:07.2506775] -1: 0x7ff66c093ee0
[2026-08-09 10:28:07.2507079] S0: 0x7ff5ebb60000
[2026-08-09 10:28:07.2507377] +1: 0x7ff66c0a1920
[2026-08-09 10:28:07.2507645] +2: 0x7ff66c075770
[2026-08-09 10:28:07.2507952] +3: 0x7ff66bac8530
[2026-08-09 10:28:07.2508267] +4: 0x7ff66c082a50
[2026-08-09 10:28:07.2508563] +5: 0x7ff66c09afe0
[2026-08-09 10:28:07.2508870] +6: 0x7ff66c0a17c0
[2026-08-09 10:28:07.2509208] +7: 0x7ff66c08d4d0
[2026-08-09 10:28:07.2509538] +8: 0x7ff66c0913d0
[2026-08-09 10:28:07.2509821] Using scan address for GameEngine::Tick
[2026-08-09 10:28:07.2510329] [UE4SS.EngineTick.GameThreadInitializer] Added prehook with Id '0X6020000000000002'!
[2026-08-09 10:28:07.2510632] GameModeBase::InitGameState address 0x7ff66baee8d0
[2026-08-09 10:28:07.2510927] AActor::BeginPlay address 0x7ff66b75fc90
[2026-08-09 10:28:07.2511202] AActor::EndPlay address 0x7ff66b765c80
[2026-08-09 10:28:07.2511493] AActor::Tick address 0x7ff66b7786e0
[2026-08-09 10:28:07.2511780] GameViewportClient::Tick address 0x7ff66bb3d0e0
[2026-08-09 10:28:07.2512072] ProcessEvent address 0x7ff669ec76c0
[2026-08-09 10:28:07.2512418] ProcessConsoleExec address 0x7ff667476530
[2026-08-09 10:28:07.2512749] UStruct::Link address 0x7ff669df7020
[2026-08-09 10:28:07.2513146] Constructed 0 of 0 objects
[2026-08-09 10:28:07.5080283] FText size detected as 0x18 bytes.
[2026-08-09 10:28:07.5084848] ProcessInternal address: 0x7ff669ec7b00
[2026-08-09 10:28:07.5085416] ProcessLocalScriptFunction address: 0x7ff669ec7bb0
[2026-08-09 10:28:07.5085722] UnrealConfig.FExecVTableOffsetInLocalPlayer: 28
[2026-08-09 10:28:07.5086019] Post-initialization: GMalloc: 0x7ff66fc97f18 -> 0x152d0b0c880
[2026-08-09 10:28:07.5086411] Starting callback garbage collector![2026-08-09 10:28:07.5129930] [UE4SS.StaticConstructObject.ObjectSearcherPoolHook] Added posthook with Id '0X9000000000000001'!
[2026-08-09 10:28:07.5130921] 
##### MEMBER OFFSETS START (Coalesced) #####

[2026-08-09 10:28:07.5131279] UObjectBase::bUseSoftwareCursorWidgets = 0x250
[2026-08-09 10:28:07.5131551] UObjectBase::ClassPrivate = 0x10
[2026-08-09 10:28:07.5131802] UObjectBase::ViewportFrame = 0xF0
[2026-08-09 10:28:07.5132042] UObjectBase::MouseLockMode = 0x39C
[2026-08-09 10:28:07.5132296] UObjectBase::bFindCameraComponentWhenViewTarget = 0x5A
[2026-08-09 10:28:07.5132554] UObjectBase::InternalIndex = 0xC
[2026-08-09 10:28:07.5132809] UObjectBase::ObjectFlags = 0x8
[2026-08-09 10:28:07.5133060] UObjectBase::World = 0x78
[2026-08-09 10:28:07.5133322] UObjectBase::ActiveSplitscreenType = 0x70
[2026-08-09 10:28:07.5133563] UObjectBase::OnEndCursorOver = 0x1D6
[2026-08-09 10:28:07.5133799] UObjectBase::CustomTimeDilation = 0x64
[2026-08-09 10:28:07.5134032] UObjectBase::NamePrivate = 0x18
[2026-08-09 10:28:07.5134260] UObjectBase::InitialLifeSpan = 0x60
[2026-08-09 10:28:07.5134498] UObjectBase::AudioDeviceHandle = 0xF8
[2026-08-09 10:28:07.5134737] UObjectBase::bForceNetAddressable = 0x59
[2026-08-09 10:28:07.5134963] UObjectBase::InputPriority = 0x154
[2026-08-09 10:28:07.5135191] UObjectBase::bDisableSplitScreenOverride = 0x398
[2026-08-09 10:28:07.5135441] UObjectBase::Window = 0x100
[2026-08-09 10:28:07.5135685] UObjectBase::OuterPrivate = 0x20
[2026-08-09 10:28:07.5135956] UObjectBase::CurrentBufferVisualizationMode = 0x130
[2026-08-09 10:28:07.5136183] UObjectBase::bSuppressTransitionMessage = 0x88
[2026-08-09 10:28:07.5136414] UObjectBase::CurrentLumenVisualizationMode = 0x140
[2026-08-09 10:28:07.5136633] UObjectBase::CurrentNaniteVisualizationMode = 0x138
[2026-08-09 10:28:07.5136858] UObjectBase::CurrentVirtualShadowMapVisualizationMode = 0x148
[2026-08-09 10:28:07.5137088] UObjectBase::DebugProperties = 0x48
[2026-08-09 10:28:07.5137320] UObjectBase::EngineShowFlags = 0xB8
[2026-08-09 10:28:07.5137562] UObjectBase::AutoReceiveInput = 0x153
[2026-08-09 10:28:07.5137809] UObjectBase::GameLayerManagerPtr = 0x120
[2026-08-09 10:28:07.5138050] UObjectBase::OnClicked = 0x1D7
[2026-08-09 10:28:07.5138299] UObjectBase::OnActorBeginOverlap = 0x1D3
[2026-08-09 10:28:07.5138603] UObjectBase::HighResScreenshotDialog = 0x150
[2026-08-09 10:28:07.5138869] UObjectBase::OnInputTouchEnter = 0x1DB
[2026-08-09 10:28:07.5139109] UObjectBase::bHasAudioFocus = 0xFC
[2026-08-09 10:28:07.5139362] UObjectBase::OnEndPlay = 0x1DF
[2026-08-09 10:28:07.5139642] UObjectBase::ViewportOverlayWidget = 0x110
[2026-08-09 10:28:07.5139967] UObjectBase::MaxSplitscreenPlayers = 0x68
[2026-08-09 10:28:07.5140233] UObjectBase::MouseCaptureMode = 0x39A
[2026-08-09 10:28:07.5140539] UObjectBase::Layers = 0x1A8
[2026-08-09 10:28:07.5140918] UObjectBase::SplitscreenInfo = 0x58
[2026-08-09 10:28:07.5141152] UObjectBase::StatHitchesData = 0x390
[2026-08-09 10:28:07.5141416] UObjectBase::OnBeginCursorOver = 0x1D5
[2026-08-09 10:28:07.5141668] UObjectBase::StatUnitData = 0x388
[2026-08-09 10:28:07.5141906] UObjectBase::ViewModeIndex = 0xB0
[2026-08-09 10:28:07.5142150] UObjectBase::Viewport = 0xE8
[2026-08-09 10:28:07.5142399] UObjectBase::ViewportConsole = 0x40
[2026-08-09 10:28:07.5142634] UObjectBase::bHideCursorDuringCapture = 0x39B
[2026-08-09 10:28:07.5142881] UObjectBase::DetachFence = 0x280
[2026-08-09 10:28:07.5143119] UObjectBase::CreationTime = 0x158
[2026-08-09 10:28:07.5143364] UObjectBase::bIgnoreInput = 0x399
[2026-08-09 10:28:07.5143621] UObjectBase::bActorEnableCollision = 0x5C
[2026-08-09 10:28:07.5143867] UObjectBase::bIsMouseOverClient = 0x39D
[2026-08-09 10:28:07.5144120] UObjectBase::OnInputTouchEnd = 0x1DA
[2026-08-09 10:28:07.5144379] UObjectBase::bHasDeferredComponentRegistration = 0x5C
[2026-08-09 10:28:07.5144614] UObjectBase::AttachmentReplication = 0x70
[2026-08-09 10:28:07.5144855] UObjectBase::DefaultUpdateOverlapsMethodDuringLevelStreaming = 0x5F
[2026-08-09 10:28:07.5145100] UObjectBase::InputComponent = 0x160
[2026-08-09 10:28:07.5145340] UObjectBase::LastRenderTime = 0x17C
[2026-08-09 10:28:07.5145585] UObjectBase::MinNetUpdateFrequency = 0x174
[2026-08-09 10:28:07.5145809] UObjectBase::NetCullDistanceSquared = 0x168
[2026-08-09 10:28:07.5146032] UObjectBase::OnActorEndOverlap = 0x1D4
[2026-08-09 10:28:07.5146253] UObjectBase::NetDormancy = 0x151
[2026-08-09 10:28:07.5146495] UObjectBase::NetDriverName = 0x148
[2026-08-09 10:28:07.5146752] UObjectBase::NetTag = 0x16C
[2026-08-09 10:28:07.5146994] UObjectBase::NetPriority = 0x178
[2026-08-09 10:28:07.5147236] UObjectBase::NetUpdateFrequency = 0x170
[2026-08-09 10:28:07.5147491] UObjectBase::OnActorHit = 0x1DD
[2026-08-09 10:28:07.5147753] UObjectBase::OnDestroyed = 0x1DE
[2026-08-09 10:28:07.5147989] UObjectBase::OnInputTouchBegin = 0x1D9
[2026-08-09 10:28:07.5148233] UObjectBase::OnInputTouchLeave = 0x1DC
[2026-08-09 10:28:07.5148474] UObjectBase::OnReleased = 0x1D8
[2026-08-09 10:28:07.5148725] UObjectBase::OnTakeAnyDamage = 0x1D0
[2026-08-09 10:28:07.5148954] UObjectBase::OnTakePointDamage = 0x1D1
[2026-08-09 10:28:07.5149191] UObjectBase::OnTakeRadialDamage = 0x1D2
[2026-08-09 10:28:07.5149465] UObjectBase::ParentComponent = 0x1B8
[2026-08-09 10:28:07.5149704] UObjectBase::PrimaryActorTick = 0x28
[2026-08-09 10:28:07.5149954] UObjectBase::RayTracingGroupId = 0x6C
[2026-08-09 10:28:07.5150201] UObjectBase::RemoteRole = 0x68
[2026-08-09 10:28:07.5150449] UObjectBase::ReplicatedComponentsInfo = 0x1F0
[2026-08-09 10:28:07.5150697] UObjectBase::ReplicatedMovement = 0xD0
[2026-08-09 10:28:07.5150934] UObjectBase::ReplicatedSubObjects = 0x1E0
[2026-08-09 10:28:07.5151190] UObjectBase::Role = 0x150
[2026-08-09 10:28:07.5151424] UObjectBase::RootComponent = 0x198
[2026-08-09 10:28:07.5151679] UObjectBase::SpawnCollisionHandlingMethod = 0x152
[2026-08-09 10:28:07.5151932] UObjectBase::Tags = 0x1C0
[2026-08-09 10:28:07.5152224] UObjectBase::TimerHandle_LifeSpanExpired = 0x1A0
[2026-08-09 10:28:07.5152482] UObjectBase::UpdateOverlapsMethodDuringLevelStreaming = 0x5E
[2026-08-09 10:28:07.5152733] UObjectBase::InternalIndex_Private = 0xC
[2026-08-09 10:28:07.5152975] UObjectBase::UEP_TotalSize = 0x28
[2026-08-09 10:28:07.5153233] UObjectBase::bShowTitleSafeZone = 0x6C
[2026-08-09 10:28:07.5153473] UObjectBase::bIsPlayInEditorViewport = 0x6C
[2026-08-09 10:28:07.5153744] UObjectBase::bDisableWorldRendering = 0x6C
[2026-08-09 10:28:07.5154005] UObjectBase::HardwareCursorCache = 0x160
[2026-08-09 10:28:07.5154259] UObjectBase::HardwareCursors = 0x1B0
[2026-08-09 10:28:07.5154489] UObjectBase::CursorWidgets = 0x200
[2026-08-09 10:28:07.5154716] UObjectBase::ActorHasBegunPlay = 0x5D
[2026-08-09 10:28:07.5154942] UObjectBase::bNetTemporary = 0x58
[2026-08-09 10:28:07.5155189] UObjectBase::bActorIsBeingConstructed = 0x5D
[2026-08-09 10:28:07.5155433] UObjectBase::bNetStartup = 0x58
[2026-08-09 10:28:07.5155685] UObjectBase::bOnlyRelevantToOwner = 0x58
[2026-08-09 10:28:07.5155923] UObjectBase::bAlwaysRelevant = 0x58
[2026-08-09 10:28:07.5156165] UObjectBase::bReplicateMovement = 0x58
[2026-08-09 10:28:07.5156400] UObjectBase::bCallPreReplication = 0x58
[2026-08-09 10:28:07.5156639] UObjectBase::bCallPreReplicationForReplay = 0x58
[2026-08-09 10:28:07.5156882] UObjectBase::bHidden = 0x58
[2026-08-09 10:28:07.5157143] UObjectBase::bTearOff = 0x59
[2026-08-09 10:28:07.5157395] UObjectBase::bExchangedRoles = 0x59
[2026-08-09 10:28:07.5157634] UObjectBase::bNetLoadOnClient = 0x59
[2026-08-09 10:28:07.5157859] UObjectBase::bNetUseOwnerRelevancy = 0x59
[2026-08-09 10:28:07.5158081] UObjectBase::bRelevantForNetworkReplays = 0x59
[2026-08-09 10:28:07.5158326] UObjectBase::bRelevantForLevelBounds = 0x59
[2026-08-09 10:28:07.5158574] UObjectBase::bReplayRewindable = 0x59
[2026-08-09 10:28:07.5158837] UObjectBase::bAllowTickBeforeBeginPlay = 0x5A
[2026-08-09 10:28:07.5159094] UObjectBase::bAutoDestroyWhenFinished = 0x5A
[2026-08-09 10:28:07.5159351] UObjectBase::bCanBeDamaged = 0x5A
[2026-08-09 10:28:07.5159689] UObjectBase::bBlockInput = 0x5A
[2026-08-09 10:28:07.5159978] UObjectBase::bCollideWhenPlacing = 0x5A
[2026-08-09 10:28:07.5160216] UObjectBase::bGenerateOverlapEventsDuringLevelStreaming = 0x5A
[2026-08-09 10:28:07.5160468] UObjectBase::bIgnoresOriginShifting = 0x5A
[2026-08-09 10:28:07.5161126] UObjectBase::bHasRegisteredAllComponents = 0x5C
[2026-08-09 10:28:07.5161732] UObjectBase::bEnableAutoLODGeneration = 0x5B
[2026-08-09 10:28:07.5162124] UObjectBase::bIsEditorOnlyActor = 0x5B
[2026-08-09 10:28:07.5162503] UObjectBase::bActorSeamlessTraveled = 0x5B
[2026-08-09 10:28:07.5162863] UObjectBase::bReplicates = 0x5B
[2026-08-09 10:28:07.5163262] UObjectBase::bCanBeInCluster = 0x5B
[2026-08-09 10:28:07.5163612] UObjectBase::bAllowReceiveTickEventOnDedicatedServer = 0x5B
[2026-08-09 10:28:07.5163962] UObjectBase::bNetCheckedInitialPhysicsState = 0x5B
[2026-08-09 10:28:07.5164320] UObjectBase::bReplicateUsingRegisteredSubObjectList = 0x5B
[2026-08-09 10:28:07.5164620] UObjectBase::bHasFinishedSpawning = 0x5C
[2026-08-09 10:28:07.5164997] UObjectBase::bActorInitialized = 0x5C
[2026-08-09 10:28:07.5165350] UObjectBase::bActorBeginningPlayFromLevelStreaming = 0x5C
[2026-08-09 10:28:07.5165655] UObjectBase::bTickFunctionsRegistered = 0x5C
[2026-08-09 10:28:07.5165958] UObjectBase::bRunningUserConstructionScript = 0x5C
[2026-08-09 10:28:07.5166264] UObjectBase::bActorIsBeingDestroyed = 0x5D
[2026-08-09 10:28:07.5166846] UObjectBase::bActorWantsDestroyDuringBeginPlay = 0x5D
[2026-08-09 10:28:07.5167277] UObjectBase::bAsyncPhysicsTickEnabled = 0x5D
[2026-08-09 10:28:07.5167605] UObjectBase::Owner = 0x140
[2026-08-09 10:28:07.5167901] UObjectBase::Children = 0x188
[2026-08-09 10:28:07.5168233] UScriptStruct::ICppStructOps::Alignment = 0xC
[2026-08-09 10:28:07.5168467] UScriptStruct::ICppStructOps::Size = 0x8
[2026-08-09 10:28:07.5168684] UScriptStruct::ICppStructOps::UEP_TotalSize = 0x10
[2026-08-09 10:28:07.5168960] UStruct::DestructorLink = 0x80
[2026-08-09 10:28:07.5169266] UStruct::Children = 0x48
[2026-08-09 10:28:07.5169572] UStruct::ChildProperties = 0x50
[2026-08-09 10:28:07.5169850] UStruct::PostConstructLink = 0x88
[2026-08-09 10:28:07.5170065] UStruct::UnresolvedScriptProperties = 0xA0
[2026-08-09 10:28:07.5170277] UStruct::MinAlignment = 0x5C
[2026-08-09 10:28:07.5170486] UStruct::PropertiesSize = 0x58
[2026-08-09 10:28:07.5170702] UStruct::PropertyLink = 0x70
[2026-08-09 10:28:07.5171010] UStruct::RefLink = 0x78
[2026-08-09 10:28:07.5171328] UStruct::Script = 0x60
[2026-08-09 10:28:07.5171625] UStruct::ScriptAndPropertyObjectReferences = 0x90
[2026-08-09 10:28:07.5171935] UStruct::SuperStruct = 0x40
[2026-08-09 10:28:07.5172238] UStruct::UEP_TotalSize = 0xB0
[2026-08-09 10:28:07.5172652] UScriptStruct::UEP_TotalSize = 0xC0
[2026-08-09 10:28:07.5172961] UScriptStruct::StructFlags = 0xB0
[2026-08-09 10:28:07.5173211] UScriptStruct::CppStructOps = 0xB8
[2026-08-09 10:28:07.5173424] UScriptStruct::bPrepareCppStructOpsCompleted = 0xB4
[2026-08-09 10:28:07.5173638] UClass::ClassCastFlags = 0xD8
[2026-08-09 10:28:07.5173854] UClass::bLayoutChanging = 0xD1
[2026-08-09 10:28:07.5174060] UClass::ClassWithin = 0xE0
[2026-08-09 10:28:07.5174268] UClass::bCooked = 0xD0
[2026-08-09 10:28:07.5174470] UClass::ClassConfigName = 0xE8
[2026-08-09 10:28:07.5174679] UClass::ClassConstructor = 0xB0
[2026-08-09 10:28:07.5174890] UClass::ClassDefaultObject = 0x110
[2026-08-09 10:28:07.5175183] UClass::ClassFlags = 0xD4
[2026-08-09 10:28:07.5175489] UClass::ClassUnique = 0xC8
[2026-08-09 10:28:07.5175793] UClass::ClassVTableHelperCtorCaller = 0xB8
[2026-08-09 10:28:07.5176109] UClass::ReferenceTokenStream = 0x1E0
[2026-08-09 10:28:07.5176428] UClass::FirstOwnedClassRep = 0xCC
[2026-08-09 10:28:07.5176723] UClass::Interfaces = 0x1D0
[2026-08-09 10:28:07.5177020] UClass::NetFields = 0x100
[2026-08-09 10:28:07.5177313] UClass::SparseClassData = 0x118
[2026-08-09 10:28:07.5177630] UClass::SparseClassDataStruct = 0x120
[2026-08-09 10:28:07.5177963] UClass::FuncMap = 0x128
[2026-08-09 10:28:07.5178269] UClass::SuperFuncMap = 0x178
[2026-08-09 10:28:07.5178715] UClass::NativeFunctionLookupTable = 0x220
[2026-08-09 10:28:07.5178996] UClass::UEP_TotalSize = 0x230
[2026-08-09 10:28:07.5179307] UEnum::CppForm = 0x58
[2026-08-09 10:28:07.5179604] UEnum::CppType = 0x30
[2026-08-09 10:28:07.5179887] UEnum::EnumDisplayNameFn = 0x60
[2026-08-09 10:28:07.5180162] UEnum::Names = 0x48
[2026-08-09 10:28:07.5180429] UEnum::EnumFlags_Internal = 0x5C
[2026-08-09 10:28:07.5180716] UEnum::EnumPackage = 0x68
[2026-08-09 10:28:07.5181025] UEnum::UEP_TotalSize = 0x68
[2026-08-09 10:28:07.5181372] UFunction::EventGraphCallOffset = 0xD0
[2026-08-09 10:28:07.5181677] UFunction::EventGraphFunction = 0xC8
[2026-08-09 10:28:07.5181902] UFunction::RPCId = 0xBA
[2026-08-09 10:28:07.5182112] UFunction::FirstPropertyToInit = 0xC0
[2026-08-09 10:28:07.5182326] UFunction::Func = 0xD8
[2026-08-09 10:28:07.5182611] UFunction::FunctionFlags = 0xB0
[2026-08-09 10:28:07.5182910] UFunction::NumParms = 0xB4
[2026-08-09 10:28:07.5183200] UFunction::ParmsSize = 0xB6
[2026-08-09 10:28:07.5183454] UFunction::RPCResponseId = 0xBC
[2026-08-09 10:28:07.5183734] UFunction::ReturnValueOffset = 0xB8
[2026-08-09 10:28:07.5183947] UFunction::UEP_TotalSize = 0xE0
[2026-08-09 10:28:07.5184236] UField::Next = 0x28
[2026-08-09 10:28:07.5184509] UField::UEP_TotalSize = 0x30
[2026-08-09 10:28:07.5184815] FField::ClassPrivate = 0x8
[2026-08-09 10:28:07.5185133] FField::NamePrivate = 0x28
[2026-08-09 10:28:07.5185365] FField::FlagsPrivate = 0x30
[2026-08-09 10:28:07.5185580] FField::Next = 0x20
[2026-08-09 10:28:07.5185788] FField::Owner = 0x10
[2026-08-09 10:28:07.5186000] FField::UEP_TotalSize = 0x38
[2026-08-09 10:28:07.5186209] FProperty::ArrayDim = 0x38
[2026-08-09 10:28:07.5186415] FProperty::DestructorLinkNext = 0x68
[2026-08-09 10:28:07.5186625] FProperty::ElementSize = 0x3C
[2026-08-09 10:28:07.5186834] FProperty::NextRef = 0x60
[2026-08-09 10:28:07.5187039] FProperty::Offset_Internal = 0x4C
[2026-08-09 10:28:07.5187253] FProperty::PostConstructLinkNext = 0x70
[2026-08-09 10:28:07.5187464] FProperty::PropertyLinkNext = 0x58
[2026-08-09 10:28:07.5187675] FProperty::PropertyFlags = 0x40
[2026-08-09 10:28:07.5187915] FProperty::RepIndex = 0x48
[2026-08-09 10:28:07.5188130] FProperty::RepNotifyFunc = 0x50
[2026-08-09 10:28:07.5188339] FProperty::UEP_TotalSize = 0x78
[2026-08-09 10:28:07.5188548] FNumericProperty::ArrayDim = 0x38
[2026-08-09 10:28:07.5188824] FNumericProperty::DestructorLinkNext = 0x68
[2026-08-09 10:28:07.5189066] FNumericProperty::ElementSize = 0x3C
[2026-08-09 10:28:07.5189272] FNumericProperty::NextRef = 0x60
[2026-08-09 10:28:07.5189478] FNumericProperty::Offset_Internal = 0x4C
[2026-08-09 10:28:07.5189683] FNumericProperty::PostConstructLinkNext = 0x70
[2026-08-09 10:28:07.5189896] FNumericProperty::PropertyLinkNext = 0x58
[2026-08-09 10:28:07.5190103] FNumericProperty::PropertyFlags = 0x40
[2026-08-09 10:28:07.5190310] FNumericProperty::RepIndex = 0x48
[2026-08-09 10:28:07.5190515] FNumericProperty::RepNotifyFunc = 0x50
[2026-08-09 10:28:07.5190719] FNumericProperty::UEP_TotalSize = 0x78
[2026-08-09 10:28:07.5190931] FObjectPropertyBase::PropertyClass = 0x78
[2026-08-09 10:28:07.5191142] FObjectPropertyBase::UEP_TotalSize = 0x80
[2026-08-09 10:28:07.5191356] FStructProperty::Struct = 0x78
[2026-08-09 10:28:07.5191566] FStructProperty::UEP_TotalSize = 0x80
[2026-08-09 10:28:07.5191841] FArrayProperty::ArrayFlags = 0x80
[2026-08-09 10:28:07.5192103] FArrayProperty::Inner = 0x78
[2026-08-09 10:28:07.5192323] FArrayProperty::UEP_TotalSize = 0x88
[2026-08-09 10:28:07.5192542] FMapProperty::KeyProp = 0x78
[2026-08-09 10:28:07.5192756] FMapProperty::MapLayout = 0x88
[2026-08-09 10:28:07.5192967] FMapProperty::ValueProp = 0x80
[2026-08-09 10:28:07.5193190] FMapProperty::MapFlags = 0xA0
[2026-08-09 10:28:07.5193398] FMapProperty::UEP_TotalSize = 0xA8
[2026-08-09 10:28:07.5193606] FSetProperty::ElementProp = 0x78
[2026-08-09 10:28:07.5193813] FSetProperty::UEP_TotalSize = 0x98
[2026-08-09 10:28:07.5194038] FSetProperty::SetLayout = 0x80
[2026-08-09 10:28:07.5194250] FBoolProperty::FieldMask = 0x7B
[2026-08-09 10:28:07.5194459] FBoolProperty::ByteMask = 0x7A
[2026-08-09 10:28:07.5194665] FBoolProperty::FieldSize = 0x78
[2026-08-09 10:28:07.5194871] FBoolProperty::ByteOffset = 0x79
[2026-08-09 10:28:07.5195079] FBoolProperty::UEP_TotalSize = 0x80
[2026-08-09 10:28:07.5195294] FByteProperty::Enum = 0x78
[2026-08-09 10:28:07.5195507] FByteProperty::UEP_TotalSize = 0x80
[2026-08-09 10:28:07.5195722] FEnumProperty::Enum = 0x80
[2026-08-09 10:28:07.5195933] FEnumProperty::UEP_TotalSize = 0x88
[2026-08-09 10:28:07.5196142] FEnumProperty::UnderlyingProp = 0x78
[2026-08-09 10:28:07.5196351] FClassProperty::MetaClass = 0x80
[2026-08-09 10:28:07.5196557] FClassProperty::UEP_TotalSize = 0x88
[2026-08-09 10:28:07.5196765] FSoftClassProperty::MetaClass = 0x80
[2026-08-09 10:28:07.5196972] FSoftClassProperty::UEP_TotalSize = 0x88
[2026-08-09 10:28:07.5197182] FDelegateProperty::SignatureFunction = 0x78
[2026-08-09 10:28:07.5197392] FDelegateProperty::UEP_TotalSize = 0x80
[2026-08-09 10:28:07.5197600] FMulticastDelegateProperty::SignatureFunction = 0x78
[2026-08-09 10:28:07.5197811] FMulticastDelegateProperty::UEP_TotalSize = 0x80
[2026-08-09 10:28:07.5198023] FInterfaceProperty::InterfaceClass = 0x78
[2026-08-09 10:28:07.5198233] FInterfaceProperty::UEP_TotalSize = 0x80
[2026-08-09 10:28:07.5198678] FFieldPathProperty::PropertyClass = 0x78
[2026-08-09 10:28:07.5198905] FFieldPathProperty::UEP_TotalSize = 0x80
[2026-08-09 10:28:07.5199119] FWorldContext::ThisCurrentWorld = 0x2C0
[2026-08-09 10:28:07.5199329] FWorldContext::ExternalReferences = 0x2B0
[2026-08-09 10:28:07.5199538] FWorldContext::LastRemoteURL = 0x128
[2026-08-09 10:28:07.5199752] FWorldContext::ContextHandle = 0xA0
[2026-08-09 10:28:07.5200004] FWorldContext::PendingMapChangeFailureDescription = 0x1C8
[2026-08-09 10:28:07.5200279] FWorldContext::TravelURL = 0xA8
[2026-08-09 10:28:07.5200731] FWorldContext::TravelType = 0xB8
[2026-08-09 10:28:07.5201027] FWorldContext::LastURL = 0xC0
[2026-08-09 10:28:07.5201342] FWorldContext::LevelsToLoadForPendingMapChange = 0x1A8
[2026-08-09 10:28:07.5201644] FWorldContext::GarbageObjectsToVerify = 0x260
[2026-08-09 10:28:07.5201964] FWorldContext::bShouldCommitPendingMapChange = 0x1D8
[2026-08-09 10:28:07.5202255] FWorldContext::GameViewport = 0x200
[2026-08-09 10:28:07.5202583] FWorldContext::PIEInstance = 0x220
[2026-08-09 10:28:07.5202810] FWorldContext::PIEFixedTickSeconds = 0x258
[2026-08-09 10:28:07.5203079] FWorldContext::PIEPrefix = 0x228
[2026-08-09 10:28:07.5203329] FWorldContext::RunAsDedicated = 0x23C
[2026-08-09 10:28:07.5203553] FWorldContext::bWaitingOnOnlineSubsystem = 0x23D
[2026-08-09 10:28:07.5203766] FWorldContext::bIsPrimaryPIEInstance = 0x23E
[2026-08-09 10:28:07.5203977] FWorldContext::AudioDeviceID = 0x240
[2026-08-09 10:28:07.5204188] FWorldContext::CustomDescription = 0x248
[2026-08-09 10:28:07.5204396] FWorldContext::PIEAccumulatedTickSeconds = 0x25C
[2026-08-09 10:28:07.5204609] FWorldContext::UEP_TotalSize = 0x2C8
[2026-08-09 10:28:07.5204820] FOutputDevice::bAutoEmitLineTerminator = 0x9
[2026-08-09 10:28:07.5205031] FOutputDevice::bSuppressEventTag = 0x8
[2026-08-09 10:28:07.5205245] FOutputDevice::UEP_TotalSize = 0x10
[2026-08-09 10:28:07.5205460] FArchiveState::ArIsTextFormat = 0x28
[2026-08-09 10:28:07.5205680] FArchiveState::ArIsLoading = 0x28
[2026-08-09 10:28:07.5205893] FArchiveState::ArIsLoadingFromCookedPackage = 0x28
[2026-08-09 10:28:07.5206114] FArchiveState::ArPortFlags = 0x30
[2026-08-09 10:28:07.5206385] FArchiveState::ArIsTransacting = 0x28
[2026-08-09 10:28:07.5207109] FArchiveState::ArIsSaving = 0x28
[2026-08-09 10:28:07.5207592] FArchiveState::ArForceUnicode = 0x28
[2026-08-09 10:28:07.5208008] FArchiveState::ArIsModifyingWeakAndStrongReferences = 0x2B
[2026-08-09 10:28:07.5208357] FArchiveState::ArUseUnversionedPropertySerialization = 0x28
[2026-08-09 10:28:07.5208625] FArchiveState::ArWantBinaryPropertySerialization = 0x28
[2026-08-09 10:28:07.5208898] FArchiveState::ArIsObjectReferenceCollector = 0x2A
[2026-08-09 10:28:07.5209162] FArchiveState::ArIsPersistent = 0x29
[2026-08-09 10:28:07.5209460] FArchiveState::ArForceByteSwapping = 0x29
[2026-08-09 10:28:07.5209741] FArchiveState::ArIsError = 0x29
[2026-08-09 10:28:07.5210023] FArchiveState::ArUEVer = 0x40
[2026-08-09 10:28:07.5210311] FArchiveState::ArIsCriticalError = 0x29
[2026-08-09 10:28:07.5210605] FArchiveState::ArMaxSerializeSize = 0x38
[2026-08-09 10:28:07.5210933] FArchiveState::ArShouldSkipCompilingAssets = 0x29
[2026-08-09 10:28:07.5211243] FArchiveState::ArCustomPropertyList = 0x68
[2026-08-09 10:28:07.5211569] FArchiveState::ArContainsCode = 0x29
[2026-08-09 10:28:07.5211904] FArchiveState::ArIsNetArchive = 0x2B
[2026-08-09 10:28:07.5212187] FArchiveState::ArContainsMap = 0x29
[2026-08-09 10:28:07.5212490] FArchiveState::ArRequiresLocalizationGather = 0x29
[2026-08-09 10:28:07.5212804] FArchiveState::ArIgnoreArchetypeRef = 0x2A
[2026-08-09 10:28:07.5213106] FArchiveState::ArNoDelta = 0x2A
[2026-08-09 10:28:07.5213464] FArchiveState::ArNoIntraPropertyDelta = 0x2A
[2026-08-09 10:28:07.5213948] FArchiveState::ArIgnoreOuterRef = 0x2A
[2026-08-09 10:28:07.5214401] FArchiveState::ArIgnoreClassGeneratedByRef = 0x2A
[2026-08-09 10:28:07.5214910] FArchiveState::ArLicenseeUEVer = 0x48
[2026-08-09 10:28:07.5215294] FArchiveState::ArIgnoreClassRef = 0x2A
[2026-08-09 10:28:07.5215616] FArchiveState::ArAllowLazyLoading = 0x2A
[2026-08-09 10:28:07.5215929] FArchiveState::NextProxy = 0x90
[2026-08-09 10:28:07.5216229] FArchiveState::ArIsCountingMemory = 0x2B
[2026-08-09 10:28:07.5216550] FArchiveState::bCustomVersionsAreReset = 0x88
[2026-08-09 10:28:07.5216871] FArchiveState::ArEngineNetVer = 0x58
[2026-08-09 10:28:07.5217195] FArchiveState::ArShouldSkipBulkData = 0x2B
[2026-08-09 10:28:07.5217524] FArchiveState::ArIsFilterEditorOnly = 0x2B
[2026-08-09 10:28:07.5217832] FArchiveState::ArIsSaveGame = 0x2B
[2026-08-09 10:28:07.5218163] FArchiveState::ArUseCustomPropertyList = 0x2B
[2026-08-09 10:28:07.5218851] FArchiveState::UEP_TotalSize = 0x98
[2026-08-09 10:28:07.5219428] FArchiveState::ArSerializingDefaults = 0x2C
[2026-08-09 10:28:07.5220005] FArchiveState::ArEngineVer = 0x4C
[2026-08-09 10:28:07.5220341] FArchiveState::ArGameNetVer = 0x5C
[2026-08-09 10:28:07.5220652] FArchiveState::CustomVersionContainer = 0x60
[2026-08-09 10:28:07.5221003] FArchiveState::SerializedProperty = 0x78
[2026-08-09 10:28:07.5221443] AActor::bUseSoftwareCursorWidgets = 0x250
[2026-08-09 10:28:07.5221807] AActor::ClassPrivate = 0x10
[2026-08-09 10:28:07.5222128] AActor::ViewportFrame = 0xF0
[2026-08-09 10:28:07.5222431] AActor::MouseLockMode = 0x39C
[2026-08-09 10:28:07.5222813] AActor::bFindCameraComponentWhenViewTarget = 0x5A
[2026-08-09 10:28:07.5223283] AActor::InternalIndex = 0xC
[2026-08-09 10:28:07.5223748] AActor::ObjectFlags = 0x8
[2026-08-09 10:28:07.5224142] AActor::World = 0x78
[2026-08-09 10:28:07.5224656] AActor::ActiveSplitscreenType = 0x70
[2026-08-09 10:28:07.5225140] AActor::OnEndCursorOver = 0x1D6
[2026-08-09 10:28:07.5225469] AActor::CustomTimeDilation = 0x64
[2026-08-09 10:28:07.5225800] AActor::NamePrivate = 0x18
[2026-08-09 10:28:07.5226145] AActor::InitialLifeSpan = 0x60
[2026-08-09 10:28:07.5226576] AActor::AudioDeviceHandle = 0xF8
[2026-08-09 10:28:07.5226898] AActor::bForceNetAddressable = 0x59
[2026-08-09 10:28:07.5227201] AActor::InputPriority = 0x154
[2026-08-09 10:28:07.5227491] AActor::bDisableSplitScreenOverride = 0x398
[2026-08-09 10:28:07.5227776] AActor::Window = 0x100
[2026-08-09 10:28:07.5228071] AActor::OuterPrivate = 0x20
[2026-08-09 10:28:07.5228381] AActor::CurrentBufferVisualizationMode = 0x130
[2026-08-09 10:28:07.5228697] AActor::bSuppressTransitionMessage = 0x88
[2026-08-09 10:28:07.5229150] AActor::CurrentLumenVisualizationMode = 0x140
[2026-08-09 10:28:07.5229564] AActor::CurrentNaniteVisualizationMode = 0x138
[2026-08-09 10:28:07.5229994] AActor::CurrentVirtualShadowMapVisualizationMode = 0x148
[2026-08-09 10:28:07.5230388] AActor::DebugProperties = 0x48
[2026-08-09 10:28:07.5230690] AActor::EngineShowFlags = 0xB8
[2026-08-09 10:28:07.5231008] AActor::AutoReceiveInput = 0x153
[2026-08-09 10:28:07.5231298] AActor::GameLayerManagerPtr = 0x120
[2026-08-09 10:28:07.5231522] AActor::OnClicked = 0x1D7
[2026-08-09 10:28:07.5231742] AActor::OnActorBeginOverlap = 0x1D3
[2026-08-09 10:28:07.5231957] AActor::HighResScreenshotDialog = 0x150
[2026-08-09 10:28:07.5232177] AActor::OnInputTouchEnter = 0x1DB
[2026-08-09 10:28:07.5232386] AActor::bHasAudioFocus = 0xFC
[2026-08-09 10:28:07.5232596] AActor::OnEndPlay = 0x1DF
[2026-08-09 10:28:07.5232816] AActor::ViewportOverlayWidget = 0x110
[2026-08-09 10:28:07.5233053] AActor::MaxSplitscreenPlayers = 0x68
[2026-08-09 10:28:07.5233359] AActor::MouseCaptureMode = 0x39A
[2026-08-09 10:28:07.5233582] AActor::Layers = 0x1A8
[2026-08-09 10:28:07.5233797] AActor::SplitscreenInfo = 0x58
[2026-08-09 10:28:07.5234010] AActor::StatHitchesData = 0x390
[2026-08-09 10:28:07.5234223] AActor::OnBeginCursorOver = 0x1D5
[2026-08-09 10:28:07.5234438] AActor::StatUnitData = 0x388
[2026-08-09 10:28:07.5234653] AActor::ViewModeIndex = 0xB0
[2026-08-09 10:28:07.5234877] AActor::Viewport = 0xE8
[2026-08-09 10:28:07.5235094] AActor::ViewportConsole = 0x40
[2026-08-09 10:28:07.5235308] AActor::bHideCursorDuringCapture = 0x39B
[2026-08-09 10:28:07.5235523] AActor::DetachFence = 0x280
[2026-08-09 10:28:07.5235736] AActor::CreationTime = 0x158
[2026-08-09 10:28:07.5235947] AActor::bIgnoreInput = 0x399
[2026-08-09 10:28:07.5236199] AActor::bActorEnableCollision = 0x5C
[2026-08-09 10:28:07.5236421] AActor::bIsMouseOverClient = 0x39D
[2026-08-09 10:28:07.5236640] AActor::OnInputTouchEnd = 0x1DA
[2026-08-09 10:28:07.5236860] AActor::bHasDeferredComponentRegistration = 0x5C
[2026-08-09 10:28:07.5237076] AActor::AttachmentReplication = 0x70
[2026-08-09 10:28:07.5237288] AActor::DefaultUpdateOverlapsMethodDuringLevelStreaming = 0x5F
[2026-08-09 10:28:07.5237595] AActor::InputComponent = 0x160
[2026-08-09 10:28:07.5237848] AActor::LastRenderTime = 0x17C
[2026-08-09 10:28:07.5238070] AActor::MinNetUpdateFrequency = 0x174
[2026-08-09 10:28:07.5238275] AActor::NetCullDistanceSquared = 0x168
[2026-08-09 10:28:07.5238483] AActor::OnActorEndOverlap = 0x1D4
[2026-08-09 10:28:07.5238822] AActor::NetDormancy = 0x151
[2026-08-09 10:28:07.5239033] AActor::NetDriverName = 0x148
[2026-08-09 10:28:07.5239239] AActor::NetTag = 0x16C
[2026-08-09 10:28:07.5239448] AActor::NetPriority = 0x178
[2026-08-09 10:28:07.5239658] AActor::NetUpdateFrequency = 0x170
[2026-08-09 10:28:07.5239924] AActor::OnActorHit = 0x1DD
[2026-08-09 10:28:07.5240153] AActor::OnDestroyed = 0x1DE
[2026-08-09 10:28:07.5240363] AActor::OnInputTouchBegin = 0x1D9
[2026-08-09 10:28:07.5240571] AActor::OnInputTouchLeave = 0x1DC
[2026-08-09 10:28:07.5240787] AActor::OnReleased = 0x1D8
[2026-08-09 10:28:07.5240996] AActor::OnTakeAnyDamage = 0x1D0
[2026-08-09 10:28:07.5241207] AActor::OnTakePointDamage = 0x1D1
[2026-08-09 10:28:07.5241416] AActor::OnTakeRadialDamage = 0x1D2
[2026-08-09 10:28:07.5241714] AActor::ParentComponent = 0x1B8
[2026-08-09 10:28:07.5242268] AActor::PrimaryActorTick = 0x28
[2026-08-09 10:28:07.5242564] AActor::RayTracingGroupId = 0x6C
[2026-08-09 10:28:07.5242779] AActor::RemoteRole = 0x68
[2026-08-09 10:28:07.5242988] AActor::ReplicatedComponentsInfo = 0x1F0
[2026-08-09 10:28:07.5243198] AActor::ReplicatedMovement = 0xD0
[2026-08-09 10:28:07.5243407] AActor::ReplicatedSubObjects = 0x1E0
[2026-08-09 10:28:07.5243705] AActor::Role = 0x150
[2026-08-09 10:28:07.5244032] AActor::RootComponent = 0x198
[2026-08-09 10:28:07.5244368] AActor::SpawnCollisionHandlingMethod = 0x152
[2026-08-09 10:28:07.5244734] AActor::Tags = 0x1C0
[2026-08-09 10:28:07.5245075] AActor::TimerHandle_LifeSpanExpired = 0x1A0
[2026-08-09 10:28:07.5245405] AActor::UpdateOverlapsMethodDuringLevelStreaming = 0x5E
[2026-08-09 10:28:07.5245761] AActor::InternalIndex_Private = 0xC
[2026-08-09 10:28:07.5246103] AActor::UEP_TotalSize = 0x28
[2026-08-09 10:28:07.5246424] AActor::bShowTitleSafeZone = 0x6C
[2026-08-09 10:28:07.5246764] AActor::bIsPlayInEditorViewport = 0x6C
[2026-08-09 10:28:07.5247212] AActor::bDisableWorldRendering = 0x6C
[2026-08-09 10:28:07.5247853] AActor::HardwareCursorCache = 0x160
[2026-08-09 10:28:07.5248404] AActor::HardwareCursors = 0x1B0
[2026-08-09 10:28:07.5248810] AActor::CursorWidgets = 0x200
[2026-08-09 10:28:07.5249180] AActor::ActorHasBegunPlay = 0x5D
[2026-08-09 10:28:07.5249594] AActor::bNetTemporary = 0x58
[2026-08-09 10:28:07.5249923] AActor::bActorIsBeingConstructed = 0x5D
[2026-08-09 10:28:07.5250215] AActor::bNetStartup = 0x58
[2026-08-09 10:28:07.5250488] AActor::bOnlyRelevantToOwner = 0x58
[2026-08-09 10:28:07.5250708] AActor::bAlwaysRelevant = 0x58
[2026-08-09 10:28:07.5250928] AActor::bReplicateMovement = 0x58
[2026-08-09 10:28:07.5251144] AActor::bCallPreReplication = 0x58
[2026-08-09 10:28:07.5251366] AActor::bCallPreReplicationForReplay = 0x58
[2026-08-09 10:28:07.5251582] AActor::bHidden = 0x58
[2026-08-09 10:28:07.5251840] AActor::bTearOff = 0x59
[2026-08-09 10:28:07.5252074] AActor::bExchangedRoles = 0x59
[2026-08-09 10:28:07.5252287] AActor::bNetLoadOnClient = 0x59
[2026-08-09 10:28:07.5252527] AActor::bNetUseOwnerRelevancy = 0x59
[2026-08-09 10:28:07.5252755] AActor::bRelevantForNetworkReplays = 0x59
[2026-08-09 10:28:07.5252968] AActor::bRelevantForLevelBounds = 0x59
[2026-08-09 10:28:07.5253181] AActor::bReplayRewindable = 0x59
[2026-08-09 10:28:07.5253394] AActor::bAllowTickBeforeBeginPlay = 0x5A
[2026-08-09 10:28:07.5253603] AActor::bAutoDestroyWhenFinished = 0x5A
[2026-08-09 10:28:07.5253810] AActor::bCanBeDamaged = 0x5A
[2026-08-09 10:28:07.5254016] AActor::bBlockInput = 0x5A
[2026-08-09 10:28:07.5254225] AActor::bCollideWhenPlacing = 0x5A
[2026-08-09 10:28:07.5254444] AActor::bGenerateOverlapEventsDuringLevelStreaming = 0x5A
[2026-08-09 10:28:07.5254658] AActor::bIgnoresOriginShifting = 0x5A
[2026-08-09 10:28:07.5254869] AActor::bHasRegisteredAllComponents = 0x5C
[2026-08-09 10:28:07.5255082] AActor::bEnableAutoLODGeneration = 0x5B
[2026-08-09 10:28:07.5255299] AActor::bIsEditorOnlyActor = 0x5B
[2026-08-09 10:28:07.5255512] AActor::bActorSeamlessTraveled = 0x5B
[2026-08-09 10:28:07.5255724] AActor::bReplicates = 0x5B
[2026-08-09 10:28:07.5255938] AActor::bCanBeInCluster = 0x5B
[2026-08-09 10:28:07.5256153] AActor::bAllowReceiveTickEventOnDedicatedServer = 0x5B
[2026-08-09 10:28:07.5256369] AActor::bNetCheckedInitialPhysicsState = 0x5B
[2026-08-09 10:28:07.5256578] AActor::bReplicateUsingRegisteredSubObjectList = 0x5B
[2026-08-09 10:28:07.5256788] AActor::bHasFinishedSpawning = 0x5C
[2026-08-09 10:28:07.5257047] AActor::bActorInitialized = 0x5C
[2026-08-09 10:28:07.5257278] AActor::bActorBeginningPlayFromLevelStreaming = 0x5C
[2026-08-09 10:28:07.5257488] AActor::bTickFunctionsRegistered = 0x5C
[2026-08-09 10:28:07.5257701] AActor::bRunningUserConstructionScript = 0x5C
[2026-08-09 10:28:07.5257911] AActor::bActorIsBeingDestroyed = 0x5D
[2026-08-09 10:28:07.5258118] AActor::bActorWantsDestroyDuringBeginPlay = 0x5D
[2026-08-09 10:28:07.5258328] AActor::bAsyncPhysicsTickEnabled = 0x5D
[2026-08-09 10:28:07.5258536] AActor::Owner = 0x140
[2026-08-09 10:28:07.5258745] AActor::Children = 0x188
[2026-08-09 10:28:07.5259037] AGameModeBase::SpectatorClass = 0x2D0
[2026-08-09 10:28:07.5259264] AGameModeBase::HUDClass = 0x2C0
[2026-08-09 10:28:07.5259482] AGameModeBase::DefaultPlayerName = 0x300
[2026-08-09 10:28:07.5259695] AGameModeBase::ServerStatReplicatorClass = 0x2E0
[2026-08-09 10:28:07.5259925] AGameModeBase::GameSession = 0x2E8
[2026-08-09 10:28:07.5260159] AGameModeBase::ServerStatReplicator = 0x2F8
[2026-08-09 10:28:07.5260372] AGameModeBase::GameSessionClass = 0x2A0
[2026-08-09 10:28:07.5260587] AGameModeBase::OptionsString = 0x290
[2026-08-09 10:28:07.5260875] AGameModeBase::PlayerStateClass = 0x2B8
[2026-08-09 10:28:07.5261145] AGameModeBase::bUseSeamlessTravel = 0x318
[2026-08-09 10:28:07.5261425] AGameModeBase::bStartPlayersAsSpectators = 0x318
[2026-08-09 10:28:07.5261716] AGameModeBase::bPauseable = 0x318
[2026-08-09 10:28:07.5262015] AGameModeBase::UEP_TotalSize = 0x330
[2026-08-09 10:28:07.5262307] AGameMode::EngineMessageClass = 0x350
[2026-08-09 10:28:07.5262619] AGameMode::MinRespawnDelay = 0x348
[2026-08-09 10:28:07.5262891] AGameMode::InactivePlayerArray = 0x358
[2026-08-09 10:28:07.5263111] AGameMode::InactivePlayerStateLifeSpan = 0x368
[2026-08-09 10:28:07.5263323] AGameMode::NumBots = 0x344
[2026-08-09 10:28:07.5263539] AGameMode::NumSpectators = 0x33C
[2026-08-09 10:28:07.5263837] AGameMode::MatchState = 0x330
[2026-08-09 10:28:07.5264126] AGameMode::MaxInactivePlayers = 0x36C
[2026-08-09 10:28:07.5264416] AGameMode::NumPlayers = 0x340
[2026-08-09 10:28:07.5264708] AGameMode::NumTravellingPlayers = 0x34C
[2026-08-09 10:28:07.5265564] AGameMode::bHandleDedicatedServerReplays = 0x370
[2026-08-09 10:28:07.5266038] AGameMode::bDelayedStart = 0x338
[2026-08-09 10:28:07.5266338] AGameMode::UEP_TotalSize = 0x378
[2026-08-09 10:28:07.5266630] UEngine::bUseSoftwareCursorWidgets = 0x250
[2026-08-09 10:28:07.5266901] UEngine::ClassPrivate = 0x10
[2026-08-09 10:28:07.5267171] UEngine::ViewportFrame = 0xF0
[2026-08-09 10:28:07.5267443] UEngine::MouseLockMode = 0x39C
[2026-08-09 10:28:07.5267718] UEngine::bFindCameraComponentWhenViewTarget = 0x5A
[2026-08-09 10:28:07.5268020] UEngine::InternalIndex = 0xC
[2026-08-09 10:28:07.5268296] UEngine::ObjectFlags = 0x8
[2026-08-09 10:28:07.5268559] UEngine::World = 0x78
[2026-08-09 10:28:07.5268816] UEngine::ActiveSplitscreenType = 0x70
[2026-08-09 10:28:07.5269086] UEngine::OnEndCursorOver = 0x1D6
[2026-08-09 10:28:07.5269789] UEngine::CustomTimeDilation = 0x64
[2026-08-09 10:28:07.5270145] UEngine::NamePrivate = 0x18
[2026-08-09 10:28:07.5270352] UEngine::InitialLifeSpan = 0x60
[2026-08-09 10:28:07.5270537] UEngine::AudioDeviceHandle = 0xF8
[2026-08-09 10:28:07.5270721] UEngine::bForceNetAddressable = 0x59
[2026-08-09 10:28:07.5270904] UEngine::InputPriority = 0x154
[2026-08-09 10:28:07.5271084] UEngine::bDisableSplitScreenOverride = 0x398
[2026-08-09 10:28:07.5271261] UEngine::Window = 0x100
[2026-08-09 10:28:07.5271443] UEngine::OuterPrivate = 0x20
[2026-08-09 10:28:07.5271626] UEngine::CurrentBufferVisualizationMode = 0x130
[2026-08-09 10:28:07.5271795] UEngine::bSuppressTransitionMessage = 0x88
[2026-08-09 10:28:07.5271966] UEngine::CurrentLumenVisualizationMode = 0x140
[2026-08-09 10:28:07.5272186] UEngine::CurrentNaniteVisualizationMode = 0x138
[2026-08-09 10:28:07.5272373] UEngine::CurrentVirtualShadowMapVisualizationMode = 0x148
[2026-08-09 10:28:07.5272548] UEngine::DebugProperties = 0x48
[2026-08-09 10:28:07.5272715] UEngine::EngineShowFlags = 0xB8
[2026-08-09 10:28:07.5272933] UEngine::AutoReceiveInput = 0x153
[2026-08-09 10:28:07.5273128] UEngine::GameLayerManagerPtr = 0x120
[2026-08-09 10:28:07.5273298] UEngine::OnClicked = 0x1D7
[2026-08-09 10:28:07.5273467] UEngine::OnActorBeginOverlap = 0x1D3
[2026-08-09 10:28:07.5273638] UEngine::HighResScreenshotDialog = 0x150
[2026-08-09 10:28:07.5273810] UEngine::OnInputTouchEnter = 0x1DB
[2026-08-09 10:28:07.5273980] UEngine::bHasAudioFocus = 0xFC
[2026-08-09 10:28:07.5274149] UEngine::OnEndPlay = 0x1DF
[2026-08-09 10:28:07.5274319] UEngine::ViewportOverlayWidget = 0x110
[2026-08-09 10:28:07.5274489] UEngine::MaxSplitscreenPlayers = 0x68
[2026-08-09 10:28:07.5274716] UEngine::MouseCaptureMode = 0x39A
[2026-08-09 10:28:07.5274893] UEngine::Layers = 0x1A8
[2026-08-09 10:28:07.5275059] UEngine::SplitscreenInfo = 0x58
[2026-08-09 10:28:07.5275225] UEngine::StatHitchesData = 0x390
[2026-08-09 10:28:07.5275392] UEngine::OnBeginCursorOver = 0x1D5
[2026-08-09 10:28:07.5275563] UEngine::StatUnitData = 0x388
[2026-08-09 10:28:07.5275732] UEngine::ViewModeIndex = 0xB0
[2026-08-09 10:28:07.5275901] UEngine::Viewport = 0xE8
[2026-08-09 10:28:07.5276124] UEngine::ViewportConsole = 0x40
[2026-08-09 10:28:07.5276382] UEngine::bHideCursorDuringCapture = 0x39B
[2026-08-09 10:28:07.5276636] UEngine::DetachFence = 0x280
[2026-08-09 10:28:07.5276909] UEngine::CreationTime = 0x158
[2026-08-09 10:28:07.5277142] UEngine::bIgnoreInput = 0x399
[2026-08-09 10:28:07.5277386] UEngine::bActorEnableCollision = 0x5C
[2026-08-09 10:28:07.5277650] UEngine::bIsMouseOverClient = 0x39D
[2026-08-09 10:28:07.5277899] UEngine::OnInputTouchEnd = 0x1DA
[2026-08-09 10:28:07.5278110] UEngine::bHasDeferredComponentRegistration = 0x5C
[2026-08-09 10:28:07.5278333] UEngine::AttachmentReplication = 0x70
[2026-08-09 10:28:07.5278665] UEngine::DefaultUpdateOverlapsMethodDuringLevelStreaming = 0x5F
[2026-08-09 10:28:07.5278921] UEngine::InputComponent = 0x160
[2026-08-09 10:28:07.5279174] UEngine::LastRenderTime = 0x17C
[2026-08-09 10:28:07.5279435] UEngine::MinNetUpdateFrequency = 0x174
[2026-08-09 10:28:07.5279630] UEngine::NetCullDistanceSquared = 0x168
[2026-08-09 10:28:07.5279801] UEngine::OnActorEndOverlap = 0x1D4
[2026-08-09 10:28:07.5279974] UEngine::NetDormancy = 0x151
[2026-08-09 10:28:07.5280145] UEngine::NetDriverName = 0x148
[2026-08-09 10:28:07.5280312] UEngine::NetTag = 0x16C
[2026-08-09 10:28:07.5280484] UEngine::NetPriority = 0x178
[2026-08-09 10:28:07.5280650] UEngine::NetUpdateFrequency = 0x170
[2026-08-09 10:28:07.5280822] UEngine::OnActorHit = 0x1DD
[2026-08-09 10:28:07.5280990] UEngine::OnDestroyed = 0x1DE
[2026-08-09 10:28:07.5281164] UEngine::OnInputTouchBegin = 0x1D9
[2026-08-09 10:28:07.5281333] UEngine::OnInputTouchLeave = 0x1DC
[2026-08-09 10:28:07.5281505] UEngine::OnReleased = 0x1D8
[2026-08-09 10:28:07.5281674] UEngine::OnTakeAnyDamage = 0x1D0
[2026-08-09 10:28:07.5281842] UEngine::OnTakePointDamage = 0x1D1
[2026-08-09 10:28:07.5282017] UEngine::OnTakeRadialDamage = 0x1D2
[2026-08-09 10:28:07.5282190] UEngine::ParentComponent = 0x1B8
[2026-08-09 10:28:07.5282432] UEngine::PrimaryActorTick = 0x28
[2026-08-09 10:28:07.5282679] UEngine::RayTracingGroupId = 0x6C
[2026-08-09 10:28:07.5282925] UEngine::RemoteRole = 0x68
[2026-08-09 10:28:07.5283173] UEngine::ReplicatedComponentsInfo = 0x1F0
[2026-08-09 10:28:07.5283426] UEngine::ReplicatedMovement = 0xD0
[2026-08-09 10:28:07.5283693] UEngine::ReplicatedSubObjects = 0x1E0
[2026-08-09 10:28:07.5283952] UEngine::Role = 0x150
[2026-08-09 10:28:07.5284243] UEngine::RootComponent = 0x198
[2026-08-09 10:28:07.5284537] UEngine::SpawnCollisionHandlingMethod = 0x152
[2026-08-09 10:28:07.5284829] UEngine::Tags = 0x1C0
[2026-08-09 10:28:07.5285123] UEngine::TimerHandle_LifeSpanExpired = 0x1A0
[2026-08-09 10:28:07.5285442] UEngine::UpdateOverlapsMethodDuringLevelStreaming = 0x5E
[2026-08-09 10:28:07.5285679] UEngine::InternalIndex_Private = 0xC
[2026-08-09 10:28:07.5285886] UEngine::UEP_TotalSize = 0x28
[2026-08-09 10:28:07.5286099] UEngine::bShowTitleSafeZone = 0x6C
[2026-08-09 10:28:07.5286424] UEngine::bIsPlayInEditorViewport = 0x6C
[2026-08-09 10:28:07.5286678] UEngine::bDisableWorldRendering = 0x6C
[2026-08-09 10:28:07.5286906] UEngine::HardwareCursorCache = 0x160
[2026-08-09 10:28:07.5287112] UEngine::HardwareCursors = 0x1B0
[2026-08-09 10:28:07.5287317] UEngine::CursorWidgets = 0x200
[2026-08-09 10:28:07.5287524] UEngine::ActorHasBegunPlay = 0x5D
[2026-08-09 10:28:07.5287732] UEngine::bNetTemporary = 0x58
[2026-08-09 10:28:07.5287996] UEngine::bActorIsBeingConstructed = 0x5D
[2026-08-09 10:28:07.5288273] UEngine::bNetStartup = 0x58
[2026-08-09 10:28:07.5288518] UEngine::bOnlyRelevantToOwner = 0x58
[2026-08-09 10:28:07.5288729] UEngine::bAlwaysRelevant = 0x58
[2026-08-09 10:28:07.5288938] UEngine::bReplicateMovement = 0x58
[2026-08-09 10:28:07.5289143] UEngine::bCallPreReplication = 0x58
[2026-08-09 10:28:07.5289354] UEngine::bCallPreReplicationForReplay = 0x58
[2026-08-09 10:28:07.5289560] UEngine::bHidden = 0x58
[2026-08-09 10:28:07.5289774] UEngine::bTearOff = 0x59
[2026-08-09 10:28:07.5289979] UEngine::bExchangedRoles = 0x59
[2026-08-09 10:28:07.5290185] UEngine::bNetLoadOnClient = 0x59
[2026-08-09 10:28:07.5290395] UEngine::bNetUseOwnerRelevancy = 0x59
[2026-08-09 10:28:07.5290599] UEngine::bRelevantForNetworkReplays = 0x59
[2026-08-09 10:28:07.5290865] UEngine::bRelevantForLevelBounds = 0x59
[2026-08-09 10:28:07.5291095] UEngine::bReplayRewindable = 0x59
[2026-08-09 10:28:07.5291306] UEngine::bAllowTickBeforeBeginPlay = 0x5A
[2026-08-09 10:28:07.5291515] UEngine::bAutoDestroyWhenFinished = 0x5A
[2026-08-09 10:28:07.5291724] UEngine::bCanBeDamaged = 0x5A
[2026-08-09 10:28:07.5291933] UEngine::bBlockInput = 0x5A
[2026-08-09 10:28:07.5292140] UEngine::bCollideWhenPlacing = 0x5A
[2026-08-09 10:28:07.5292358] UEngine::bGenerateOverlapEventsDuringLevelStreaming = 0x5A
[2026-08-09 10:28:07.5292575] UEngine::bIgnoresOriginShifting = 0x5A
[2026-08-09 10:28:07.5292786] UEngine::bHasRegisteredAllComponents = 0x5C
[2026-08-09 10:28:07.5292997] UEngine::bEnableAutoLODGeneration = 0x5B
[2026-08-09 10:28:07.5293203] UEngine::bIsEditorOnlyActor = 0x5B
[2026-08-09 10:28:07.5293409] UEngine::bActorSeamlessTraveled = 0x5B
[2026-08-09 10:28:07.5293614] UEngine::bReplicates = 0x5B
[2026-08-09 10:28:07.5293817] UEngine::bCanBeInCluster = 0x5B
[2026-08-09 10:28:07.5294023] UEngine::bAllowReceiveTickEventOnDedicatedServer = 0x5B
[2026-08-09 10:28:07.5294291] UEngine::bNetCheckedInitialPhysicsState = 0x5B
[2026-08-09 10:28:07.5294570] UEngine::bReplicateUsingRegisteredSubObjectList = 0x5B
[2026-08-09 10:28:07.5294914] UEngine::bHasFinishedSpawning = 0x5C
[2026-08-09 10:28:07.5295162] UEngine::bActorInitialized = 0x5C
[2026-08-09 10:28:07.5295434] UEngine::bActorBeginningPlayFromLevelStreaming = 0x5C
[2026-08-09 10:28:07.5295662] UEngine::bTickFunctionsRegistered = 0x5C
[2026-08-09 10:28:07.5295878] UEngine::bRunningUserConstructionScript = 0x5C
[2026-08-09 10:28:07.5296204] UEngine::bActorIsBeingDestroyed = 0x5D
[2026-08-09 10:28:07.5296525] UEngine::bActorWantsDestroyDuringBeginPlay = 0x5D
[2026-08-09 10:28:07.5296764] UEngine::bAsyncPhysicsTickEnabled = 0x5D
[2026-08-09 10:28:07.5297036] UEngine::Owner = 0x140
[2026-08-09 10:28:07.5297339] UEngine::Children = 0x188
[2026-08-09 10:28:07.5297656] UGameViewportClient::bUseSoftwareCursorWidgets = 0x250
[2026-08-09 10:28:07.5297999] UGameViewportClient::ClassPrivate = 0x10
[2026-08-09 10:28:07.5298285] UGameViewportClient::ViewportFrame = 0xF0
[2026-08-09 10:28:07.5298597] UGameViewportClient::MouseLockMode = 0x39C
[2026-08-09 10:28:07.5298932] UGameViewportClient::bFindCameraComponentWhenViewTarget = 0x5A
[2026-08-09 10:28:07.5299279] UGameViewportClient::InternalIndex = 0xC
[2026-08-09 10:28:07.5299647] UGameViewportClient::ObjectFlags = 0x8
[2026-08-09 10:28:07.5299996] UGameViewportClient::World = 0x78
[2026-08-09 10:28:07.5300300] UGameViewportClient::ActiveSplitscreenType = 0x70
[2026-08-09 10:28:07.5300621] UGameViewportClient::OnEndCursorOver = 0x1D6
[2026-08-09 10:28:07.5300906] UGameViewportClient::CustomTimeDilation = 0x64
[2026-08-09 10:28:07.5301126] UGameViewportClient::NamePrivate = 0x18
[2026-08-09 10:28:07.5301460] UGameViewportClient::InitialLifeSpan = 0x60
[2026-08-09 10:28:07.5301770] UGameViewportClient::AudioDeviceHandle = 0xF8
[2026-08-09 10:28:07.5302050] UGameViewportClient::bForceNetAddressable = 0x59
[2026-08-09 10:28:07.5302335] UGameViewportClient::InputPriority = 0x154
[2026-08-09 10:28:07.5302611] UGameViewportClient::bDisableSplitScreenOverride = 0x398
[2026-08-09 10:28:07.5302890] UGameViewportClient::Window = 0x100
[2026-08-09 10:28:07.5303314] UGameViewportClient::OuterPrivate = 0x20
[2026-08-09 10:28:07.5303630] UGameViewportClient::CurrentBufferVisualizationMode = 0x130
[2026-08-09 10:28:07.5303916] UGameViewportClient::bSuppressTransitionMessage = 0x88
[2026-08-09 10:28:07.5304196] UGameViewportClient::CurrentLumenVisualizationMode = 0x140
[2026-08-09 10:28:07.5304474] UGameViewportClient::CurrentNaniteVisualizationMode = 0x138
[2026-08-09 10:28:07.5304759] UGameViewportClient::CurrentVirtualShadowMapVisualizationMode = 0x148
[2026-08-09 10:28:07.5305056] UGameViewportClient::DebugProperties = 0x48
[2026-08-09 10:28:07.5305364] UGameViewportClient::EngineShowFlags = 0xB8
[2026-08-09 10:28:07.5305678] UGameViewportClient::AutoReceiveInput = 0x153
[2026-08-09 10:28:07.5305988] UGameViewportClient::GameLayerManagerPtr = 0x120
[2026-08-09 10:28:07.5306326] UGameViewportClient::OnClicked = 0x1D7
[2026-08-09 10:28:07.5306947] UGameViewportClient::OnActorBeginOverlap = 0x1D3
[2026-08-09 10:28:07.5307241] UGameViewportClient::HighResScreenshotDialog = 0x150
[2026-08-09 10:28:07.5307539] UGameViewportClient::OnInputTouchEnter = 0x1DB
[2026-08-09 10:28:07.5307824] UGameViewportClient::bHasAudioFocus = 0xFC
[2026-08-09 10:28:07.5308115] UGameViewportClient::OnEndPlay = 0x1DF
[2026-08-09 10:28:07.5308363] UGameViewportClient::ViewportOverlayWidget = 0x110
[2026-08-09 10:28:07.5308643] UGameViewportClient::MaxSplitscreenPlayers = 0x68
[2026-08-09 10:28:07.5308846] UGameViewportClient::MouseCaptureMode = 0x39A
[2026-08-09 10:28:07.5309014] UGameViewportClient::Layers = 0x1A8
[2026-08-09 10:28:07.5309178] UGameViewportClient::SplitscreenInfo = 0x58
[2026-08-09 10:28:07.5309343] UGameViewportClient::StatHitchesData = 0x390
[2026-08-09 10:28:07.5309504] UGameViewportClient::OnBeginCursorOver = 0x1D5
[2026-08-09 10:28:07.5309669] UGameViewportClient::StatUnitData = 0x388
[2026-08-09 10:28:07.5309886] UGameViewportClient::ViewModeIndex = 0xB0
[2026-08-09 10:28:07.5310126] UGameViewportClient::Viewport = 0xE8
[2026-08-09 10:28:07.5310366] UGameViewportClient::ViewportConsole = 0x40
[2026-08-09 10:28:07.5310616] UGameViewportClient::bHideCursorDuringCapture = 0x39B
[2026-08-09 10:28:07.5310790] UGameViewportClient::DetachFence = 0x280
[2026-08-09 10:28:07.5310959] UGameViewportClient::CreationTime = 0x158
[2026-08-09 10:28:07.5311131] UGameViewportClient::bIgnoreInput = 0x399
[2026-08-09 10:28:07.5311298] UGameViewportClient::bActorEnableCollision = 0x5C
[2026-08-09 10:28:07.5311467] UGameViewportClient::bIsMouseOverClient = 0x39D
[2026-08-09 10:28:07.5311634] UGameViewportClient::OnInputTouchEnd = 0x1DA
[2026-08-09 10:28:07.5311854] UGameViewportClient::bHasDeferredComponentRegistration = 0x5C
[2026-08-09 10:28:07.5312100] UGameViewportClient::AttachmentReplication = 0x70
[2026-08-09 10:28:07.5312351] UGameViewportClient::DefaultUpdateOverlapsMethodDuringLevelStreaming = 0x5F
[2026-08-09 10:28:07.5312525] UGameViewportClient::InputComponent = 0x160
[2026-08-09 10:28:07.5312691] UGameViewportClient::LastRenderTime = 0x17C
[2026-08-09 10:28:07.5312854] UGameViewportClient::MinNetUpdateFrequency = 0x174
[2026-08-09 10:28:07.5313020] UGameViewportClient::NetCullDistanceSquared = 0x168
[2026-08-09 10:28:07.5313181] UGameViewportClient::OnActorEndOverlap = 0x1D4
[2026-08-09 10:28:07.5313351] UGameViewportClient::NetDormancy = 0x151
[2026-08-09 10:28:07.5313514] UGameViewportClient::NetDriverName = 0x148
[2026-08-09 10:28:07.5313674] UGameViewportClient::NetTag = 0x16C
[2026-08-09 10:28:07.5313840] UGameViewportClient::NetPriority = 0x178
[2026-08-09 10:28:07.5314057] UGameViewportClient::NetUpdateFrequency = 0x170
[2026-08-09 10:28:07.5314466] UGameViewportClient::OnActorHit = 0x1DD
[2026-08-09 10:28:07.5314692] UGameViewportClient::OnDestroyed = 0x1DE
[2026-08-09 10:28:07.5314870] UGameViewportClient::OnInputTouchBegin = 0x1D9
[2026-08-09 10:28:07.5315041] UGameViewportClient::OnInputTouchLeave = 0x1DC
[2026-08-09 10:28:07.5315209] UGameViewportClient::OnReleased = 0x1D8
[2026-08-09 10:28:07.5315373] UGameViewportClient::OnTakeAnyDamage = 0x1D0
[2026-08-09 10:28:07.5315540] UGameViewportClient::OnTakePointDamage = 0x1D1
[2026-08-09 10:28:07.5315778] UGameViewportClient::OnTakeRadialDamage = 0x1D2
[2026-08-09 10:28:07.5316038] UGameViewportClient::ParentComponent = 0x1B8
[2026-08-09 10:28:07.5316256] UGameViewportClient::PrimaryActorTick = 0x28
[2026-08-09 10:28:07.5316488] UGameViewportClient::RayTracingGroupId = 0x6C
[2026-08-09 10:28:07.5316726] UGameViewportClient::RemoteRole = 0x68
[2026-08-09 10:28:07.5316952] UGameViewportClient::ReplicatedComponentsInfo = 0x1F0
[2026-08-09 10:28:07.5317126] UGameViewportClient::ReplicatedMovement = 0xD0
[2026-08-09 10:28:07.5317297] UGameViewportClient::ReplicatedSubObjects = 0x1E0
[2026-08-09 10:28:07.5317466] UGameViewportClient::Role = 0x150
[2026-08-09 10:28:07.5317634] UGameViewportClient::RootComponent = 0x198
[2026-08-09 10:28:07.5317800] UGameViewportClient::SpawnCollisionHandlingMethod = 0x152
[2026-08-09 10:28:07.5317968] UGameViewportClient::Tags = 0x1C0
[2026-08-09 10:28:07.5318135] UGameViewportClient::TimerHandle_LifeSpanExpired = 0x1A0
[2026-08-09 10:28:07.5318298] UGameViewportClient::UpdateOverlapsMethodDuringLevelStreaming = 0x5E
[2026-08-09 10:28:07.5318469] UGameViewportClient::InternalIndex_Private = 0xC
[2026-08-09 10:28:07.5318636] UGameViewportClient::UEP_TotalSize = 0x28
[2026-08-09 10:28:07.5318803] UGameViewportClient::bShowTitleSafeZone = 0x6C
[2026-08-09 10:28:07.5318969] UGameViewportClient::bIsPlayInEditorViewport = 0x6C
[2026-08-09 10:28:07.5319132] UGameViewportClient::bDisableWorldRendering = 0x6C
[2026-08-09 10:28:07.5319300] UGameViewportClient::HardwareCursorCache = 0x160
[2026-08-09 10:28:07.5319469] UGameViewportClient::HardwareCursors = 0x1B0
[2026-08-09 10:28:07.5319632] UGameViewportClient::CursorWidgets = 0x200
[2026-08-09 10:28:07.5319802] UGameViewportClient::ActorHasBegunPlay = 0x5D
[2026-08-09 10:28:07.5319969] UGameViewportClient::bNetTemporary = 0x58
[2026-08-09 10:28:07.5320206] UGameViewportClient::bActorIsBeingConstructed = 0x5D
[2026-08-09 10:28:07.5320407] UGameViewportClient::bNetStartup = 0x58
[2026-08-09 10:28:07.5320610] UGameViewportClient::bOnlyRelevantToOwner = 0x58
[2026-08-09 10:28:07.5320811] UGameViewportClient::bAlwaysRelevant = 0x58
[2026-08-09 10:28:07.5321013] UGameViewportClient::bReplicateMovement = 0x58
[2026-08-09 10:28:07.5321212] UGameViewportClient::bCallPreReplication = 0x58
[2026-08-09 10:28:07.5321414] UGameViewportClient::bCallPreReplicationForReplay = 0x58
[2026-08-09 10:28:07.5321620] UGameViewportClient::bHidden = 0x58
[2026-08-09 10:28:07.5321827] UGameViewportClient::bTearOff = 0x59
[2026-08-09 10:28:07.5322036] UGameViewportClient::bExchangedRoles = 0x59
[2026-08-09 10:28:07.5322241] UGameViewportClient::bNetLoadOnClient = 0x59
[2026-08-09 10:28:07.5322459] UGameViewportClient::bNetUseOwnerRelevancy = 0x59
[2026-08-09 10:28:07.5322662] UGameViewportClient::bRelevantForNetworkReplays = 0x59
[2026-08-09 10:28:07.5322865] UGameViewportClient::bRelevantForLevelBounds = 0x59
[2026-08-09 10:28:07.5323071] UGameViewportClient::bReplayRewindable = 0x59
[2026-08-09 10:28:07.5323272] UGameViewportClient::bAllowTickBeforeBeginPlay = 0x5A
[2026-08-09 10:28:07.5323474] UGameViewportClient::bAutoDestroyWhenFinished = 0x5A
[2026-08-09 10:28:07.5323683] UGameViewportClient::bCanBeDamaged = 0x5A
[2026-08-09 10:28:07.5323968] UGameViewportClient::bBlockInput = 0x5A
[2026-08-09 10:28:07.5324270] UGameViewportClient::bCollideWhenPlacing = 0x5A
[2026-08-09 10:28:07.5324486] UGameViewportClient::bGenerateOverlapEventsDuringLevelStreaming = 0x5A
[2026-08-09 10:28:07.5324705] UGameViewportClient::bIgnoresOriginShifting = 0x5A
[2026-08-09 10:28:07.5324950] UGameViewportClient::bHasRegisteredAllComponents = 0x5C
[2026-08-09 10:28:07.5325174] UGameViewportClient::bEnableAutoLODGeneration = 0x5B
[2026-08-09 10:28:07.5325384] UGameViewportClient::bIsEditorOnlyActor = 0x5B
[2026-08-09 10:28:07.5325594] UGameViewportClient::bActorSeamlessTraveled = 0x5B
[2026-08-09 10:28:07.5325798] UGameViewportClient::bReplicates = 0x5B
[2026-08-09 10:28:07.5326007] UGameViewportClient::bCanBeInCluster = 0x5B
[2026-08-09 10:28:07.5326209] UGameViewportClient::bAllowReceiveTickEventOnDedicatedServer = 0x5B
[2026-08-09 10:28:07.5326665] UGameViewportClient::bNetCheckedInitialPhysicsState = 0x5B
[2026-08-09 10:28:07.5327039] UGameViewportClient::bReplicateUsingRegisteredSubObjectList = 0x5B
[2026-08-09 10:28:07.5327369] UGameViewportClient::bHasFinishedSpawning = 0x5C
[2026-08-09 10:28:07.5327703] UGameViewportClient::bActorInitialized = 0x5C
[2026-08-09 10:28:07.5328037] UGameViewportClient::bActorBeginningPlayFromLevelStreaming = 0x5C
[2026-08-09 10:28:07.5328378] UGameViewportClient::bTickFunctionsRegistered = 0x5C
[2026-08-09 10:28:07.5328708] UGameViewportClient::bRunningUserConstructionScript = 0x5C
[2026-08-09 10:28:07.5329042] UGameViewportClient::bActorIsBeingDestroyed = 0x5D
[2026-08-09 10:28:07.5329351] UGameViewportClient::bActorWantsDestroyDuringBeginPlay = 0x5D
[2026-08-09 10:28:07.5329662] UGameViewportClient::bAsyncPhysicsTickEnabled = 0x5D
[2026-08-09 10:28:07.5329988] UGameViewportClient::Owner = 0x140
[2026-08-09 10:28:07.5330326] UGameViewportClient::Children = 0x188
[2026-08-09 10:28:07.5330675] UPlayer::UEP_TotalSize = 0x48
[2026-08-09 10:28:07.5331015] UPlayer::ConfiguredLanSpeed = 0x40
[2026-08-09 10:28:07.5331365] UPlayer::ConfiguredInternetSpeed = 0x3C
[2026-08-09 10:28:07.5331720] UPlayer::CurrentNetSpeed = 0x38
[2026-08-09 10:28:07.5332054] ULocalPlayer::AspectRatioAxisConstraint = 0xB8
[2026-08-09 10:28:07.5332417] ULocalPlayer::SlateOperations = 0x1E0
[2026-08-09 10:28:07.5332714] ULocalPlayer::CachedUniqueNetId = 0x48
[2026-08-09 10:28:07.5333103] ULocalPlayer::ControllerId = 0xE0
[2026-08-09 10:28:07.5333443] ULocalPlayer::ViewportClient = 0x78
[2026-08-09 10:28:07.5333746] ULocalPlayer::bSentSplitJoin = 0xC8
[2026-08-09 10:28:07.5334051] ULocalPlayer::PlatformUserId = 0x100
[2026-08-09 10:28:07.5334333] ULocalPlayer::UEP_TotalSize = 0x298
[2026-08-09 10:28:07.5334630] UWorld::BlockTillLevelStreamingCompletedEpoch = 0x144
[2026-08-09 10:28:07.5337028] UWorld::bAllowAudioPlayback = 0x13E
[2026-08-09 10:28:07.5337318] UWorld::ActiveLevelCollectionIndex = 0x190
[2026-08-09 10:28:07.5337614] UWorld::AudioTimeSeconds = 0x678
[2026-08-09 10:28:07.5337908] UWorld::CommittedPersistentLevelName = 0x700
[2026-08-09 10:28:07.5338194] UWorld::bInTick = 0x13B
[2026-08-09 10:28:07.5338476] UWorld::CleanupWorldTag = 0x70C
[2026-08-09 10:28:07.5338779] UWorld::LWILastAssignedUID = 0x258
[2026-08-09 10:28:07.5339114] UWorld::BuildStreamingDataTimer = 0x448
[2026-08-09 10:28:07.5339446] UWorld::bTickNewlySpawned = 0x13B
[2026-08-09 10:28:07.5339791] UWorld::AuthorityGameMode = 0x150
[2026-08-09 10:28:07.5340132] UWorld::DeltaRealTimeSeconds = 0x680
[2026-08-09 10:28:07.5340486] UWorld::DeltaTimeSeconds = 0x684
[2026-08-09 10:28:07.5340797] UWorld::bSupportsMakingInvisibleTransactionRequests = 0xDA
[2026-08-09 10:28:07.5341116] UWorld::bPlayersOnly = 0x13D
[2026-08-09 10:28:07.5341440] UWorld::ExtraReferencedObjects = 0x68
[2026-08-09 10:28:07.5341772] UWorld::PreparingLevelNames = 0x6F0
[2026-08-09 10:28:07.5342124] UWorld::IsInBlockTillLevelStreamingCompleted = 0x140
[2026-08-09 10:28:07.5342468] UWorld::bIsRunningConstructionScript = 0x13C
[2026-08-09 10:28:07.5342808] UWorld::bAllowDeferredPhysicsStateCreation = 0x108
[2026-08-09 10:28:07.5343119] UWorld::LastRenderTime = 0x130
[2026-08-09 10:28:07.5343449] UWorld::LastTimeUnbuiltLightingWasEncountered = 0x658
[2026-08-09 10:28:07.5343789] UWorld::bHasEverBeenInitialized = 0x13F
[2026-08-09 10:28:07.5344119] UWorld::NextSwitchCountdown = 0x6C0
[2026-08-09 10:28:07.5344506] UWorld::bMaterialParameterCollectionInstanceNeedsDeferredUpdate = 0x13F
[2026-08-09 10:28:07.5344913] UWorld::RealTimeSeconds = 0x670
[2026-08-09 10:28:07.5345290] UWorld::NextURL = 0x6E0
[2026-08-09 10:28:07.5345607] UWorld::NumStreamingLevelsBeingLoaded = 0x6DA
[2026-08-09 10:28:07.5345909] UWorld::PauseDelay = 0x688
[2026-08-09 10:28:07.5346209] UWorld::PerModuleDataObjects = 0x78
[2026-08-09 10:28:07.5346833] UWorld::bIsDefaultLevel = 0x13C
[2026-08-09 10:28:07.5347280] UWorld::PlayerNum = 0x618
[2026-08-09 10:28:07.5347612] UWorld::bAggressiveLOD = 0x13C
[2026-08-09 10:28:07.5347956] UWorld::StreamingLevelsPrefix = 0xC8
[2026-08-09 10:28:07.5348271] UWorld::bIsLevelStreamingFrozen = 0x13B
[2026-08-09 10:28:07.5348587] UWorld::bTriggerPostLoadMap = 0x13B
[2026-08-09 10:28:07.5348886] UWorld::StreamingVolumeUpdateDelay = 0x61C
[2026-08-09 10:28:07.5349169] UWorld::bIsBuilt = 0x13B
[2026-08-09 10:28:07.5349529] UWorld::TimeSeconds = 0x660
[2026-08-09 10:28:07.5349855] UWorld::UnpausedTimeSeconds = 0x668
[2026-08-09 10:28:07.5350139] UWorld::bShouldForceVisibleStreamingLevels = 0x13E
[2026-08-09 10:28:07.5350420] UWorld::bSupportsMakingVisibleTransactionRequests = 0xD8
[2026-08-09 10:28:07.5350699] UWorld::bPlayersOnlyPending = 0x13D
[2026-08-09 10:28:07.5350978] UWorld::bWorldWasLoadedThisTick = 0x13B
[2026-08-09 10:28:07.5351256] UWorld::bPostTickComponentUpdate = 0x13B
[2026-08-09 10:28:07.5351535] UWorld::bShouldSimulatePhysics = 0x13C
[2026-08-09 10:28:07.5351820] UWorld::bIsWorldInitialized = 0x13B
[2026-08-09 10:28:07.5352108] UWorld::bDoDelayedUpdateCullDistanceVolumes = 0x13C
[2026-08-09 10:28:07.5352382] UWorld::bRequestedBlockOnAsyncLoading = 0x13C
[2026-08-09 10:28:07.5352659] UWorld::bDropDetail = 0x13C
[2026-08-09 10:28:07.5352942] UWorld::bActorsInitialized = 0x13C
[2026-08-09 10:28:07.5353218] UWorld::bBegunPlay = 0x13D
[2026-08-09 10:28:07.5353506] UWorld::bIsCameraMoveableWhenPaused = 0x13E
[2026-08-09 10:28:07.5353809] UWorld::bMatchStarted = 0x13D
[2026-08-09 10:28:07.5354125] UWorld::bStartup = 0x13D
[2026-08-09 10:28:07.5354450] UWorld::bAreConstraintsDirty = 0x13E
[2026-08-09 10:28:07.5354801] UWorld::bIsTearingDown = 0x13D
[2026-08-09 10:28:07.5355129] UWorld::bKismetScriptError = 0x13D
[2026-08-09 10:28:07.5355447] UWorld::bDebugPauseExecution = 0x13D
[2026-08-09 10:28:07.5355736] UWorld::bRequiresHitProxies = 0x13E
[2026-08-09 10:28:07.5356048] UWorld::bShouldTick = 0x13E
[2026-08-09 10:28:07.5356372] UWorld::bStreamingDataDirty = 0x13E
[2026-08-09 10:28:07.5356716] UWorld::bShouldForceUnloadStreamingLevels = 0x13E
[2026-08-09 10:28:07.5357051] UWorld::URL = 0x540
[2026-08-09 10:28:07.5357385] UWorld::bMarkedObjectsPendingKill = 0x708
[2026-08-09 10:28:07.5357695] UWorld::UEP_TotalSize = 0x898
[2026-08-09 10:28:07.5358003] UDataTable::RowStruct = 0x28
[2026-08-09 10:28:07.5358324] UDataTable::RowMap = 0x30
[2026-08-09 10:28:07.5358654] UDataTable::UEP_TotalSize = 0xB0
[2026-08-09 10:28:07.5359006] UDataTable::ImportKeyField = 0x88
[2026-08-09 10:28:07.5359323] UDataTable::bStripFromClientBuilds = 0x80
[2026-08-09 10:28:07.5359665] UDataTable::bIgnoreExtraFields = 0x80
[2026-08-09 10:28:07.5359964] UDataTable::bIgnoreMissingFields = 0x80
[2026-08-09 10:28:07.5360286] FUObjectItem::Object = 0x0
[2026-08-09 10:28:07.5360627] FUObjectItem::Flags = 0x8
[2026-08-09 10:28:07.5360969] FUObjectItem::ClusterRootIndex = 0xC
[2026-08-09 10:28:07.5361308] FUObjectItem::SerialNumber = 0x10
[2026-08-09 10:28:07.5361640] FUObjectItem::UEP_TotalSize = 0x18
[2026-08-09 10:28:07.5361971] FUObjectArray::ObjFirstGCIndex = 0x0
[2026-08-09 10:28:07.5362299] FUObjectArray::ObjLastNonGCIndex = 0x4
[2026-08-09 10:28:07.5362613] FUObjectArray::MaxObjectsNotConsideredByGC = 0x8
[2026-08-09 10:28:07.5362907] FUObjectArray::ObjObjects = 0x10
[2026-08-09 10:28:07.5363312] FUObjectArray::UObjectCreateListeners = 0x68
[2026-08-09 10:28:07.5363645] FUObjectArray::OpenForDisregardForGC = 0xC
[2026-08-09 10:28:07.5363939] FUObjectArray::UObjectDeleteListeners = 0x78
[2026-08-09 10:28:07.5364249] FUObjectArray::ObjAvailableList = 0x58
[2026-08-09 10:28:07.5365289] FUObjectArray::PrimarySerialNumber = 0xB0
[2026-08-09 10:28:07.5365659] FUObjectArray::UEP_TotalSize = 0xB8
[2026-08-09 10:28:07.5365984] TUObjectArray::NumChunks = 0x1C
[2026-08-09 10:28:07.5366314] TUObjectArray::Objects = 0x0
[2026-08-09 10:28:07.5366934] TUObjectArray::UEP_TotalSize = 0x20
[2026-08-09 10:28:07.5367369] TUObjectArray::PreAllocatedObjects = 0x8
[2026-08-09 10:28:07.5367697] TUObjectArray::MaxElements = 0x10
[2026-08-09 10:28:07.5368040] TUObjectArray::NumElements = 0x14
[2026-08-09 10:28:07.5368371] TUObjectArray::MaxChunks = 0x18
[2026-08-09 10:28:07.5368702] 
##### MEMBER OFFSETS END (Coalesced) #####

[2026-08-09 10:28:07.5369171] Unreal Engine modules (non-modular):
[2026-08-09 10:28:07.5370302] MainExe @ 0x7ff666880000 size=0x9fa5000
[2026-08-09 10:28:07.8082820] [Base Pal Spawn Improvements] Active on the unique initial base-worker restoration call. BatchSize=10, BatchDelayMs=1000. Manual assignments, slot updates, party Pals, wild Pals, bosses, summons, saves, and normal post-spawn behavior remain stock.
[2026-08-09 10:28:07.8093227] [Inventory Menu Optimizer] Waiting for the exact inventory-equipment construction event; no recurring lifecycle callback or bytecode change is active.
[2026-08-09 10:28:07.8094049] [PalAnalyzerCN] on_unreal_init
[2026-08-09 10:28:07.8105697] [PalAnalyzerCN] hook registered
[2026-08-09 10:28:07.8111704] [PalAnalyzerCN] hook registered
[2026-08-09 10:28:07.8154319] [PalAnalyzerCN] hook target not found: /Script/UMG.UserWidget:NativeConstruct
[2026-08-09 10:28:07.8160529] [PalAnalyzerCN] hook registered
[2026-08-09 10:28:07.8176976] [PalAnalyzerCN] hook registered
[2026-08-09 10:28:07.8184226] [PalAnalyzerCN] hook registered
[2026-08-09 10:28:07.8233653] [PalAnalyzerCN] hook target not found: /Script/UMG.TextBlock:SynchronizeProperties
[2026-08-09 10:28:07.8284990] [PalAnalyzerCN] hook target not found: /Script/UMG.RichTextBlock:SynchronizeProperties
[2026-08-09 10:28:07.8325549] [PalAnalyzerCN] hook target not found: /Script/UMG.EditableTextBox:SynchronizeProperties
[2026-08-09 10:28:07.8372813] [PalAnalyzerCN] hook target not found: /Script/UMG.EditableText:SynchronizeProperties
[2026-08-09 10:28:07.8409896] [PalAnalyzerCN] hook target not found: /Script/UMG.CheckBox:SynchronizeProperties
[2026-08-09 10:28:07.8449439] [PalAnalyzerCN] hook target not found: /Script/UMG.Button:SynchronizeProperties
[2026-08-09 10:28:07.8455617] [PalAnalyzerCN] hook registered
[2026-08-09 10:28:07.8461812] [PalAnalyzerCN] hook registered (GetSelectedOption)
[2026-08-09 10:28:07.8462369] [PalAnalyzerCN] hooks installed
[2026-08-09 10:28:07.8500867] [StutterFixPack 0.4.4b] player equipment passives preserved on unchanged inventory refreshes; H6 item-dependency filtering remains active for all other inventory callbacks.
[2026-08-09 10:28:07.8602532] [StutterFixPack.ProcessEvent.SFP044GlobalBattlePassiveKillPre] Added prehook with Id '0X2800000000000001'!
[2026-08-09 10:28:07.8603608] [StutterFixPack 0.4.4b] battle broadcast preserved; destructive reflection-only suppression remains active for exact PalPassiveSkillBase OnChangeBattleMode, UI OnStartPassiveSkill, and UI OnEndPassiveSkill targets in every context; no native dispatcher, RVA/hash gate, parent scope, replay, or cross-frame target state.
[2026-08-09 10:28:07.8604394] m_shared_functions: 0x152d4e309a8
[2026-08-09 10:28:07.8614842] Input source set to: Win32Async
[2026-08-09 10:28:07.8673415] [UE4SS.LoadMap.LuaModImpl] Added prehook with Id '0X2040000000000001'!
[2026-08-09 10:28:07.8674301] [UE4SS.LoadMap.LuaModImpl] Added posthook with Id '0X40000000000002'!
[2026-08-09 10:28:07.8734341] [UE4SS.InitGameState.LuaModImpl] Added prehook with Id '0X2010000000000001'!
[2026-08-09 10:28:07.8735591] [UE4SS.InitGameState.LuaModImpl] Added posthook with Id '0X10000000000002'!
[2026-08-09 10:28:07.8798843] [UE4SS.BeginPlay.LuaModImpl] Added prehook with Id '0X2008000000000001'!
[2026-08-09 10:28:07.8799671] [UE4SS.BeginPlay.LuaModImpl] Added posthook with Id '0X8000000000002'!
[2026-08-09 10:28:07.8864756] [UE4SS.EndPlay.LuaModImpl] Added prehook with Id '0X2004000000000001'!
[2026-08-09 10:28:07.8865751] [UE4SS.EndPlay.LuaModImpl] Added posthook with Id '0X4000000000002'!
[2026-08-09 10:28:07.8866184] [UnknownMod.StaticConstructObject.PostHook] Added posthook with Id '0X1000000000000002'!
[2026-08-09 10:28:07.9501661] [UnknownMod.ULocalPlayerExec.PreHook] Added prehook with Id '0X2000400000000001'!
[2026-08-09 10:28:07.9502594] [UnknownMod.ULocalPlayerExec.PostHook] Added posthook with Id '0X400000000002'!
[2026-08-09 10:28:07.9562122] [UnknownMod.CallFunctionByNameWithArguments.PreHook] Added prehook with Id '0X2000800000000001'!
[2026-08-09 10:28:07.9562913] [UnknownMod.CallFunctionByNameWithArguments.PostHook] Added posthook with Id '0X800000000002'!
[2026-08-09 10:28:07.9611763] [UnknownMod.ProcessConsoleExec.PostHook] Added posthook with Id '0X400000000000001'!
[2026-08-09 10:28:07.9612801] [UnknownMod.ProcessConsoleExec.PreHook] Added prehook with Id '0X2400000000000002'!
[2026-08-09 10:28:07.9613147] [UnknownMod.ProcessConsoleExec.PostHook] Added posthook with Id '0X400000000000003'!
[2026-08-09 10:28:07.9613618] [UnknownMod.ProcessConsoleExec.PostHook] Added posthook with Id '0X400000000000004'!
[2026-08-09 10:28:07.9614177] [UnknownMod.ProcessConsoleExec.PostHook] Added posthook with Id '0X400000000000005'!
[2026-08-09 10:28:07.9614502] Enabling custom events
[2026-08-09 10:28:07.9665153] [UE4SS.ProcessLocalScriptFunction.LuaModImplScriptHook] Added posthook with Id '0X80000000000001'!
[2026-08-09 10:28:07.9666815] Starting mods (from mods.txt (E:\steam\steamapps\common\Palworld\Mods\NativeMods\UE4SS\Mods\mods.txt) load order)...
[2026-08-09 10:28:07.9675470] Mod 'CheatManagerEnablerMod' disabled in mods.txt.
[2026-08-09 10:28:07.9676308] Mod 'ConsoleCommandsMod' disabled in mods.txt.
[2026-08-09 10:28:07.9676730] Mod 'ConsoleEnablerMod' disabled in mods.txt.
[2026-08-09 10:28:07.9677035] Mod 'SplitScreenMod' disabled in mods.txt.
[2026-08-09 10:28:07.9677360] Mod 'LineTraceMod' disabled in mods.txt.
[2026-08-09 10:28:07.9677686] Starting Lua mod 'BPML_GenericFunctions'
[2026-08-09 10:28:07.9692722] Starting Lua mod 'BPModLoaderMod'
[2026-08-09 10:28:08.0542662] [Lua] [BPModLoaderMod] Mods/BPModLoaderMod/load_order.txt not present or no matching mods, loading all BP mods in random order.
[2026-08-09 10:28:08.0544013] [Lua] [BPModLoaderMod] Pal Expedition Station Unlock - No Type - No Time_P == table: 000001532D3321C0
[2026-08-09 10:28:08.0544487] [Lua] [BPModLoaderMod]     AssetName == ModActor_C
[2026-08-09 10:28:08.0544779] [Lua] [BPModLoaderMod]     Name == Pal Expedition Station Unlock - No Type - No Time_P
[2026-08-09 10:28:08.0545052] [Lua] [BPModLoaderMod]     AssetNameAsFName == FNameUserdata: 000001532D2EC1C8
[2026-08-09 10:28:08.0545310] [Lua] [BPModLoaderMod]     AssetPath == /Game/Mods/Pal Expedition Station Unlock - No Type - No Time_P/ModActor
[2026-08-09 10:28:08.0545579] [Lua] [BPModLoaderMod] PalScUI == table: 000001532D332040
[2026-08-09 10:28:08.0545853] [Lua] [BPModLoaderMod]     AssetName == ModActor_C
[2026-08-09 10:28:08.0546106] [Lua] [BPModLoaderMod]     Name == PalScUI
[2026-08-09 10:28:08.0546368] [Lua] [BPModLoaderMod]     AssetNameAsFName == FNameUserdata: 000001532D2EC1C8
[2026-08-09 10:28:08.0546685] [Lua] [BPModLoaderMod]     AssetPath == /Game/Mods/PalScUI/ModActor
[2026-08-09 10:28:08.0547033] [Lua] [BPModLoaderMod] PalAnalyzer == table: 000001532D3319C0
[2026-08-09 10:28:08.0547423] [Lua] [BPModLoaderMod]     AssetName == ModActor_C
[2026-08-09 10:28:08.0547766] [Lua] [BPModLoaderMod]     Name == PalAnalyzer
[2026-08-09 10:28:08.0548113] [Lua] [BPModLoaderMod]     AssetNameAsFName == FNameUserdata: 000001532D2EC1C8
[2026-08-09 10:28:08.0548451] [Lua] [BPModLoaderMod]     AssetPath == /Game/Mods/PalAnalyzer/ModActor
[2026-08-09 10:28:08.0548821] [Lua] [BPModLoaderMod] FastTravelFromAnywhere == table: 000001532D332780
[2026-08-09 10:28:08.0549178] [Lua] [BPModLoaderMod]     AssetName == ModActor_C
[2026-08-09 10:28:08.0549867] [Lua] [BPModLoaderMod]     Name == FastTravelFromAnywhere
[2026-08-09 10:28:08.0550375] [Lua] [BPModLoaderMod]     AssetNameAsFName == FNameUserdata: 000001532D2EC1C8
[2026-08-09 10:28:08.0550804] [Lua] [BPModLoaderMod]     AssetPath == /Game/Mods/FastTravelFromAnywhere/ModActor
[2026-08-09 10:28:08.0551325] [Lua] [BPModLoaderMod] BetterSearchBlueprintBeta == table: 000001532D331EC0
[2026-08-09 10:28:08.0551652] [Lua] [BPModLoaderMod]     AssetName == ModActor_C
[2026-08-09 10:28:08.0551954] [Lua] [BPModLoaderMod]     Name == BetterSearchBlueprintBeta
[2026-08-09 10:28:08.0552264] [Lua] [BPModLoaderMod]     AssetNameAsFName == FNameUserdata: 000001532D2EC1C8
[2026-08-09 10:28:08.0552472] [Lua] [BPModLoaderMod]     AssetPath == /Game/Mods/BetterSearchBlueprintBeta/ModActor
[2026-08-09 10:28:08.0553088] [UE4SS.EngineTick.LuaModImpl] Added prehook with Id '0X2020000000000003'!
[2026-08-09 10:28:08.0553501] Starting Lua mod 'AncientRelicRecyclerOptimization'
[2026-08-09 10:28:08.0858816] [RegisterHook] Registered native hook (19, 20) for Function /Script/Pal.PalUIMapObjectRecyclerModel:RequestSetPowerOn
[2026-08-09 10:28:08.0861239] [NotifyOnNewObject] Registered notification for /Script/Pal.PalMapObjectRecyclerModel
[2026-08-09 10:28:08.0862252] [Lua] [AncientRelicRecyclerOptimization] optimized power guard started: interval=5000ms
[2026-08-09 10:28:08.0862825] Starting Lua mod 'AntiStickTransport'
[2026-08-09 10:28:08.1026814] [Lua] [AntiStickTransport] loaded: v8.5.67-release (= v8.5.65-logfix logic + ALL probes no-op (zero os.clock/table/file-IO, no perf.log) + perf dump timer removed; full fix chain: no cross-frame UObject cache (crash-free), CDO cache for getWorkMgr, addr-change=rebind (miner incident fix), dynSample invalid-sample fix, findObjectByFull 3-way split (pure StaticFindObject 19ms), file logging via LOG_FILE, silent when LOG_FILE=0; recommended config FREEZE=30 DYNMODE=0)[2026-08-09 10:28:08.1222930] [Lua] [AntiStickTransport] LOW=5 (freeze when count<=5, transport allowed at 6+)  FREEZE=30s  DRYRUN=0  MAXACTIVE=99  CONVERT=0[2026-08-09 10:28:08.1223886] [Lua] [AntiStickTransport] log file SKIPPED: io library unavailable[2026-08-09 10:28:08.1241541] [RegisterHook] Registered native hook (21, 22) for Function /Script/Pal.PalBaseCampModuleTransportItemDirector:OnUpdateMapObjectContainer
[2026-08-09 10:28:08.1262842] [RegisterHook] Registered native hook (23, 24) for Function /Script/Pal.PalBaseCampModuleTransportItemDirector:OnAvailableMapObjectConcreteModel
[2026-08-09 10:28:08.1283240] [RegisterHook] Registered native hook (25, 26) for Function /Script/Pal.PalBaseCampModuleTransportItemDirector:OnAssignWorkTransportItemTarget
[2026-08-09 10:28:08.1309209] [RegisterHook] Registered native hook (27, 28) for Function /Script/Pal.PalBaseCampModuleTransportItemDirector:OnAssignWorkRequirement
[2026-08-09 10:28:08.1311269] [Lua] [AntiStickTransport] hooks: container=ok onAvailable=ok assign=ok requirement=ok tick=timer:loop+pre:onUpdatePre loadmap:ok[2026-08-09 10:28:08.1311805] [Lua] [AntiStickTransport] LIVE: sources with count<=5 frozen 30s (unconditional restore on expire); WHILE-FROZEN dispatches are now canceled.[2026-08-09 10:28:08.1312415] Starting Lua mod 'BaseCampNoOverweight'
[2026-08-09 10:28:08.1552601] [RegisterHook] Registered native hook (29, 30) for Function /Script/Pal.PalPlayerController:OnOverWeightInventory
[2026-08-09 10:28:08.1554083] [Lua] [BaseCampNoOverweight] loaded; temporary base-camp MaxInventoryWeight override enabled
[2026-08-09 10:28:08.1554703] Starting Lua mod 'BetterSearch'
[2026-08-09 10:28:08.4568810] [PalSchema] Loader 'enums' initialized.
[2026-08-09 10:28:08.4569975] [PalSchema] Loader 'raw' initialized.
[2026-08-09 10:28:08.4577097] [PalSchema] Loader 'blueprints' initialized.
[2026-08-09 10:28:08.4580906] [PalSchema] Loading mod: 8xStorageInvBags
[2026-08-09 10:28:08.4588331] [PalSchema] Loaded changes to BP_BuildObject_Box01_Iron_C
[2026-08-09 10:28:08.4589219] [PalSchema] Loaded changes to BP_BuildObject_Box02_Iron_C
[2026-08-09 10:28:08.4589650] [PalSchema] Loaded changes to BP_BuildObject_Container01_Iron_C
[2026-08-09 10:28:08.4590062] [PalSchema] Loaded changes to BP_BuildObject_CoolerBox_C
[2026-08-09 10:28:08.4590437] [PalSchema] Loaded changes to BP_BuildObject_ItemChest_02_C
[2026-08-09 10:28:08.4590791] [PalSchema] Loaded changes to BP_BuildObject_ItemChest_03_C
[2026-08-09 10:28:08.4591156] [PalSchema] Loaded changes to BP_BuildObject_ItemChest_04_C
[2026-08-09 10:28:08.4591547] [PalSchema] Loaded changes to BP_BuildObject_ItemChest_C
[2026-08-09 10:28:08.4591918] [PalSchema] Loaded changes to BP_BuildObject_Refrigerator_C
[2026-08-09 10:28:08.4592286] [PalSchema] Loaded changes to BP_PalGameSetting_C
[2026-08-09 10:28:08.4593163] [PalSchema] Loading mod: AlhaithamNPC
[2026-08-09 10:28:08.5045725] [PalSchema] Loading mod: AlwaysWinFishing
[2026-08-09 10:28:08.5047136] [PalSchema] Loading mod: AncientRelicRecyclerOptimization
[2026-08-09 10:28:08.5067142] [PalSchema] Loaded changes to BP_BuildObject_AncientRelicRecycler_C
[2026-08-09 10:28:08.5068140] [PalSchema] Loading mod: ArlecchinoNPC
[2026-08-09 10:28:08.5485414] [PalSchema] Loading mod: AutoPickup
[2026-08-09 10:28:08.5486649] [PalSchema] Loading mod: BetterPalDisassembler
[2026-08-09 10:28:08.5487543] [PalSchema] Loading mod: DehyaNPC
[2026-08-09 10:28:08.5935563] [PalSchema] Loading mod: DogCoinDrops100to300
[2026-08-09 10:28:08.5997170] [PalSchema] Loading mod: GoldSchematicDropRateIncreased
[2026-08-09 10:28:08.6082957] [PalSchema] Loading mod: GoldWorldTreeRelicDropRateIncreased
[2026-08-09 10:28:08.6084372] [PalSchema] Loading mod: MavuikaNPC
[2026-08-09 10:28:08.6382438] [Lua] [BetterSearch] LANGUAGE_DETECTED culture=zh-Hans; using=zh_cn
[2026-08-09 10:28:08.6477363] [PalSchema] Loading mod: PalSchemaSurgeryTableUnlocker
[2026-08-09 10:28:08.6497048] [PalSchema] Loading mod: RaidenNPC
[2026-08-09 10:28:08.6741279] [NotifyOnNewObject] Registered notification for /Game/Pal/Blueprint/UI/UserInterface/Common/WBP_BoxPalList.WBP_BoxPalList_C
[2026-08-09 10:28:08.6743034] [Lua] [BetterSearch] P132_BOX_IDENTITY_DIAGNOSTICS_READY search_closed=false(...s/BetterSearch/Scripts/box_list_identity_diagnostics.lua:520: Was unable to register a hook with Lua function 'RegisterHook', information: FunctionName: /Game/Pal/Blueprint/UI/UserInterface/Common/WBP_BoxPalList.WBP_BoxPalList_C:OnClosedSearchWindow UFunction::Func: 0x0 ProcessInternal: 0x7ff669ec7b00 FUNC_Native: 0  stack traceback: 	[C]: in function 'RegisterHook' 	...s/BetterSearch/Scripts/box_list_identity_diagnostics.lua:520: in function <...s/BetterSearch/Scripts/box_list_identity_diagnostics.lua:519> 	[C]: in function 'pcall' 	...s/BetterSearch/Scripts/box_list_identity_diagnostics.lua:519: in local 'register_exact' 	...s/BetterSearch/Scripts/box_list_identity_diagnostics.lua:539: in function <...s/BetterSearch/Scripts/box_list_identity_diagnostics.lua:491> 	[C]: in function 'pcall' 	...Mods\NativeMods\UE4SS\Mods\BetterSearch\Scripts\main.lua:4957: in main chunk); sort_open=false(...s/BetterSearch/Scripts/box_list_identity_diagnostics.lua:520: Was unable to register a hook with Lua function 'RegisterHook', information: FunctionName: /Game/Pal/Blueprint/UI/UserInterface/Common/WBP_BoxPalList.WBP_BoxPalList_C:BndEvt__WBP_BoxPalList_WBP_BoxPalListBase_K2Node_ComponentBoundEvent_3_OnClickedSortButton__DelegateSignature UFunction::Func: 0x0 ProcessInternal: 0x7ff669ec7b00 FUNC_Native: 0  stack traceback: 	[C]: in function 'RegisterHook' 	...s/BetterSearch/Scripts/box_list_identity_diagnostics.lua:520: in function <...s/BetterSearch/Scripts/box_list_identity_diagnostics.lua:519> 	[C]: in function 'pcall' 	...s/BetterSearch/Scripts/box_list_identity_diagnostics.lua:519: in local 'register_exact' 	...s/BetterSearch/Scripts/box_list_identity_diagnostics.lua:539: in function <...s/BetterSearch/Scripts/box_list_identity_diagnostics.lua:491> 	[C]: in function 'pcall' 	...Mods\NativeMods\UE4SS\Mods\BetterSearch\Scripts\main.lua:4957: in main chunk); page_update=false(...s/BetterSearch/Scripts/box_list_identity_diagnostics.lua:520: Was unable to register a hook with Lua function 'RegisterHook', information: FunctionName: /Game/Pal/Blueprint/UI/UserInterface/Common/WBP_BoxPalList.WBP_BoxPalList_C:OnUpdatePagePalBoxList UFunction::Func: 0x0 ProcessInternal: 0x7ff669ec7b00 FUNC_Native: 0  stack traceback: 	[C]: in function 'RegisterHook' 	...s/BetterSearch/Scripts/box_list_identity_diagnostics.lua:520: in function <...s/BetterSearch/Scripts/box_list_identity_diagnostics.lua:519> 	[C]: in function 'pcall' 	...s/BetterSearch/Scripts/box_list_identity_diagnostics.lua:519: in local 'register_exact' 	...s/BetterSearch/Scripts/box_list_identity_diagnostics.lua:539: in function <...s/BetterSearch/Scripts/box_list_identity_diagnostics.lua:491> 	[C]: in function 'pcall' 	...Mods\NativeMods\UE4SS\Mods\BetterSearch\Scripts\main.lua:4957: in main chunk); destruct=false(...s/BetterSearch/Scripts/box_list_identity_diagnostics.lua:520: Was unable to register a hook with Lua function 'RegisterHook', information: FunctionName: /Game/Pal/Blueprint/UI/UserInterface/Common/WBP_BoxPalList.WBP_BoxPalList_C:Destruct UFunction::Func: 0x0 ProcessInternal: 0x7ff669ec7b00 FUNC_Native: 0  stack traceback: 	[C]: in function 'RegisterHook' 	...s/BetterSearch/Scripts/box_list_identity_diagnostics.lua:520: in function <...s/BetterSearch/Scripts/box_list_identity_diagnostics.lua:519> 	[C]: in function 'pcall' 	...s/BetterSearch/Scripts/box_list_identity_diagnostics.lua:519: in local 'register_exact' 	...s/BetterSearch/Scripts/box_list_identity_diagnostics.lua:539: in function <...s/BetterSearch/Scripts/box_list_identity_diagnostics.lua:491> 	[C]: in function 'pcall' 	...Mods\NativeMods\UE4SS\Mods\BetterSearch\Scripts\main.lua:4957: in main chunk); notify=true; no_find_all_of=true; no_timer=true; no_widget_mutation=true; scalar_only=true; retained_uobject=false
[2026-08-09 10:28:08.6743586] [Lua] [BetterSearch] P132_BOX_IDENTITY_DIAGNOSTICS_INSTALL success=true; result=true; error=true; exact_hooks_only=true; no_find_all_of=true; no_timer=true; context_handoff=BS_SetBoxListContext; lua_retained_uobject=false
[2026-08-09 10:28:08.6840764] [Lua] [BetterSearch] fail-open diagnostic (register_filter_hook): ...Mods\NativeMods\UE4SS\Mods\BetterSearch\Scripts\main.lua:4532: Was unable to register a hook with Lua function 'RegisterHook', information:
FunctionName: /Game/Pal/Blueprint/UI/UserInterface/Common/WBP_BoxPalList.WBP_BoxPalList_C:UpdateSlotFiltering
UFunction::Func: 0x0
ProcessInternal: 0x7ff669ec7b00
FUNC_Native: 0

stack traceback:
	[C]: in function 'RegisterHook'
	...Mods\NativeMods\UE4SS\Mods\BetterSearch\Scripts\main.lua:4532: in function <...Mods\NativeMods\UE4SS\Mods\BetterSearch\Scripts\main.lua:4531>
	[C]: in function 'pcall'
	...Mods\NativeMods\UE4SS\Mods\BetterSearch\Scripts\main.lua:4531: in upvalue 'try_register_filter_hook'
	...Mods\NativeMods\UE4SS\Mods\BetterSearch\Scripts\main.lua:4643: in local 'try_register_all_filter_hooks'
	...Mods\NativeMods\UE4SS\Mods\BetterSearch\Scripts\main.lua:5043: in main chunk
[2026-08-09 10:28:08.6842153] [NotifyOnNewObject] Registered notification for /Game/Pal/Blueprint/UI/UserInterface/Common/WBP_BoxPalList.WBP_BoxPalList_C
[2026-08-09 10:28:08.6842864] [Lua] [BetterSearch] waiting for the native Pal Box class to load
[2026-08-09 10:28:08.6929822] [PalSchema] Loading mod: Rainbow Traits probability 1
[2026-08-09 10:28:08.6983346] [NotifyOnNewObject] Registered notification for /Game/Pal/Blueprint/UI/UserInterface/IngameMenu/PalBox/WBP_IngameMenu_PalBoxLockerList.WBP_IngameMenu_PalBoxLockerList_C
[2026-08-09 10:28:08.6984656] [Lua] [BetterSearch] BS140_DIMENSION_SUPPORT_WAITING class=exact-locker-list; notify_only=true; scan=false; timer=false; lua_retained_uobject=false
[2026-08-09 10:28:08.6985517] [Lua] [BetterSearch] P23_FIX9_REQUESTSORT_HOOK_DISABLED token_source=eager-blueprint-dispatch; cache_sort_info_hook=false
[2026-08-09 10:28:08.6986343] [Lua] [BetterSearch] P23_FIX9_SEARCH_REQUEST_HOOK_DISABLED token_source=eager-blueprint-dispatch; cache_sort_info_hook=false; reset_setting_hook=false; sort_onsetup_hook=false
[2026-08-09 10:28:08.7039981] [PalSchema] Loading mod: ShenheNPC
[2026-08-09 10:28:08.7170584] [Lua] [BetterSearch] P133_SEARCH_HOOK_MATRIX cache_sort_info=false; native_reset=true; snapshot_source=eager-blueprint-dispatch; native_reset_target=blueprint-manager; native_reset_focus_guard=true; custom_clear=true
[2026-08-09 10:28:08.7171851] [NotifyOnNewObject] Registered notification for /Game/Pal/Blueprint/UI/PalStorage/WBP_PalStorageSearchSettingWindow.WBP_PalStorageSearchSettingWindow_C
[2026-08-09 10:28:08.7172634] [Lua] [BetterSearch] waiting for the native Pal Box search window class to load
[2026-08-09 10:28:08.7173275] [Lua] [BetterSearch] C61_SORT_ONSETUP_HOOK_DISABLED source=startup; widget_call=false; executor_read=false; opacity_write=false
[2026-08-09 10:28:08.7173618] [Lua] [BetterSearch] P141_RELEASE_READY version=1.4.1; base=1.4.0; blueprint_pak=numeric-stepper-layout; languages=17-steam-interface-languages; dimension_storage=exact-locker-list-context-and-filter; context_handoff=search-closed-self-plus-owned-page-control; passive_tooltips=blueprint-gc-tracked-six; backspace=blueprint-bubbling-onkeyup-release-guard-all-editable-fields; native_reset=exact-active-search-window-to-blueprint-all-editable-focus-guard; lua_main_locals=within-ue4ss-limit; no_find_all_of_added=true; no_timer_added=true; no_force_destroy=true; no_lua_transient_widget_retention=true
[2026-08-09 10:28:08.7173944] [Lua] [BetterSearch] BS141_METRIC_FILTER_READY version=1.4.1; mode=minimum-inclusive-highlight-filter; metric_inputs=true; numeric_only=true; invalid_text=guarded-rollback; steppers=blueprint-owned-plus-minus-one; idle_probe=false; on_change_sample_budget=12; rank_source=IndividualParameter.GetRank; star_formula=max-rank-minus-one; talent_source=IndividualParameter.SaveParameter-UPROPERTY; talents=HP+Shot+Defense; get_save_parameter_call=false; native_sort=unchanged-first-passive-only; custom_reorder=false; swap_rpc=false; timer_added=false; global_scan_added=false; force_destroy=false; retained_transient_uobject=false
[2026-08-09 10:28:08.7174441] [Lua] [BetterSearch] P133_BACKSPACE_READY handler=blueprint-bubbling-OnKeyUp; nonempty_delete=editable-text-native-keydown; release_guard=focused-backspace-handled-by-panel; protected_fields=BS_NameInput|BS_StarsInput|BS_TotalIVInput; focus_test=keyboard-or-any-user; lua_ignore_close_event=false; delayed_callback=false; keybind=false; close_hook=false
[2026-08-09 10:28:08.7175051] [Lua] [BetterSearch] P23_ALPHA_SPECIES_IDENTITY_READY method=pure-lua-boss-prefix-canonicalization; candidate_count=unchanged; extra_ufunction_call=false; delayed_callback=false; retained_uobject=false; lifecycle_change=false; blueprint_change=false
[2026-08-09 10:28:08.7175918] [Lua] [BetterSearch] P141_NON_OVERLAP_LAYOUT_READY passive_cells=6; passive_tail_visibility=Hidden; categories=4; category_row=dedicated; header_row=dedicated; page_buttons=2; match_mode=1; metric_inputs=2; metric_steppers=4; metric_rows=dedicated; stepper_rectangles=dedicated; clear_row=dedicated; backspace=blueprint-bubbling-onkeyup-release-guard-all-editable-fields; layout=p141-non-overlap-930x154; duplicate_append=false; global_button_hook=false; delayed_callback=false
[2026-08-09 10:28:08.7176620] [Lua] [BetterSearch] P134_TOOLTIP_OWNERSHIP_READY count=6; properties=BS_PassiveTooltip1..6; owner=blueprint-panel-uproperty; runtime_create=lua-synchronous; sparse_cell_hide=retain-tooltip; fallback_raw_rich_text=false; timer=false; scan=false; force_destroy=false
[2026-08-09 10:28:08.7177347] [Lua] [BetterSearch] P23_DIAGNOSTIC_MODE manager_singleton=true; blueprint_panel_owned=true; blueprint_panel_primary_only=true; lua_dynamic_name_widgets=false; candidate_click=blueprint-dispatch; clear_click=blueprint-dispatch; metric_input=blueprint-dispatch-kinds-18-19; global_button_hook_registered=false; global_button_callback_for_name_clear=false; cache_sort_info_hook=false; reset_setting_hook=false; passive_click=blueprint-dispatch-fix13; category_click=blueprint-dispatch-fix13; page_click=blueprint-dispatch-fix13; match_mode_click=blueprint-dispatch-fix13; suggestion_render=lua-sync-into-blueprint-widgets-transitional; passive_grid=lua-in-blueprint-host-transitional; hierarchy_traversal=false; delayed_widget_callback=false; search_close_hook=false; sort_onsetup_hook=false; lua_queue_plan=false; lua_page_reset=false; search_plan_shadow=live-validated; submit_shadow=exact-event-transaction-only; plan_queue_shadow=bounded-16-enqueue-only; lazy_consumer=inactive-until-search-window; search_plan_execution=blueprint-dispatch; update_slot_filtering=true
[2026-08-09 10:28:08.7177971] [Lua] [BetterSearch] P133_CLEAR_RESET_MODE custom_clear=blueprint-dispatch; native_reset=exact-search-window-hook-to-blueprint; lua_focus_guard=all-editable-fields; blueprint_focus_guard=all-editable-fields; state_clear=lua-during-blueprint-dispatch; metric_visual_write_guard=true; name_visual=blueprint; candidate_visual=blueprint; passive_visual=lua-sync-transitional; global_button_callback=false; delayed_callbacks=false; focus_changed=false
[2026-08-09 10:28:08.7178630] [Lua] [BetterSearch] P23_FIX17_RELEASE_CANDIDATE_BOOT_SAFE_READY base=proven-lazy-consumer; world_epoch_source=lua-session-monotonic; consumer_module_loaded=false; execution_bridge_loaded=false; activation=first-successful-search-window-setup; title_boot_intervention=false; splash_intervention=false; login_intervention=false; bounded_queue_size=16; blueprint_event=BS_ExecutePlanRequest; lua_direct_queue_plan=false; ui_layout=p141-non-overlap-930x154
[2026-08-09 10:28:08.7179192] [Lua] [BetterSearch] P23_FIX15_PLAN_QUEUE_READY max_queue_size=16; bounded=true; scalar_only=true; enqueue_only=true; queue_consumer=false; dequeue=false; game_state_mutation=false; queue_plan=false; request_sort=false; auto_confirm=false; broadcast=false; close=false; widget_call=false; delayed_callback=false; retained_uobject=false
[2026-08-09 10:28:08.7179672] [Lua] [BetterSearch] P23_FIX15_PLAN_QUEUE_INSTALL success=true; error=nil; max_queue_size=16; bounded=true; scalar_only=true; enqueue_only=true; queue_consumer=false; dequeue=false; game_state_mutation=false; queue_plan=false; request_sort=false; auto_confirm=false
[2026-08-09 10:28:08.7185300] [Lua] [BetterSearch] P21_BRIDGE_PURE_PING_OK protocol=1; request_id=1; response=PONG
[2026-08-09 10:28:08.7299306] [NotifyOnNewObject] Registered notification for /Game/Mods/BetterSearchBlueprintBeta/ModActor.ModActor_C
[2026-08-09 10:28:08.7300309] [Lua] [BetterSearch] P22_BRIDGE_READY pure_ping=true; dispatch_hook=false; actor_notify=true; existing_count=0; hook_error=dispatch-function-not-loaded; manager_singleton=true; candidate_visual=blueprint-owned-controls; clear_visual=blueprint-owned-controls; native_sort=false
[2026-08-09 10:28:08.7300788] [Lua] [BetterSearch] P22_BRIDGE_SUMMARY reason=startup; pure_ping_checks=1; pure_ping_failures=0; actor_observed=0; actor_unique=0; surface_checks=0; surface_failures=0; notify_registration_failures=0; dispatch_hook_attempts=0; dispatch_hook_failures=0; dispatch_calls=0; dispatch_failures=0; blueprint_validation_checks=0; blueprint_validation_failures=0; manager_observations=0; manager_primary=0; manager_standby=0; manager_duplicates=0; manager_write_failures=0
[2026-08-09 10:28:08.7301151] [Lua] [BetterSearch] P23_BRIDGE_MANAGER_PANEL_READY pure_ping=true; registration=true; bs_lua_dispatch=true; manager_singleton=true; blueprint_panel_owned=true; candidate_click_dispatch=true; clear_click_dispatch=true; global_button_hook_registered=false; native_sort=false; error=nil
[2026-08-09 10:28:08.7363484] [Lua] [BetterSearch] P23_FIX15_SUBMIT_HOOK_DEFERRED attempt=1; source=startup; function=BndEvt__WBP_PalStorageSortSettingWindow_WBP_CommonButton_1_K2Node_ComponentBoundEvent_1_OnClicked__DelegateSignature; path=/Game/Pal/Blueprint/UI/PalStorage/WBP_PalStorageSearchSettingWindow.WBP_PalStorageSearchSettingWindow_C:BndEvt__WBP_PalStorageSortSettingWindow_WBP_CommonButton_1_K2Node_ComponentBoundEvent_1_OnClicked__DelegateSignature; reason=ufunction-not-in-memory; broad_scan=false
[2026-08-09 10:28:08.7365165] [NotifyOnNewObject] Registered notification for /Game/Pal/Blueprint/UI/PalStorage/WBP_PalStorageSearchSettingWindow.WBP_PalStorageSearchSettingWindow_C
[2026-08-09 10:28:08.7365903] [Lua] [BetterSearch] P23_FIX15_SUBMIT_SHADOW_READY initial_registered=false; notify_registered=true; function=BndEvt__WBP_PalStorageSortSettingWindow_WBP_CommonButton_1_K2Node_ComponentBoundEvent_1_OnClicked__DelegateSignature; exact_hook=true; class_scoped=true; broad_scan=false; transaction_only=true; scalar_copy=true; queue_shadow=true; queue_consumer=false; game_state_mutation=false; queue_plan=false; request_sort=false; auto_confirm=false; broadcast=false; close=false; widget_call=false; delayed_callback=false; retained_uobject=false
[2026-08-09 10:28:08.7366616] [Lua] [BetterSearch] P23_FIX15_SUBMIT_SHADOW_INSTALL success=true; error=nil; exact_hook=true; broad_scan=false; transaction_only=true; queue_shadow=true; queue_consumer=false; game_state_mutation=false; queue_plan=false; request_sort=false; auto_confirm=false
[2026-08-09 10:28:08.7367617] [Lua] [BetterSearch] P23_FIX17_RELEASE_CANDIDATE_RUNTIME_READY function=CommonButton_1_OnClicked; exact_hook=true; base=boot-safe-lazy-consumer; broad_scan=false; transaction_only=true; scalar_copy=true; max_queue_size=16; bounded=true; consumer_module_loaded=false; execution_bridge_loaded=false; activation=first-successful-search-window-setup; title_boot_intervention=false; single_dequeue=true; execution=blueprint-dispatch-request; blueprint_event=BS_ExecutePlanRequest; blueprint_validation=true; queue_plan=blueprint-owned; request_sort=blueprint-native; auto_confirm=blueprint-latent; lua_direct_queue_plan=false; compile_required=true; pak_changed=true; lua_only=false
[2026-08-09 10:28:08.7368436] [Lua] [BetterSearch] P23_FIX14_STATUS_KEY_DISABLED key=F10; register_keybind=false
[2026-08-09 10:28:08.7369125] [Lua] [BetterSearch] P141_EDITABLE_INPUT_BOUNDARY mode=blueprint-trigger-lua-sync-read; components=BS_NameInput|BS_StarsInput|BS_TotalIVInput; metric_keyboard=numeric; metric_validation=digits-and-range; metric_invalid_write=blueprint-guarded-rollback; metric_steppers=blueprint-buttons-kinds-20-21; same-stack-get-text=true; lua_ignore_close_event=false; backspace=blueprint-bubbling-onkeyup-release-guard-all-editable-fields; keydown_deletion=native; convert-to-lua-string-immediately=true; keybinds=false; lua-delayed-ftext-read=false; blueprint_delay=false; close_hook=false; retained_uobject=false
[2026-08-09 10:28:08.7370062] [Lua] [BetterSearch] Better Search 1.4.1 loaded: max_selected=4; suggestions=4; debug=false; native_sort=blueprint-owned-safe-first-passive-only; palbox_context=exact-search-closed-self; dimension_storage=exact-locker-list-search-closed-self-plus-owned-page-control; dimension_filter=exact-update-slot-filtering; page_sync=blueprint-page-control-plus-context-branch; name_search=candidate-required-character-id-only; stars_filter=minimum-inclusive-highlight-only; total_iv_filter=hp+shot+defense-minimum-inclusive-highlight-only; metric_input_dispatch=blueprint-kinds-18-19; metric_step_dispatch=blueprint-kinds-20-21; metric_keyboard=numeric; metric_invalid_write=guarded-rollback; filtering_changed=true; language_support=17-steam-interface-languages; manager_singleton=true; blueprint_panel_owned=true; lua_dynamic_name_widgets=false; candidate_click=blueprint-dispatch; clear_click=blueprint-dispatch; native_reset=exact-active-search-window-to-blueprint; native_reset_focus_guard=all-editable-fields; global_button_hook_registered=false; global_button_callback_for_name_clear=false; cache_sort_info_hook=false; reset_setting_hook=true; passive_click=blueprint-dispatch-fix13; category_click=blueprint-dispatch-fix13; page_click=blueprint-dispatch-fix13; match_mode_click=blueprint-dispatch-fix13; name_input_dispatch=blueprint-trigger-lua-sync-read; sync_widget_read=accepted-bounded-exception; suggestion_render=lua-sync-transitional; passive_grid=lua-in-blueprint-host-transitional; passive_tail_visibility=Hidden; passive_tooltips=blueprint-gc-tracked-six; sparse_page_tooltip_detach=false; raw_rich_text_fallback=false; search_plan_shadow=live-validated; submit_shadow=exact-event-transaction-only; search_plan_execution=blueprint-dispatch; hierarchy_traversal=false; delayed_widget_callback=false; dimension_hooks=exact-two; global_scan_added=false; timer_added=false; forced_destroy=false; lua_dimension_widget_retention=false; metric_struct_retention=false; metric_button_retention=false; get_save_parameter_call=false; raw_text_slot_filter=false; core=p1-pure-lua-compat; bridge=p21-roundtrip-plus-p22-manager-plus-p23-panel; bs_lua_dispatch=true; blueprint_pak_modified=true; blueprint_pak=p141-release; backspace=blueprint-bubbling-onkeyup-release-guard-all-editable-fields; lua_ignore_close_event=false; fixed_control_overlays=true; ui_layout=p141-non-overlap-930x154
[2026-08-09 10:28:08.7370783] Starting Lua mod 'DismantlingConveyorBulkInsert'
[2026-08-09 10:28:08.7478937] [PalSchema] Loading mod: SuperStacksNoLag
[2026-08-09 10:28:08.7487617] [PalSchema] Loaded changes to BP_PalBaseCampManager_C
[2026-08-09 10:28:08.7488368] [PalSchema] Loaded changes to BP_PalGameSetting_C
[2026-08-09 10:28:08.7489488] [PalSchema] Loading mod: unlimited dashes and jumps 6
[2026-08-09 10:28:08.7615066] [PalSchema] Loading mod: XianyunNPC
[2026-08-09 10:28:08.7627829] Starting Lua mod 'ExpandedPalBox256'
[2026-08-09 10:28:08.7783259] [NotifyOnNewObject] Registered notification for /Script/Pal.PalPlayerDataPalStorage
[2026-08-09 10:28:08.7789168] [RegisterHook] Registered native hook (31, 32) for Function /Script/Engine.PlayerController:ClientRestart
[2026-08-09 10:28:08.7796908] [RegisterHook] Registered native hook (33, 34) for Function /Script/Engine.PlayerController:ServerAcknowledgePossession
[2026-08-09 10:28:08.7797970] [Lua] [ExpandedPalBox256] Mod loaded successfully. PalBox capacity expanded to 256 pages.
[2026-08-09 10:28:08.7798627] Starting Lua mod 'FullSphereSummon'
[2026-08-09 10:28:08.8019208] Starting Lua mod 'KeepShiningLuckyPals'
[2026-08-09 10:28:08.8023523] [PalSchema] Loading mod: XilonenNPC
[2026-08-09 10:28:08.8249707] [RegisterHook] Registered native hook (35, 36) for Function /Script/Pal.PalCharacterParameterComponent:OnInitialize_AfterSetIndividualParameter
[2026-08-09 10:28:08.8250663] [Lua] [KeepShiningLuckyPals v1.0.1] Hook registered: /Script/Pal.PalCharacterParameterComponent:OnInitialize_AfterSetIndividualParameter
[2026-08-09 10:28:08.8250985] [Lua] [KeepShiningLuckyPals v1.0.1] loaded - captured Lucky glow without chime, wild untouched
[2026-08-09 10:28:08.8251412] Starting Lua mod 'MapandFastTravelUnlocker'
[2026-08-09 10:28:08.8446467] [PalSchema] Loading mod: YelanNPC
[2026-08-09 10:28:09.1101976] Error executing script: ...ods\UE4SS\Mods\MapandFastTravelUnlocker\Scripts\main.lua:26: Tried to register a hook with Lua function 'RegisterHook' but no UFunction with the specified name was found.
Function Name: /Script/Pal.PalPlayerState:OnRep_LoginData
stack traceback:
	[C]: in function 'RegisterHook'
	...ods\UE4SS\Mods\MapandFastTravelUnlocker\Scripts\main.lua:26: in main chunk
stack traceback:
	[C]: in function 'RegisterHook'
	...ods\UE4SS\Mods\MapandFastTravelUnlocker\Scripts\main.lua:26: in main chunk
[2026-08-09 10:28:09.1103065] Failed to execute main script: E:\steam\steamapps\common\Palworld\Mods\NativeMods\UE4SS\Mods\MapandFastTravelUnlocker\Scripts\main.lua
[2026-08-09 10:28:09.1103521] Starting Lua mod 'MiniBasePals'
[2026-08-09 10:28:09.1499597] [RegisterHook] Registered native hook (37, 38) for Function /Script/Pal.PalCharacterParameterComponent:OnInitialize_AfterSetIndividualParameter
[2026-08-09 10:28:09.1501153] Starting Lua mod 'PalboxAnywhere'
[2026-08-09 10:28:09.2030706] Starting Lua mod 'PalStuckDiagnostic'
[2026-08-09 10:28:09.2327173] [Lua] [PalStuckDiagnostic] v1.9.15 loaded[2026-08-09 10:28:09.2328461] [Lua] [PalStuckDiagnostic] all dev flags off (production mode)[2026-08-09 10:28:09.2329098] Starting Lua mod 'PalworldAutoLockpick'
[2026-08-09 10:28:09.2585384] [RegisterHook] Registered native hook (39, 40) for Function /Script/Pal.PalPickingGameProcessor:StartNewGame
[2026-08-09 10:28:09.2596717] [RegisterHook] Registered native hook (41, 42) for Function /Script/Pal.PalPickingGameProcessor:SetPickingToolPosition
[2026-08-09 10:28:09.2607911] [RegisterHook] Registered native hook (43, 44) for Function /Script/Pal.PalPickingGameProcessor:AddPickingToolPosition
[2026-08-09 10:28:09.2618936] [RegisterHook] Registered native hook (45, 46) for Function /Script/Pal.PalPickingGameProcessor:AddPickingToolPositionLoop
[2026-08-09 10:28:09.2631091] [RegisterHook] Registered native hook (47, 48) for Function /Script/Pal.PalPickingGameProcessor:AddKeyPosition
[2026-08-09 10:28:09.2643956] [RegisterHook] Registered native hook (49, 50) for Function /Script/Pal.PalPickingGameProcessor:SetKeyPosition
[2026-08-09 10:28:09.2644967] [Lua] [PalworldAutoLockpick] ready (6 hooks)
[2026-08-09 10:28:09.2645562] Starting Lua mod 'PalworldKeymapCenter'
[2026-08-09 10:28:09.3857236] [NotifyOnNewObject] Registered notification for /Game/Pal/Blueprint/UI/UserInterface/ESCMenu/WBP_MenuESC.WBP_MenuESC_C
[2026-08-09 10:28:09.3858427] [Lua] [PalworldKeymapCenter] v0.6.2 loaded
[2026-08-09 10:28:09.3859161] Starting Lua mod 'SCUI'
[2026-08-09 10:28:09.4372761] [RegisterHook] Registered native hook (51, 52) for Function /Script/Engine.PlayerController:ClientRestart
[2026-08-09 10:28:09.4374007] Starting Lua mod 'SCWDBaseShift'
[2026-08-09 10:28:09.4380032] Main script 'main.lua' not found in scripts directory: E:\steam\steamapps\common\Palworld\Mods\NativeMods\UE4SS\Mods\SCWDBaseShift\Scripts -- Ensure your script file uses the correct casing.
[2026-08-09 10:28:09.4380719] Mod 'PrecisionPickup' disabled in mods.txt.
[2026-08-09 10:28:09.4381077] Starting Lua mod 'InventoryMenuOptimizer'
[2026-08-09 10:28:09.4425536] [NotifyOnNewObject] Registered notification for /Game/Pal/Blueprint/UI/UserInterface/MainMenu/InventoryEquipment/WBP_InventoryEquipment.WBP_InventoryEquipment_C
[2026-08-09 10:28:09.4426513] [Lua] [Inventory Menu Optimizer] Waiting for the next exact inventory-equipment construction; no recurring lifecycle callback or bytecode change is active.
[2026-08-09 10:28:09.4427081] Starting Lua mod 'AlwaysWinFishing'
[2026-08-09 10:28:09.4598931] [Lua] [AlwaysWinFishingLua] loaded[2026-08-09 10:28:09.4600352] Starting Lua mod 'Keybinds'
[2026-08-09 10:28:09.4613517] Starting mods (from enabled.txt (E:\steam\steamapps\common\Palworld\Mods\NativeMods\UE4SS\Mods), no defined load order)...
[2026-08-09 10:28:09.4617840] Mod 'BreedingHelper' has enabled.txt, starting mod.
[2026-08-09 10:28:09.7272459] [Lua] [BreedingHelper] loaded: 289 pals, 258 unique recipes, pool 183, ui=true
[2026-08-09 10:28:09.7274379] Mod 'DeadBodiesDespawnInstantly' has enabled.txt, starting mod.
[2026-08-09 10:28:09.7289561] [Lua] [31mDead bodies disappear faster version 1.10 loaded for game version 0.1.4.0[0m
[2026-08-09 10:28:09.7296847] [RegisterHook] Registered native hook (53, 54) for Function /Script/Engine.PlayerController:ClientRestart
[2026-08-09 10:28:09.7299814] Mod 'PredatorPalAppearanceOverride' has enabled.txt, starting mod.
[2026-08-09 10:28:09.7400939] [Lua] [PredatorPalAppearance99Lua] GameInstance not valid yet
[2026-08-09 10:28:09.7408490] [RegisterHook] Registered native hook (55, 56) for Function /Script/Engine.PlayerController:ClientRestart
[2026-08-09 10:28:09.7410667] Event loop start
[2026-08-09 10:28:10.3344695] [PalSchema] DT_PalCombiUnique: 0 rows updated, 9 rows added, 0 rows deleted, 0 errors.
[2026-08-09 10:28:10.3379504] [PalSchema] DT_PalHumanParameter_Common: 0 rows updated, 18 rows added, 0 rows deleted, 0 errors.
[2026-08-09 10:28:10.3430799] [PalSchema] DT_PalDropItem_Common: 667 rows updated, 104 rows added, 0 rows deleted, 0 errors.
[2026-08-09 10:28:10.3440627] [PalSchema] DT_PalCharacterIconDataTable_Common: 0 rows updated, 18 rows added, 0 rows deleted, 0 errors.
[2026-08-09 10:28:10.3446137] [PalSchema] DT_PalBPClass_Common: 0 rows updated, 18 rows added, 0 rows deleted, 0 errors.
[2026-08-09 10:28:10.3971494] [PalSchema] DT_BossSpawnerLoactionData: 0 rows updated, 9 rows added, 0 rows deleted, 0 errors.
[2026-08-09 10:28:10.4062541] [PalSchema] DT_OperatingTablePassiveSkillDataTable: 54 rows updated, 61 rows added, 0 rows deleted, 0 errors.
[2026-08-09 10:28:10.4130522] [PalSchema] DT_ItemLotteryDataTable: 724 rows updated, 0 rows added, 0 rows deleted, 0 errors.
[2026-08-09 10:28:10.4185614] [PalSchema] DT_PassiveSkill_Main_Common: 45 rows updated, 11 rows added, 0 rows deleted, 0 errors.
[2026-08-09 10:28:10.4374602] [PalSchema] DT_WazaMasterLevel_Common: 0 rows updated, 310 rows added, 0 rows deleted, 0 errors.
[2026-08-09 10:28:10.6737019] [PalSchema] Loader 'resources' initialized.
[2026-08-09 10:28:10.7432033] [Lua] [PredatorPalAppearance99Lua] Startup: retry 20
[2026-08-09 10:28:10.7443772] [PalSchema] Loader 'pals' initialized.
[2026-08-09 10:28:10.7444731] [PalSchema] Loader 'npcs' initialized.
[2026-08-09 10:28:10.7474757] [PalSchema] Loader 'items' initialized.
[2026-08-09 10:28:10.7476166] [PalSchema] Loader 'skins' initialized.
[2026-08-09 10:28:10.7476708] [PalSchema] Loader 'appearance' initialized.
[2026-08-09 10:28:10.7477061] [PalSchema] Loader 'buildings' initialized.
[2026-08-09 10:28:10.7515626] [Lua] [PredatorPalAppearance99Lua] GameInstance.GameSettingClass=BlueprintGeneratedClass /Game/Pal/Blueprint/System/BP_PalGameSetting.BP_PalGameSetting_C
[2026-08-09 10:28:10.7516976] [Lua] [PredatorPalAppearance99Lua] GameInstance.GameSetting=BP_PalGameSetting_C /Engine/Transient.PalGameEngine_2147482588:BP_PalGameInstance_C_2147482476.BP_PalGameSetting_C_2147482328
[2026-08-09 10:28:10.7517945] [Lua] [PredatorPalAppearance99Lua] Updated PredatorPal_AppearanceProbability to 10.0
[2026-08-09 10:28:10.7518305] [Lua] [PredatorPalAppearance99Lua] Startup: success
[2026-08-09 10:28:10.7553713] [PalSchema] Loader 'helpguide' initialized.
[2026-08-09 10:28:10.7559134] [PalSchema] Loader 'spawns' initialized.
[2026-08-09 10:28:10.7559949] [PalSchema] Language override not set, using system language (zh-Hans).
[2026-08-09 10:28:10.7560221] [PalSchema] Loader 'translations' initialized.
[2026-08-09 10:28:10.7563923] [PalSchema] Loading mod: 8xStorageInvBags
[2026-08-09 10:28:10.7570084] [PalSchema] Modified Item 'AdditionalInventory_001'
[2026-08-09 10:28:10.7570852] [PalSchema] Modified Item 'AdditionalInventory_002'
[2026-08-09 10:28:10.7571271] [PalSchema] Modified Item 'AdditionalInventory_003'
[2026-08-09 10:28:10.7571562] [PalSchema] Modified Item 'AdditionalInventory_004'
[2026-08-09 10:28:10.7578327] [PalSchema] Loading mod: AlhaithamNPC
[2026-08-09 10:28:10.7643905] [PalSchema] Applied changes to BP_PalSpawner_Sheets_2_1_forest_1_C
[2026-08-09 10:28:10.7754006] Added new spawn: (EXEC_Alhaitham_BOSS @ [X: -239882.000, Y: 148912.000, Z: 1050.000])
[2026-08-09 10:28:10.7883556] [PalSchema] Loading mod: AlwaysWinFishing
[2026-08-09 10:28:10.7885049] [PalSchema] Loading mod: AncientRelicRecyclerOptimization
[2026-08-09 10:28:10.7891226] [PalSchema] Loading mod: ArlecchinoNPC
[2026-08-09 10:28:10.7912112] [PalSchema] Applied changes to BP_PalSpawner_Sheets_yamijima_7_2_DarkArea_C
[2026-08-09 10:28:10.8036322] Added new spawn: (EXEC_Arlecchino_BOSS @ [X: -647047.000, Y: -352561.000, Z: 30106.000])
[2026-08-09 10:28:10.8213739] [PalSchema] Loading mod: AutoPickup
[2026-08-09 10:28:10.8215339] [PalSchema] Loading mod: BetterPalDisassembler
[2026-08-09 10:28:10.8216401] [PalSchema] Loading mod: DehyaNPC
[2026-08-09 10:28:10.8229466] [PalSchema] Applied changes to BP_PalSpawner_Sheets_4_1_dessert_1_C
[2026-08-09 10:28:10.8234615] [PalSchema] Applied changes to BP_PalSpawner_Sheets_4_2_dessert_1_C
[2026-08-09 10:28:10.8361580] Added new spawn: (EXEC_Dehya_BOSS @ [X: -6654.000, Y: 365825.000, Z: -865.000])
[2026-08-09 10:28:10.8452371] [PalSchema] Loading mod: DogCoinDrops100to300
[2026-08-09 10:28:10.8454083] [PalSchema] Loading mod: GoldSchematicDropRateIncreased
[2026-08-09 10:28:10.8455239] [PalSchema] Loading mod: GoldWorldTreeRelicDropRateIncreased
[2026-08-09 10:28:10.8456254] [PalSchema] Loading mod: MavuikaNPC
[2026-08-09 10:28:10.8469736] [PalSchema] Applied changes to BP_PalSpawner_Sheets_3_1_volcano_1_C
[2026-08-09 10:28:10.8474715] [PalSchema] Applied changes to BP_PalSpawner_Sheets_3_2_volcano_1_C
[2026-08-09 10:28:10.8479754] [PalSchema] Applied changes to BP_PalSpawner_Sheets_3_3_volcano_1_C
[2026-08-09 10:28:10.8582708] Added new spawn: (EXEC_Mavuika_BOSS @ [X: -368986.000, Y: -119996.000, Z: 55885.000])
[2026-08-09 10:28:10.8678355] [PalSchema] Loading mod: PalSchemaSurgeryTableUnlocker
[2026-08-09 10:28:10.8680094] [PalSchema] Loading mod: RaidenNPC
[2026-08-09 10:28:10.8696219] [PalSchema] Applied changes to BP_PalSpawner_Sheets_sakurajima_6_2_SakuraArea_C
[2026-08-09 10:28:10.8785688] Added new spawn: (EXEC_Raiden_BOSS @ [X: -7538.000, Y: -128131.000, Z: 4464.000])
[2026-08-09 10:28:10.8892544] [PalSchema] Loading mod: Rainbow Traits probability 1
[2026-08-09 10:28:10.8894837] [PalSchema] Loading mod: ShenheNPC
[2026-08-09 10:28:10.8907743] [PalSchema] Applied changes to BP_PalSpawner_Sheets_snow_5_1_snow_1_C
[2026-08-09 10:28:10.8990388] Added new spawn: (EXEC_Shenhe_BOSS @ [X: 41637.000, Y: 195384.000, Z: 7755.000])
[2026-08-09 10:28:10.9100791] [PalSchema] Loading mod: SuperStacksNoLag
[2026-08-09 10:28:10.9107380] [PalSchema] Loading mod: unlimited dashes and jumps 6
[2026-08-09 10:28:10.9108583] [PalSchema] Loading mod: XianyunNPC
[2026-08-09 10:28:10.9121198] [PalSchema] Applied changes to BP_PalSpawner_Sheets_snow_5_2_SnowGrass_C
[2026-08-09 10:28:10.9206854] Added new spawn: (EXEC_Xianyun_BOSS @ [X: -359943.000, Y: 272926.000, Z: 12830.000])
[2026-08-09 10:28:10.9310303] [PalSchema] Loading mod: XilonenNPC
[2026-08-09 10:28:10.9324379] [PalSchema] Applied changes to BP_PalSpawner_Sheets_2_1_forest_3_C
[2026-08-09 10:28:10.9419481] Added new spawn: (EXEC_Xilonen_BOSS @ [X: -240368.000, Y: 254981.000, Z: -1834.000])
[2026-08-09 10:28:10.9520598] [PalSchema] Loading mod: YelanNPC
[2026-08-09 10:28:10.9533105] [PalSchema] Applied changes to BP_PalSpawner_Sheets_1_3_water_C
[2026-08-09 10:28:10.9632517] Added new spawn: (EXEC_Yelan_BOSS @ [X: -283831.000, Y: 293226.000, Z: -1875.000])
[2026-08-09 10:28:11.0985359] [Lua] [PalworldKeymapCenter] LoadMapPre: abandoned old-world Lua references without touching tearing-down UObjects
[2026-08-09 10:28:11.2152108] [Lua] [BPModLoaderMod] Loading mod: Pal Expedition Station Unlock - No Type - No Time_P
[2026-08-09 10:28:11.2179233] [Lua] [BPModLoaderMod] ModClass for 'Pal Expedition Station Unlock - No Type - No Time_P' is not valid
ObjectPath: 
PackageName: /Game/Mods/Pal Expedition Station Unlock - No Type - No Time_P/ModActor
AssetName: ModActor_C
[2026-08-09 10:28:11.2180146] [Lua] [BPModLoaderMod] Loading mod: PalScUI
[2026-08-09 10:28:11.2378758] [Lua] [BPModLoaderMod] Executing 'PostBeginPlay' for mod 'ModActor_C /Game/Pal/Maps/Splash/PL_PPSplash.PL_PPSplash:PersistentLevel.ModActor_C_2147482027'
[2026-08-09 10:28:11.2380484] [Lua] [BPModLoaderMod] Actor: ModActor_C /Game/Pal/Maps/Splash/PL_PPSplash.PL_PPSplash:PersistentLevel.ModActor_C_2147482027
[2026-08-09 10:28:11.2381157] [Lua] [BPModLoaderMod] Loading mod: PalAnalyzer
[2026-08-09 10:28:11.2499006] [Lua] [BPModLoaderMod] Executing 'PostBeginPlay' for mod 'ModActor_C /Game/Pal/Maps/Splash/PL_PPSplash.PL_PPSplash:PersistentLevel.ModActor_C_2147481520'
[2026-08-09 10:28:11.2500466] [Lua] [BPModLoaderMod] Actor: ModActor_C /Game/Pal/Maps/Splash/PL_PPSplash.PL_PPSplash:PersistentLevel.ModActor_C_2147481520
[2026-08-09 10:28:11.2500867] [Lua] [BPModLoaderMod] Loading mod: FastTravelFromAnywhere
[2026-08-09 10:28:11.3481802] [Lua] [BPModLoaderMod] Actor: ModActor_C /Game/Pal/Maps/Splash/PL_PPSplash.PL_PPSplash:PersistentLevel.ModActor_C_2147481518
[2026-08-09 10:28:11.3482862] [Lua] [BPModLoaderMod] Loading mod: BetterSearchBlueprintBeta
[2026-08-09 10:28:11.3541593] [Lua] [BPModLoaderMod] Actor: ModActor_C /Game/Pal/Maps/Splash/PL_PPSplash.PL_PPSplash:PersistentLevel.ModActor_C_2147481517
[2026-08-09 10:28:11.4365908] [Lua] [BPModLoaderMod] Loading mod: Pal Expedition Station Unlock - No Type - No Time_P
[2026-08-09 10:28:11.4369493] [Lua] [BPModLoaderMod] ModClass for 'Pal Expedition Station Unlock - No Type - No Time_P' is not valid
ObjectPath: 
PackageName: /Game/Mods/Pal Expedition Station Unlock - No Type - No Time_P/ModActor
AssetName: ModActor_C
[2026-08-09 10:28:11.4369962] [Lua] [BPModLoaderMod] Loading mod: PalScUI
[2026-08-09 10:28:11.4373224] [Lua] [BPModLoaderMod] Executing 'PostBeginPlay' for mod 'ModActor_C /Game/Pal/Maps/Splash/PL_PPSplash.PL_PPSplash:PersistentLevel.ModActor_C_2147481516'
[2026-08-09 10:28:11.4374331] [Lua] [BPModLoaderMod] Actor: ModActor_C /Game/Pal/Maps/Splash/PL_PPSplash.PL_PPSplash:PersistentLevel.ModActor_C_2147481516
[2026-08-09 10:28:11.4374668] [Lua] [BPModLoaderMod] Loading mod: PalAnalyzer
[2026-08-09 10:28:11.4376129] [Lua] [BPModLoaderMod] Executing 'PostBeginPlay' for mod 'ModActor_C /Game/Pal/Maps/Splash/PL_PPSplash.PL_PPSplash:PersistentLevel.ModActor_C_2147481515'
[2026-08-09 10:28:11.4376653] [Lua] [BPModLoaderMod] Actor: ModActor_C /Game/Pal/Maps/Splash/PL_PPSplash.PL_PPSplash:PersistentLevel.ModActor_C_2147481515
[2026-08-09 10:28:11.4376932] [Lua] [BPModLoaderMod] Loading mod: FastTravelFromAnywhere
[2026-08-09 10:28:11.4385834] [Lua] [BPModLoaderMod] Actor: ModActor_C /Game/Pal/Maps/Splash/PL_PPSplash.PL_PPSplash:PersistentLevel.ModActor_C_2147481513
[2026-08-09 10:28:11.4386309] [Lua] [BPModLoaderMod] Loading mod: BetterSearchBlueprintBeta
[2026-08-09 10:28:11.4388057] [Lua] [BetterSearch] P21_BRIDGE_BP_ACTOR_OBSERVED source=notify-on-new-object; actor=1456910160736; world=1457333022240; class=BlueprintGeneratedClass /Game/Mods/BetterSearchBlueprintBeta/ModActor.ModActor_C; retained=false
[2026-08-09 10:28:11.4391098] [Lua] [BetterSearch] P21_BRIDGE_SURFACE_SCAN actor=1456910160736; world=1457333022240; complete=true; missing=None; scalar_mailbox=true; retained=false
[2026-08-09 10:28:11.4391723] [Lua] [BetterSearch] P22_MANAGER_PRIMARY source=notify-on-new-object; actor=1456910160736; world=1457333022240; primary=1456910160736; role=primary; epoch=1; duplicate_count=0; election_count=1; write_ok=true; write_error=nil; retained=false
[2026-08-09 10:28:11.4474972] [RegisterHook] Registered script hook (59, 59) for Function /Game/Mods/BetterSearchBlueprintBeta/ModActor.ModActor_C:BS_LuaDispatch
[2026-08-09 10:28:11.4476108] [Lua] [BetterSearch] P21_BRIDGE_DISPATCH_HOOK_REGISTERED source=actor-observed; function=/Game/Mods/BetterSearchBlueprintBeta/ModActor.ModActor_C:BS_LuaDispatch; hook=59; callback=blueprint-after; synchronous=true
[2026-08-09 10:28:11.4478657] [Lua] [BPModLoaderMod] Actor: ModActor_C /Game/Pal/Maps/Splash/PL_PPSplash.PL_PPSplash:PersistentLevel.ModActor_C_2147481512
[2026-08-09 10:28:11.4634192] [Lua] [BaseCampNoOverweight] ERROR: local player is not available yet
[2026-08-09 10:28:11.4816576] [Lua] [BetterSearch] P132_BOX_IDENTITY_OBSERVED source=new-object; sequence=1; address=1456877930000; path=WBP_BoxPalList_C /Game/Pal/Blueprint/UI/UserInterface/Common/WBP_BoxPalList_Party.WBP_BoxPalList_Party_C:WidgetTree.WBP_BoxPalList; valid=true; world=<nil>; owning_player=<nil>; page_control=<nil>; current_page=<nil>; visibility=4; is_visible=false; in_viewport=false; world_epoch=0; search_window_generation=0; scalar_only=true; retained_uobject=false
[2026-08-09 10:28:11.4868629] [RegisterHook] Registered script hook (60, 60) for Function /Game/Pal/Blueprint/UI/UserInterface/Common/WBP_BoxPalList.WBP_BoxPalList_C:OnClosedSearchWindow
[2026-08-09 10:28:11.4924154] [RegisterHook] Registered script hook (61, 61) for Function /Game/Pal/Blueprint/UI/UserInterface/Common/WBP_BoxPalList.WBP_BoxPalList_C:BndEvt__WBP_BoxPalList_WBP_BoxPalListBase_K2Node_ComponentBoundEvent_3_OnClickedSortButton__DelegateSignature
[2026-08-09 10:28:11.4979429] [RegisterHook] Registered script hook (62, 62) for Function /Game/Pal/Blueprint/UI/UserInterface/Common/WBP_BoxPalList.WBP_BoxPalList_C:OnUpdatePagePalBoxList
[2026-08-09 10:28:11.5036901] [RegisterHook] Registered script hook (63, 63) for Function /Game/Pal/Blueprint/UI/UserInterface/Common/WBP_BoxPalList.WBP_BoxPalList_C:Destruct
[2026-08-09 10:28:11.5099891] [RegisterHook] Registered script hook (64, 64) for Function /Game/Pal/Blueprint/UI/UserInterface/Common/WBP_BoxPalList.WBP_BoxPalList_C:UpdateSlotFiltering
[2026-08-09 10:28:11.5101178] [Lua] [BetterSearch] registered native Pal Box custom filter post-hook
[2026-08-09 10:28:11.5101633] [Lua] [BetterSearch] C62A_CALLBACK_ISOLATION_HOOK_MATRIX UPDATE_SLOT_FILTERING=true; BOX_LIST_SEARCH_CLOSED=false; SORT_SETTING_WINDOW_SETUP=false; LUA_QUEUE_PLAN=false; LUA_PAGE_RESET=false
[2026-08-09 10:28:11.5111681] Asset was found but not loaded, could be a package
[2026-08-09 10:28:11.5255768] [RegisterHook] Registered script hook (65, 65) for Function /Game/Pal/Blueprint/UI/UserInterface/IngameMenu/WBP_IngameMenu_CommonCharacterContainer.WBP_IngameMenu_CommonCharacterContainer_C:OnSetup
[2026-08-09 10:28:11.5257100] [Lua] [DismantlingConveyorBulkInsert] registered container OnSetup pre=65 post=65
[2026-08-09 10:28:11.5316511] [RegisterHook] Registered script hook (66, 66) for Function /Game/Pal/Blueprint/UI/UserInterface/IngameMenu/WBP_IngameMenu_CommonCharacterContainer.WBP_IngameMenu_CommonCharacterContainer_C:RegisterPalOperateInput
[2026-08-09 10:28:11.5317635] [Lua] [DismantlingConveyorBulkInsert] registered container RegisterPalOperateInput pre=66 post=66
[2026-08-09 10:28:11.5383925] [RegisterHook] Registered script hook (67, 67) for Function /Game/Pal/Blueprint/UI/UserInterface/IngameMenu/WBP_IngameMenu_CommonCharacterContainer.WBP_IngameMenu_CommonCharacterContainer_C:Destruct
[2026-08-09 10:28:11.5385027] [Lua] [DismantlingConveyorBulkInsert] registered container Destruct pre=67 post=67
[2026-08-09 10:28:11.5390907] [RegisterHook] Registered native hook (68, 69) for Function /Script/Pal.PalUserWidgetStackableUI:OnPreClose
[2026-08-09 10:28:11.5391461] [Lua] [DismantlingConveyorBulkInsert] registered stackable UI pre-close pre=68 post=69
[2026-08-09 10:28:11.5419212] [RegisterHook] Registered script hook (70, 70) for Function /Game/Pal/Blueprint/UI/UserInterface/Common/WBP_BoxPalList.WBP_BoxPalList_C:OnUpdatePagePalBoxList
[2026-08-09 10:28:11.5420353] [Lua] [DismantlingConveyorBulkInsert] registered box current-page update pre=70 post=70
[2026-08-09 10:28:11.5420910] [Lua] [DismantlingConveyorBulkInsert] ready; event-driven while idle and one bounded acknowledgement check while transferring
[2026-08-09 10:28:11.5425983] [RegisterHook] Registered native hook (71, 72) for Function /Script/Pal.PalPlayerCharacter:OnCompleteInitializeParameter
[2026-08-09 10:28:11.5466090] [RegisterHook] Registered script hook (73, 73) for Function /Game/Pal/Blueprint/Character/Player/Female/BP_Player_Female.BP_Player_Female_C:ReceiveEndPlay
[2026-08-09 10:28:11.5467374] [Lua] [FullSphereSummon][DISPATCH][ESSENTIAL] Lifecycle dispatcher registered. Version: 0.8.5
[2026-08-09 10:28:11.5623189] [Lua] [Inventory Menu Optimizer] Could not register the exact player inventory Setup post-hook: Tried to register a hook with Lua function 'RegisterHook' but no UFunction with the specified name was found.
Function Name: /Game/Pal/Blueprint/UI/Inventory/WBP_PalPlayerInventoryScrollList.WBP_PalPlayerInventoryScrollList_C:Setup
stack traceback:
	[C]: in function 'RegisterHook'
	[C]: in function 'pcall'
	...eMods\UE4SS\Mods\InventoryMenuOptimizer\Scripts\main.lua:765: in upvalue 'ensure_exact_hook'
	...eMods\UE4SS\Mods\InventoryMenuOptimizer\Scripts\main.lua:797: in upvalue 'prepare_activation_hooks'
	...eMods\UE4SS\Mods\InventoryMenuOptimizer\Scripts\main.lua:992: in function <...eMods\UE4SS\Mods\InventoryMenuOptimizer\Scripts\main.lua:978>
[2026-08-09 10:28:11.5624108] [Lua] [Inventory Menu Optimizer] Shared inventory/storage hook preparation was incomplete during startup; the exact inventory construction event will make one final attempt before evaluating Easy Bulk independently.
[2026-08-09 10:28:11.5624364] [Lua] [Inventory Menu Optimizer] One-shot startup shared-slot preparation was incomplete; the exact inventory construction event will make one final synchronous attempt and still evaluate Easy Bulk independently.
[2026-08-09 10:28:11.6091558] [Lua] [AlwaysWinFishingLua] patched object=BP_PalFishingSystem_C /Game/Pal/Maps/Splash/PL_PPSplash.PL_PPSplash:BP_PalFishingSystem_C_2147482132[2026-08-09 10:28:11.9173202] [Lua] [AlwaysWinFishingLua] patched object=BP_PalFishingSystem_C /Game/Pal/Blueprint/System/BP_PalFishingSystem.Default__BP_PalFishingSystem_C[2026-08-09 10:28:11.9376119] [Lua] [BetterSearch] P132_BOX_IDENTITY_OBSERVED source=new-object; sequence=2; address=1456999249040; path=WBP_BoxPalList_C /Game/Pal/Blueprint/UI/UserInterface/IngameMenu/PalBox/WBP_IngameMenu_PalBox.WBP_IngameMenu_PalBox_C:WidgetTree.WBP_BoxPalList; valid=true; world=<nil>; owning_player=<nil>; page_control=<nil>; current_page=<nil>; visibility=4; is_visible=false; in_viewport=false; world_epoch=0; search_window_generation=0; scalar_only=true; retained_uobject=false
[2026-08-09 10:28:11.9377926] [Lua] [BetterSearch] P21_BRIDGE_BP_ACTOR_OBSERVED source=notify-on-new-object; actor=1456906702272; world=1457333022240; class=BlueprintGeneratedClass /Game/Mods/BetterSearchBlueprintBeta/ModActor.ModActor_C; retained=false
[2026-08-09 10:28:11.9379183] [Lua] [BetterSearch] P21_BRIDGE_SURFACE_SCAN actor=1456906702272; world=1457333022240; complete=true; missing=None; scalar_mailbox=true; retained=false
[2026-08-09 10:28:11.9379836] [Lua] [BetterSearch] P22_MANAGER_STANDBY source=notify-on-new-object; actor=1456906702272; world=1457333022240; primary=1456910160736; role=standby; epoch=1; duplicate_count=1; election_count=1; write_ok=true; write_error=nil; retained=false
[2026-08-09 10:28:11.9380119] [Lua] [BetterSearch] P22_MANAGER_DUPLICATE_DETECTED world=1457333022240; primary=1456910160736; standby=1456906702272; duplicate_count=1; active_processing=false
[2026-08-09 10:28:12.2989461] [Lua] [BetterSearch] P21_BRIDGE_PING_ROUNDTRIP_OK actor=1456906702272; world=1457333022240; protocol=1; request_id=1; request_kind=0; world_epoch=1; response_status=1; response=PONG; echo=; write_error=nil; synchronous=true; retained=false
[2026-08-09 10:28:12.2991632] [Lua] [BetterSearch] P21_BRIDGE_PING_ROUNDTRIP_OK actor=1456910160736; world=1457333022240; protocol=1; request_id=1; request_kind=0; world_epoch=1; response_status=1; response=PONG; echo=; write_error=nil; synchronous=true; retained=false
[2026-08-09 10:28:12.5605174] [Lua] [BetterSearch] P21_BRIDGE_BLUEPRINT_VALIDATION_OK actor=1456906702272; request_id=1; world_epoch=1; attempted=true; success=true; response_id=1; response_world=1; response_status=1; request_state=3; retained=false
[2026-08-09 10:28:12.5687261] [Lua] [BetterSearch] P21_BRIDGE_BLUEPRINT_VALIDATION_OK actor=1456910160736; request_id=1; world_epoch=1; attempted=true; success=true; response_id=1; response_world=1; response_status=1; request_state=3; retained=false
[2026-08-09 10:28:13.5099026] [FCallbackGarbageCollector] Freed invalid callbacks!
[2026-08-09 10:28:15.4026053] [Lua] [PalworldKeymapCenter] LoadMapPre: abandoned old-world Lua references without touching tearing-down UObjects
[2026-08-09 10:28:15.5402276] [Lua] [BPModLoaderMod] Loading mod: Pal Expedition Station Unlock - No Type - No Time_P
[2026-08-09 10:28:15.5405289] [Lua] [BPModLoaderMod] ModClass for 'Pal Expedition Station Unlock - No Type - No Time_P' is not valid
ObjectPath: 
PackageName: /Game/Mods/Pal Expedition Station Unlock - No Type - No Time_P/ModActor
AssetName: ModActor_C
[2026-08-09 10:28:15.5405778] [Lua] [BPModLoaderMod] Loading mod: PalScUI
[2026-08-09 10:28:15.5541486] [Lua] [BPModLoaderMod] Executing 'PostBeginPlay' for mod 'ModActor_C /Game/Pal/Maps/Login/PL_Login.PL_Login:PersistentLevel.ModActor_C_2147481284'
[2026-08-09 10:28:15.5542681] [Lua] [BPModLoaderMod] Actor: ModActor_C /Game/Pal/Maps/Login/PL_Login.PL_Login:PersistentLevel.ModActor_C_2147481284
[2026-08-09 10:28:15.5543008] [Lua] [BPModLoaderMod] Loading mod: PalAnalyzer
[2026-08-09 10:28:15.5651779] [Lua] [BPModLoaderMod] Executing 'PostBeginPlay' for mod 'ModActor_C /Game/Pal/Maps/Login/PL_Login.PL_Login:PersistentLevel.ModActor_C_2147480777'
[2026-08-09 10:28:15.5653008] [Lua] [BPModLoaderMod] Actor: ModActor_C /Game/Pal/Maps/Login/PL_Login.PL_Login:PersistentLevel.ModActor_C_2147480777
[2026-08-09 10:28:15.5653353] [Lua] [BPModLoaderMod] Loading mod: FastTravelFromAnywhere
[2026-08-09 10:28:15.6278363] [Lua] [BPModLoaderMod] Actor: ModActor_C /Game/Pal/Maps/Login/PL_Login.PL_Login:PersistentLevel.ModActor_C_2147480775
[2026-08-09 10:28:15.6279635] [Lua] [BPModLoaderMod] Loading mod: BetterSearchBlueprintBeta
[2026-08-09 10:28:15.6329290] [Lua] [BetterSearch] P21_BRIDGE_BP_ACTOR_OBSERVED source=notify-on-new-object; actor=1456980564608; world=1456883496672; class=BlueprintGeneratedClass /Game/Mods/BetterSearchBlueprintBeta/ModActor.ModActor_C; retained=false
[2026-08-09 10:28:15.6332040] [Lua] [BetterSearch] P21_BRIDGE_SURFACE_SCAN actor=1456980564608; world=1456883496672; complete=true; missing=None; scalar_mailbox=true; retained=false
[2026-08-09 10:28:15.6332850] [Lua] [BetterSearch] P22_MANAGER_PRIMARY source=notify-on-new-object; actor=1456980564608; world=1456883496672; primary=1456980564608; role=primary; epoch=1; duplicate_count=0; election_count=1; write_ok=true; write_error=nil; retained=false
[2026-08-09 10:28:15.6334695] [Lua] [BPModLoaderMod] Actor: ModActor_C /Game/Pal/Maps/Login/PL_Login.PL_Login:PersistentLevel.ModActor_C_2147480774
[2026-08-09 10:28:15.6424569] [Lua] [BetterSearch] P21_BRIDGE_PING_ROUNDTRIP_OK actor=1456980564608; world=1456883496672; protocol=1; request_id=1; request_kind=0; world_epoch=1; response_status=1; response=PONG; echo=; write_error=nil; synchronous=true; retained=false
[2026-08-09 10:28:15.9020699] [Lua] [BetterSearch] P21_BRIDGE_BLUEPRINT_VALIDATION_OK actor=1456980564608; request_id=1; world_epoch=1; attempted=true; success=true; response_id=1; response_world=1; response_status=1; request_state=3; retained=false
[2026-08-09 10:28:16.5102742] [FCallbackGarbageCollector] Freed invalid callbacks!
[2026-08-09 10:28:17.2476045] [Lua] [PalworldKeymapCenter] LoadMapPre: abandoned old-world Lua references without touching tearing-down UObjects
[2026-08-09 10:28:17.3089412] [Lua] [BPModLoaderMod] Loading mod: Pal Expedition Station Unlock - No Type - No Time_P
[2026-08-09 10:28:17.3951854] [Lua] [BetterSearch] P132_BOX_IDENTITY_OBSERVED source=new-object; sequence=3; address=1456969775696; path=WBP_BoxPalList_C /Game/Pal/Blueprint/UI/UserInterface/IngameMenu/PalBox/Global/WBP_IngameMenu_PalBoxGlobal.WBP_IngameMenu_PalBoxGlobal_C:WidgetTree.WBP_BoxPalList; valid=true; world=<nil>; owning_player=<nil>; page_control=<nil>; current_page=<nil>; visibility=4; is_visible=false; in_viewport=false; world_epoch=0; search_window_generation=0; scalar_only=true; retained_uobject=false
[2026-08-09 10:28:17.4441202] [Lua] [BPModLoaderMod] ModClass for 'Pal Expedition Station Unlock - No Type - No Time_P' is not valid
ObjectPath: 
PackageName: /Game/Mods/Pal Expedition Station Unlock - No Type - No Time_P/ModActor
AssetName: ModActor_C
[2026-08-09 10:28:17.4442350] [Lua] [BPModLoaderMod] Loading mod: PalScUI
[2026-08-09 10:28:17.4555632] [Lua] [BPModLoaderMod] Executing 'PostBeginPlay' for mod 'ModActor_C /Game/Pal/Maps/Title/PL_Title.PL_Title:PersistentLevel.ModActor_C_2147480631'
[2026-08-09 10:28:17.4556899] [Lua] [BPModLoaderMod] Actor: ModActor_C /Game/Pal/Maps/Title/PL_Title.PL_Title:PersistentLevel.ModActor_C_2147480631
[2026-08-09 10:28:17.4557227] [Lua] [BPModLoaderMod] Loading mod: PalAnalyzer
[2026-08-09 10:28:17.4647822] [Lua] [BPModLoaderMod] Executing 'PostBeginPlay' for mod 'ModActor_C /Game/Pal/Maps/Title/PL_Title.PL_Title:PersistentLevel.ModActor_C_2147480124'
[2026-08-09 10:28:17.4649035] [Lua] [BPModLoaderMod] Actor: ModActor_C /Game/Pal/Maps/Title/PL_Title.PL_Title:PersistentLevel.ModActor_C_2147480124
[2026-08-09 10:28:17.4649397] [Lua] [BPModLoaderMod] Loading mod: FastTravelFromAnywhere
[2026-08-09 10:28:17.5299385] [Lua] [BPModLoaderMod] Actor: ModActor_C /Game/Pal/Maps/Title/PL_Title.PL_Title:PersistentLevel.ModActor_C_2147480122
[2026-08-09 10:28:17.5300519] [Lua] [BPModLoaderMod] Loading mod: BetterSearchBlueprintBeta
[2026-08-09 10:28:17.5341929] [Lua] [BetterSearch] P21_BRIDGE_BP_ACTOR_OBSERVED source=notify-on-new-object; actor=1456638107744; world=1457041499296; class=BlueprintGeneratedClass /Game/Mods/BetterSearchBlueprintBeta/ModActor.ModActor_C; retained=false
[2026-08-09 10:28:17.5344973] [Lua] [BetterSearch] P21_BRIDGE_SURFACE_SCAN actor=1456638107744; world=1457041499296; complete=true; missing=None; scalar_mailbox=true; retained=false
[2026-08-09 10:28:17.5347114] [Lua] [BetterSearch] P22_MANAGER_PRIMARY source=notify-on-new-object; actor=1456638107744; world=1457041499296; primary=1456638107744; role=primary; epoch=1; duplicate_count=0; election_count=1; write_ok=true; write_error=nil; retained=false
[2026-08-09 10:28:17.5349900] [Lua] [BPModLoaderMod] Actor: ModActor_C /Game/Pal/Maps/Title/PL_Title.PL_Title:PersistentLevel.ModActor_C_2147480121
[2026-08-09 10:28:17.6228378] [Lua] [BetterSearch] P21_BRIDGE_PING_ROUNDTRIP_OK actor=1456638107744; world=1457041499296; protocol=1; request_id=1; request_kind=0; world_epoch=1; response_status=1; response=PONG; echo=; write_error=nil; synchronous=true; retained=false
[2026-08-09 10:28:17.8889217] [Lua] [BetterSearch] P21_BRIDGE_BLUEPRINT_VALIDATION_OK actor=1456638107744; request_id=1; world_epoch=1; attempted=true; success=true; response_id=1; response_world=1; response_status=1; request_state=3; retained=false
[2026-08-09 10:28:22.2894192] [Lua] [PalStuckDiagnostic] net-mode undetermined after grace; proceeding as server (pal-based check still catches a client)[2026-08-09 10:28:22.2895204] [NotifyOnNewObject] Registered notification for /Script/Pal.PalCharacter
[2026-08-09 10:28:22.2895467] [NotifyOnNewObject] Registered notification for /Script/Pal.PalBaseCampModel
[2026-08-09 10:28:22.2895671] [Lua] [PalStuckDiagnostic] event-driven cache updates active (NotifyOnNewObject bound)[2026-08-09 10:28:22.3167673] [Lua] [PalStuckDiagnostic] direct worker iteration unavailable: handle->pal map is empty (FindAllOf returned no pals) (falling back to throttled FindAllOf, once per 30s)[2026-08-09 10:28:57.7848869] [Lua] [PalworldKeymapCenter] LoadMapPre: abandoned old-world Lua references without touching tearing-down UObjects
[2026-08-09 10:29:01.2014970] [Lua] [Inventory Menu Optimizer] Could not register the exact player inventory Setup post-hook: Was unable to register a hook with Lua function 'RegisterHook', information:
FunctionName: /Game/Pal/Blueprint/UI/Inventory/WBP_PalPlayerInventoryScrollList.WBP_PalPlayerInventoryScrollList_C:Setup
UFunction::Func: 0x0
ProcessInternal: 0x7ff669ec7b00
FUNC_Native: 0

stack traceback:
	[C]: in function 'RegisterHook'
	[C]: in function 'pcall'
	...eMods\UE4SS\Mods\InventoryMenuOptimizer\Scripts\main.lua:765: in upvalue 'ensure_exact_hook'
	...eMods\UE4SS\Mods\InventoryMenuOptimizer\Scripts\main.lua:797: in upvalue 'prepare_activation_hooks'
	...eMods\UE4SS\Mods\InventoryMenuOptimizer\Scripts\main.lua:862: in function <...eMods\UE4SS\Mods\InventoryMenuOptimizer\Scripts\main.lua:850>
	[C]: in function 'pcall'
	...eMods\UE4SS\Mods\InventoryMenuOptimizer\Scripts\main.lua:924: in function <...eMods\UE4SS\Mods\InventoryMenuOptimizer\Scripts\main.lua:913>
[2026-08-09 10:29:01.2016506] [Lua] [Inventory Menu Optimizer] Shared inventory/storage deferred-slot hooks are incomplete for this lifecycle; that capability remains stock while Easy Bulk will still be evaluated independently.
[2026-08-09 10:29:10.3161038] [Inventory Menu Optimizer] Optimized the stock Easy Bulk list traversal, including nested inventory blocks, without changing slot or transfer state.
[2026-08-09 10:29:10.3170028] [Inventory Menu Optimizer] Activated Easy Bulk; shared inventory/storage slot staging remains stock and no idle readiness work was registered.
[2026-08-09 10:29:10.3303383] [Lua] [Inventory Menu Optimizer] Easy Bulk activated independently; shared inventory/storage deferred-slot staging remains stock for this lifecycle and no idle readiness worker is active.
[2026-08-09 10:29:10.5624870] CaptureBosses: UFunction ready, registering hook
[2026-08-09 10:29:10.5760918] [UE4SS.ProcessLocalScriptFunction.GlobalScriptHook] Added prehook with Id '0X2080000000000002'!
[2026-08-09 10:29:10.5761887] [UE4SS.ProcessLocalScriptFunction.GlobalScriptHook] Added posthook with Id '0X80000000000003'!
[2026-08-09 10:29:11.1619738] [Lua] [ExpandedPalBox256] Successfully set PalBox pages to 256 (7680 slots total)
[2026-08-09 10:29:11.1661170] [RegisterHook] Registered script hook (76, 76) for Function /Game/Pal/Blueprint/Component/OtomoHolder/BP_OtomoPalHolderComponent.BP_OtomoPalHolderComponent_C:ActivateOtomo
[2026-08-09 10:29:11.1703041] [RegisterHook] Registered script hook (77, 77) for Function /Game/Pal/Blueprint/Component/OtomoHolder/BP_OtomoPalHolderComponent.BP_OtomoPalHolderComponent_C:InactivateCurrentOtomo
[2026-08-09 10:29:11.1788678] [RegisterHook] Registered script hook (78, 78) for Function /Game/Mods/PalScUI/SimpleCmd.SimpleCmd_C:ReceiveBeginPlay
[2026-08-09 10:29:11.1877485] [RegisterHook] Registered script hook (79, 79) for Function /Game/Mods/PalScUI/UI/WazaItem.WazaItem_C:AddWaza
[2026-08-09 10:29:11.1966034] [RegisterHook] Registered script hook (80, 80) for Function /Game/Mods/PalScUI/UI/PskItem.PskItem_C:AddPsk
[2026-08-09 10:29:11.2078279] [RegisterHook] Registered script hook (81, 81) for Function /Game/Mods/PalScUI/UI/MYWaza.MYWaza_C:DeleteWaza
[2026-08-09 10:29:11.2191622] [RegisterHook] Registered script hook (82, 82) for Function /Game/Mods/PalScUI/UI/MyPsk.MyPsk_C:DeletePsk
[2026-08-09 10:29:11.2232596] [RegisterHook] Registered script hook (83, 83) for Function /Game/Pal/Blueprint/Controller/AIAction/Otomo/BP_AIAction_OtomoFollow.BP_AIAction_OtomoFollow_C:SetInitialValue
[2026-08-09 10:29:11.2273187] [RegisterHook] Registered script hook (84, 84) for Function /Game/Pal/Blueprint/Controller/AIAction/Otomo/BP_AIAction_OtomoFollow.BP_AIAction_OtomoFollow_C:SetInitialValue
[2026-08-09 10:29:11.2399923] [RegisterHook] Registered script hook (85, 85) for Function /Game/Mods/PalScUI/SCUI.SCUI_C:Event_SC
[2026-08-09 10:29:11.2596757] [Lua] [31m[Dead bodies disappear faster] Delay before dead bodies despawn set to 0.2[0m
[2026-08-09 10:29:11.2598001] [Lua] [PredatorPalAppearance99Lua] GameInstance.GameSettingClass=BlueprintGeneratedClass /Game/Pal/Blueprint/System/BP_PalGameSetting.BP_PalGameSetting_C
[2026-08-09 10:29:11.2598388] [Lua] [PredatorPalAppearance99Lua] GameInstance.GameSetting=BP_PalGameSetting_C /Engine/Transient.PalGameEngine_2147482588:BP_PalGameInstance_C_2147482476.BP_PalGameSetting_C_2147482328
[2026-08-09 10:29:11.2598850] [Lua] [PredatorPalAppearance99Lua] Updated PredatorPal_AppearanceProbability to 10.0
[2026-08-09 10:29:11.2599052] [Lua] [PredatorPalAppearance99Lua] ClientRestart: immediate success
[2026-08-09 10:29:11.2763355] [Lua] [ExpandedPalBox256] Successfully set PalBox pages to 256 (7680 slots total)
[2026-08-09 10:29:12.2765267] [Lua] [PalStuckDiagnostic] event: new PalBaseCampModel appeared[2026-08-09 10:29:12.2771715] [Lua] [PalStuckDiagnostic] event: new PalBaseCampModel appeared[2026-08-09 10:29:12.2775683] [Lua] [PalStuckDiagnostic] event: new PalBaseCampModel appeared[2026-08-09 10:29:12.2778390] [Lua] [PalStuckDiagnostic] event: new PalBaseCampModel appeared[2026-08-09 10:29:12.2782903] [Lua] [PalStuckDiagnostic] event: new PalBaseCampModel appeared[2026-08-09 10:29:12.2785753] [Lua] [PalStuckDiagnostic] event: new PalBaseCampModel appeared[2026-08-09 10:29:12.2788506] [Lua] [PalStuckDiagnostic] event: new PalBaseCampModel appeared[2026-08-09 10:29:12.2790575] [Lua] [PalStuckDiagnostic] event: new PalBaseCampModel appeared[2026-08-09 10:29:12.2793627] [Lua] [PalStuckDiagnostic] event: new PalBaseCampModel appeared[2026-08-09 10:29:12.2795539] [Lua] [PalStuckDiagnostic] event: new PalBaseCampModel appeared[2026-08-09 10:29:12.4946076] [Lua] [CreativeMenu] CreativeMenu 1.2.4 by Okaetsu loaded.
[2026-08-09 10:29:13.4468933] [Lua] [BetterSearch] P132_BOX_IDENTITY_OBSERVED source=new-object; sequence=4; address=1460727149696; path=WBP_BoxPalList_C /Game/Pal/Blueprint/UI/UserInterface/IngameMenu/PalBox/WBP_IngameMenu_PalBoxLocker.WBP_IngameMenu_PalBoxLocker_C:WidgetTree.WBP_BoxPalList; valid=true; world=<nil>; owning_player=<nil>; page_control=<nil>; current_page=<nil>; visibility=4; is_visible=false; in_viewport=false; world_epoch=0; search_window_generation=0; scalar_only=true; retained_uobject=false
[2026-08-09 10:29:13.4681200] [RegisterHook] Registered script hook (86, 86) for Function /Game/Pal/Blueprint/UI/UserInterface/IngameMenu/PalBox/WBP_IngameMenu_PalBoxLockerList.WBP_IngameMenu_PalBoxLockerList_C:UpdateSlotFiltering
[2026-08-09 10:29:13.4921404] [RegisterHook] Registered script hook (87, 87) for Function /Game/Pal/Blueprint/UI/UserInterface/IngameMenu/PalBox/WBP_IngameMenu_PalBoxLockerList.WBP_IngameMenu_PalBoxLockerList_C:OnClosedSearchWindow
[2026-08-09 10:29:13.4923126] [Lua] [BetterSearch] BS140_DIMENSION_SUPPORT_READY filter=exact-locker-list-update-slot-filtering; context=exact-locker-list-search-closed-self; page_control=self-owned; manager=current-same-world; scan=false; timer=false; hierarchy_traversal=false; forced_destroy=false; lua_retained_uobject=false
[2026-08-09 10:29:13.5622048] [Lua] [BetterSearch] P132_BOX_IDENTITY_OBSERVED source=new-object; sequence=5; address=1460732456624; path=WBP_BoxPalList_C /Game/Pal/Blueprint/UI/UserInterface/IngameMenu/Expedition/WBP_Expedition.WBP_Expedition_C:WidgetTree.WBP_BoxPalList; valid=true; world=<nil>; owning_player=<nil>; page_control=<nil>; current_page=<nil>; visibility=4; is_visible=false; in_viewport=false; world_epoch=0; search_window_generation=0; scalar_only=true; retained_uobject=false
[2026-08-09 10:29:13.5948437] [Lua] [BetterSearch] P132_BOX_IDENTITY_OBSERVED source=new-object; sequence=6; address=1460737851408; path=WBP_BoxPalList_C /Game/Pal/Blueprint/UI/UserInterface/Common/WBP_BoxPalList_Party.WBP_BoxPalList_Party_C:WidgetTree.WBP_BoxPalList; valid=true; world=<nil>; owning_player=<nil>; page_control=<nil>; current_page=<nil>; visibility=4; is_visible=false; in_viewport=false; world_epoch=0; search_window_generation=0; scalar_only=true; retained_uobject=false
[2026-08-09 10:29:19.2299006] [Lua] [BPModLoaderMod] Loading mod: Pal Expedition Station Unlock - No Type - No Time_P
[2026-08-09 10:29:19.2343898] [Lua] [BPModLoaderMod] ModClass for 'Pal Expedition Station Unlock - No Type - No Time_P' is not valid
ObjectPath: 
PackageName: /Game/Mods/Pal Expedition Station Unlock - No Type - No Time_P/ModActor
AssetName: ModActor_C
[2026-08-09 10:29:19.2344700] [Lua] [BPModLoaderMod] Loading mod: PalScUI
[2026-08-09 10:29:19.2731692] [Lua] [BPModLoaderMod] Executing 'PostBeginPlay' for mod 'ModActor_C /Game/Pal/Maps/MainWorld_5/PL_MainWorld5.PL_MainWorld5:PersistentLevel.ModActor_C_2147390005'
[2026-08-09 10:29:19.2732769] [Lua] [BPModLoaderMod] Actor: ModActor_C /Game/Pal/Maps/MainWorld_5/PL_MainWorld5.PL_MainWorld5:PersistentLevel.ModActor_C_2147390005
[2026-08-09 10:29:19.2733085] [Lua] [BPModLoaderMod] Loading mod: PalAnalyzer
[2026-08-09 10:29:19.2840218] [Lua] [BPModLoaderMod] Executing 'PostBeginPlay' for mod 'ModActor_C /Game/Pal/Maps/MainWorld_5/PL_MainWorld5.PL_MainWorld5:PersistentLevel.ModActor_C_2147389498'
[2026-08-09 10:29:19.6237378] [Lua] [PalAnalyzer] Loading configs
[2026-08-09 10:29:19.6267461] [Lua] [BPModLoaderMod] Actor: ModActor_C /Game/Pal/Maps/MainWorld_5/PL_MainWorld5.PL_MainWorld5:PersistentLevel.ModActor_C_2147389498
[2026-08-09 10:29:19.6268531] [Lua] [BPModLoaderMod] Loading mod: FastTravelFromAnywhere
[2026-08-09 10:29:19.6295767] [Lua] [BPModLoaderMod] Actor: ModActor_C /Game/Pal/Maps/MainWorld_5/PL_MainWorld5.PL_MainWorld5:PersistentLevel.ModActor_C_2147389494
[2026-08-09 10:29:19.6296450] [Lua] [BPModLoaderMod] Loading mod: BetterSearchBlueprintBeta
[2026-08-09 10:29:19.6338603] [Lua] [BetterSearch] P21_BRIDGE_BP_ACTOR_OBSERVED source=notify-on-new-object; actor=1455924689376; world=1457013957824; class=BlueprintGeneratedClass /Game/Mods/BetterSearchBlueprintBeta/ModActor.ModActor_C; retained=false
[2026-08-09 10:29:19.6341010] [Lua] [BetterSearch] P21_BRIDGE_SURFACE_SCAN actor=1455924689376; world=1457013957824; complete=true; missing=None; scalar_mailbox=true; retained=false
[2026-08-09 10:29:19.6342114] [Lua] [BetterSearch] P22_MANAGER_PRIMARY source=notify-on-new-object; actor=1455924689376; world=1457013957824; primary=1455924689376; role=primary; epoch=1; duplicate_count=0; election_count=1; write_ok=true; write_error=nil; retained=false
[2026-08-09 10:29:19.6343954] [Lua] [BPModLoaderMod] Actor: ModActor_C /Game/Pal/Maps/MainWorld_5/PL_MainWorld5.PL_MainWorld5:PersistentLevel.ModActor_C_2147389493
[2026-08-09 10:29:20.0944893] [Lua] [BaseCampNoOverweight] ERROR: local inventory is not available yet
[2026-08-09 10:29:20.1268268] [Lua] [AlwaysWinFishingLua] patched object=BP_PalFishingSystem_C /Game/Pal/Maps/MainWorld_5/PL_MainWorld5.PL_MainWorld5:BP_PalFishingSystem_C_2147479816[2026-08-09 10:29:21.5826923] [Lua] [BetterSearch] P21_BRIDGE_PING_ROUNDTRIP_OK actor=1455924689376; world=1457013957824; protocol=1; request_id=1; request_kind=0; world_epoch=1; response_status=1; response=PONG; echo=; write_error=nil; synchronous=true; retained=false
[2026-08-09 10:29:21.8700330] [Lua] [BetterSearch] P21_BRIDGE_BLUEPRINT_VALIDATION_OK actor=1455924689376; request_id=1; world_epoch=1; attempted=true; success=true; response_id=1; response_world=1; response_status=1; request_state=3; retained=false
[2026-08-09 10:29:23.0783518] [Lua] [BaseCampNoOverweight] periodic: inside_base=false
[2026-08-09 10:29:24.0934174] [Lua] [FullSphereSummon][DISPATCH][EVENT] Runtime mode detection: raw=Standalone normalized=standalone authority=true
[2026-08-09 10:29:24.1018091] [Lua] [FullSphereSummon][ESSENTIAL][2] config.txt loaded: 30 setting(s) applied over built-in defaults.
[2026-08-09 10:29:24.1020217] [Lua] [FullSphereSummon][DISPATCH][ESSENTIAL] Activating standalone backend | mode=standalone | GetNetMode=Standalone | authority=true | player=BP_Player_Female_C /Game/Pal/Maps/MainWorld_5/PL_MainWorld5.PL_MainWorld5:PersistentLevel.BP_Player_Female_C_2147479243
[2026-08-09 10:29:24.1201336] Asset loaded
[2026-08-09 10:29:24.1202458] Asset loaded
[2026-08-09 10:29:24.1227109] Asset was found but not loaded, could be a package
[2026-08-09 10:29:24.1355037] [RegisterHook] Registered script hook (88, 88) for Function /Game/Pal/Blueprint/Controller/BP_PalPlayerController.BP_PalPlayerController_C:ReceiveTick
[2026-08-09 10:29:24.1451121] [RegisterHook] Registered script hook (89, 89) for Function /Game/Pal/Blueprint/Controller/BP_PalPlayerController.BP_PalPlayerController_C:ReceiveTick
[2026-08-09 10:29:24.1481284] [RegisterHook] Registered script hook (90, 90) for Function /Game/Pal/Blueprint/Weapon/BP_ThrowWeaponBase.BP_ThrowWeaponBase_C:On Throw
[2026-08-09 10:29:24.1486836] [RegisterHook] Registered native hook (91, 92) for Function /Script/Pal.PalPlayerInput:OnChangeKeyConfig
[2026-08-09 10:29:24.1491860] [RegisterHook] Registered native hook (93, 94) for Function /Script/Pal.PalOtomoHolderComponentBase:OnChangeOtomoActive
[2026-08-09 10:29:24.1496820] [RegisterHook] Registered native hook (95, 96) for Function /Script/Pal.PalShooterComponent:ChangeIsShooting_ToServer
[2026-08-09 10:29:24.1500589] [RegisterHook] Registered native hook (97, 98) for Function /Script/Pal.PalPlayerController:ShooterComponent_ChangeIsShooting_ToServer
[2026-08-09 10:29:24.1536186] [RegisterHook] Registered script hook (99, 99) for Function /Game/Pal/Blueprint/Action/Palmi/BP_ActionSpawnOtomoPal.BP_ActionSpawnOtomoPal_C:OnBeginAction
[2026-08-09 10:29:24.1572642] [RegisterHook] Registered script hook (100, 100) for Function /Game/Pal/Blueprint/Action/Palmi/BP_ActionSpawnOtomoPal.BP_ActionSpawnOtomoPal_C:OnEndAction
[2026-08-09 10:29:24.1573441] [Lua] [FullSphereSummon][ESSENTIAL][2] Instant-mount chord enabled; inverse order uses remap-aware keyboard callbacks and an Xbox/XInput edge query only while gamepad Summon is held.
[2026-08-09 10:29:24.1573931] [Lua] [FullSphereSummon][ESSENTIAL][2] Hooks Registered for Session 1
[2026-08-09 10:29:24.1848223] [RegisterHook] Registered script hook (101, 101) for Function /Game/Pal/Blueprint/Weapon/Bullet/BP_ThrowPal_ThrowObject.BP_ThrowPal_ThrowObject_C:OnHit
[2026-08-09 10:29:24.1849201] [Lua] [FullSphereSummon][ESSENTIAL][2] Projectile OnHit hook registered.
[2026-08-09 10:29:24.1860400] [Lua] [FullSphereSummon][ESSENTIAL][2] Mod Initialized and Ready.
[2026-08-09 10:29:24.1861040] [Lua] [FullSphereSummon][ESSENTIAL][2] Version: 0.8.5 (standalone)
[2026-08-09 10:29:25.1418224] [Lua] [ExpandedPalBox256] Updated PlayerDataPalStorage to 256 pages.
[2026-08-09 10:29:25.1524793] [Lua] [ExpandedPalBox256] Updated PlayerDataPalStorage to 256 pages.
[2026-08-09 10:29:26.1681755] [Lua] [BaseCampNoOverweight] periodic: max-weight override enabled, original=3100.00, stored=10000000000.00, effective=10000000000.00, current=507.46
[2026-08-09 10:29:26.1683063] [Lua] [BaseCampNoOverweight] periodic: inside_base=true
[2026-08-09 10:29:28.0436205] Asset loaded
[2026-08-09 10:29:28.0437237] [Lua] [FullSphereSummon][ESSENTIAL][2] Impact effect cached: NS_CriticalCatch
[2026-08-09 10:29:28.0438766] Asset loaded
[2026-08-09 10:29:28.0439540] [Lua] [FullSphereSummon][ESSENTIAL][2] Impact sound event cached: AKE_Player_Sphere_HitPal_Bounced
[2026-08-09 10:29:29.1026762] [Lua] [BaseCampNoOverweight] periodic: max-weight override enabled, original=3100.00, stored=10000000000.00, effective=10000000000.00, current=507.46
[2026-08-09 10:29:37.3458715] [Base Pal Spawn Improvements] Captured 50 initial base workers. Releasing up to 10 every 1000 ms.
[2026-08-09 10:29:57.5882177] [RegisterHook] Registered script hook (102, 102) for Function /Game/Pal/Blueprint/UI/UserInterface/ESCMenu/WBP_MenuESC_Button_S.WBP_MenuESC_Button_S_C:BndEvt__WBP_MenuESC_Button_WBP_PalInvisibleButton_K2Node_ComponentBoundEvent_0_CommonButtonBaseClicked__DelegateSignature
[2026-08-09 10:29:57.5890488] [RegisterHook] Registered native hook (103, 104) for Function /Script/Pal.PalUserWidgetStackableUI:Close
[2026-08-09 10:29:57.6041774] [RegisterHook] Registered script hook (105, 105) for Function /Game/Pal/Blueprint/UI/UserInterface/ESCMenu/WBP_MenuESC.WBP_MenuESC_C:CanClose
[2026-08-09 10:29:57.6217892] [RegisterHook] Registered script hook (106, 106) for Function /Game/Pal/Blueprint/UI/InGameMainMenu/WBP_InGameMainMenu.WBP_InGameMainMenu_C:OnCancelAction
[2026-08-09 10:29:57.6219061] [Lua] [PalworldKeymapCenter] hooks click=true close=true canClose=true rootCancel=true
[2026-08-09 10:30:00.9023713] [Lua] [PalworldKeymapCenter] LoadMapPre: abandoned old-world Lua references without touching tearing-down UObjects
[2026-08-09 10:30:00.9033366] [NotifyOnNewObject] Registered notification for /Game/Pal/Blueprint/UI/UserInterface/MainMenu/InventoryEquipment/WBP_InventoryEquipment.WBP_InventoryEquipment_C
[2026-08-09 10:30:00.9033900] [Lua] [Inventory Menu Optimizer] Waiting for the next exact inventory-equipment construction; no recurring lifecycle callback or bytecode change is active.
[2026-08-09 10:30:00.9034395] [Lua] [FullSphereSummon][DISPATCH][EVENT] Deactivating standalone backend (map-load boundary).
[2026-08-09 10:30:00.9034660] [Lua] [FullSphereSummon][ESSENTIAL][2] Cleanup triggered.
[2026-08-09 10:30:03.4593040] [Lua] [BPModLoaderMod] Loading mod: Pal Expedition Station Unlock - No Type - No Time_P
[2026-08-09 10:30:03.4840502] [Lua] [BetterSearch] P132_BOX_IDENTITY_OBSERVED source=new-object; sequence=7; address=1461366432544; path=WBP_BoxPalList_C /Game/Pal/Blueprint/UI/UserInterface/IngameMenu/PalBox/Global/WBP_IngameMenu_PalBoxGlobal.WBP_IngameMenu_PalBoxGlobal_C:WidgetTree.WBP_BoxPalList; valid=true; world=<nil>; owning_player=<nil>; page_control=<nil>; current_page=<nil>; visibility=4; is_visible=false; in_viewport=false; world_epoch=0; search_window_generation=0; scalar_only=true; retained_uobject=false
[2026-08-09 10:30:03.5205410] [Lua] [BPModLoaderMod] ModClass for 'Pal Expedition Station Unlock - No Type - No Time_P' is not valid
ObjectPath: 
PackageName: /Game/Mods/Pal Expedition Station Unlock - No Type - No Time_P/ModActor
AssetName: ModActor_C
[2026-08-09 10:30:03.5206315] [Lua] [BPModLoaderMod] Loading mod: PalScUI
[2026-08-09 10:30:03.5336120] [Lua] [BPModLoaderMod] Executing 'PostBeginPlay' for mod 'ModActor_C /Game/Pal/Maps/Title/PL_Title.PL_Title:PersistentLevel.ModActor_C_2147202358'
[2026-08-09 10:30:03.5337617] [Lua] [BPModLoaderMod] Actor: ModActor_C /Game/Pal/Maps/Title/PL_Title.PL_Title:PersistentLevel.ModActor_C_2147202358
[2026-08-09 10:30:03.5338022] [Lua] [BPModLoaderMod] Loading mod: PalAnalyzer
[2026-08-09 10:30:03.5439455] [Lua] [BPModLoaderMod] Executing 'PostBeginPlay' for mod 'ModActor_C /Game/Pal/Maps/Title/PL_Title.PL_Title:PersistentLevel.ModActor_C_2147201851'
[2026-08-09 10:30:03.5440850] [Lua] [BPModLoaderMod] Actor: ModActor_C /Game/Pal/Maps/Title/PL_Title.PL_Title:PersistentLevel.ModActor_C_2147201851
[2026-08-09 10:30:03.5441249] [Lua] [BPModLoaderMod] Loading mod: FastTravelFromAnywhere
[2026-08-09 10:30:03.5462105] [Lua] [BPModLoaderMod] Actor: ModActor_C /Game/Pal/Maps/Title/PL_Title.PL_Title:PersistentLevel.ModActor_C_2147201849
[2026-08-09 10:30:03.5463190] [Lua] [BPModLoaderMod] Loading mod: BetterSearchBlueprintBeta
[2026-08-09 10:30:03.5509012] [Lua] [BetterSearch] P21_BRIDGE_BP_ACTOR_OBSERVED source=notify-on-new-object; actor=1459863674912; world=1457016310112; class=BlueprintGeneratedClass /Game/Mods/BetterSearchBlueprintBeta/ModActor.ModActor_C; retained=false
[2026-08-09 10:30:03.5511371] [Lua] [BetterSearch] P21_BRIDGE_SURFACE_SCAN actor=1459863674912; world=1457016310112; complete=true; missing=None; scalar_mailbox=true; retained=false
[2026-08-09 10:30:03.5512035] [Lua] [BetterSearch] P22_MANAGER_PRIMARY source=notify-on-new-object; actor=1459863674912; world=1457016310112; primary=1459863674912; role=primary; epoch=1; duplicate_count=0; election_count=1; write_ok=true; write_error=nil; retained=false
[2026-08-09 10:30:03.5513721] [Lua] [BPModLoaderMod] Actor: ModActor_C /Game/Pal/Maps/Title/PL_Title.PL_Title:PersistentLevel.ModActor_C_2147201848
[2026-08-09 10:30:03.5598071] [Lua] [BetterSearch] P21_BRIDGE_PING_ROUNDTRIP_OK actor=1459863674912; world=1457016310112; protocol=1; request_id=1; request_kind=0; world_epoch=1; response_status=1; response=PONG; echo=; write_error=nil; synchronous=true; retained=false
[2026-08-09 10:30:03.6572248] [Lua] [BaseCampNoOverweight] ERROR: local player is not available yet
[2026-08-09 10:30:03.8508637] [Lua] [BetterSearch] P21_BRIDGE_BLUEPRINT_VALIDATION_OK actor=1459863674912; request_id=1; world_epoch=1; attempted=true; success=true; response_id=1; response_world=1; response_status=1; request_state=3; retained=false
